201401010405
201401010801
201501010204
201501020107
201502010406
201502020107
201503010207
201503010507
201505010305
201505040504
201505050405
201505050704
201506020303
201506030104
201506050405
201506050509
201507040605
201508040502
201508040902
201508050105
201508050302
201508050804
201509040605
201509050109
201509050305
201509050604
201509050706
201530050603
201530052804
201530061108
201530062406
201530070805
201530073010
201530082005
201530090206
201530091610
201530100109
201542102904
201542120101
201542121806
201543111301
201543120805
201545111603
201601010110
201601010309
201601020202
201601020308
201601020401
201601020503
201601020607
201601020612
201602010104
201602010506
201602020109
201602020505
201602020605
201602020609
201603020211
201603020406
201603020607
201603030105
201603030304
201604020405
201604020610
201604020705
201604020806
201604021101
201604021111
201604030104
201604030502
201604030605
201605010107
201605010201
201605010302
201605010601
201605020206
201605020303
201605020406
201605020605
201605020611
201605021005
201605030212
201605030611
201605030704
201605040108
201605040212
201605040304
201605040405
201605040605
201605040708
201605040810
201605040812
201605040910
201605050102
201605050105
201605050205
201605050305
201605050309
201605050404
201605050406
201605050505
201605050610
201605050704
201605050706
201605050709
201605050802
201605050804
201605050807
201606010110
201606010206
201606010306
201606010803
201606010805
201606020204
201606020206
201606020401
201606030204
201606030410
201606030602
201606040201
201606040402
201606040501
201606040802
201606040804
201606050104
201606050202
201606050207
201606050301
201606050303
201606050304
201606050307
201606050405
201606050502
201606050508
201606050803
201606050809
201606050902
201607020206
201607020306
201607030109
201607030207
201607030712
201607030801
201607040110
201607040303
201607040603
201608010604
201608010703
201608020207
201608020303
201608020411
201608020506
201608020803
201608030103
201608030306
201608030309
201608030704
201608031010
201608031207
201608040301
201608040305
201608040408
201608040508
201608040601
201608040612
201608040707
201608040708
201608040803
201608040805
201608040901
201608050101
201608050203
201608050305
201608050307
201608050401
201608050505
201608050606
201608050704
201608050708
201609010111
201609010209
201609010707
201609020111
201609020305
201609020403
201609030505
201609040101
201609040207
201609040401
201609040402
201609040608
201609040712
201609040812
201609050201
201609050304
201609050307
201609050312
201609050404
201609050503
201609050505
201609050506
201609050603
201609050703
201609050711
201609050802
201609050901
201609050910
201610010305
201610010310
201610020206
201610020301
201610020305
201610020501
201610021001
201610021205
201630042001
201630050410
201630051907
201630060804
201630061508
201630062807
201630070603
201630070606
201630071903
201630071904
201630072804
201630080207
201630080308
201630081008
201630081607
201630081707
201630082405
201630090105
201630091308
201630091403
201630091503
201630092209
201630092708
201630092905
201630100609
201630101207
201630101309
201630110110
201630110910
201635060403
201635092601
201635100803
201635102301
201635110601
201635110701
201636091201
201636112102
201636120301
201636120401
201636121702
201636122602
201642053106
201642071901
201642081001
201642082501
201642091501
201642091508
201642101901
201642102109
201642112305
201642112401
201642122102
201642122209
201643030707
201643041103
201643050308
201643062208
201643072009
201643092705
201643110710
201643111109
201643120602
201643120608
201644081709
201645110402
201645121201
201650020906
201650030107
201650032306
201650121606
201654050405
201655121308
201701010105
201701010109
201701010112
201701010206
201701010301
201701010309
201701010403
201701010410
201701010502
201701010508
201701010602
201701010603
201701020101
201701020102
201701020112
201701020201
201701020205
201701020301
201701020303
201701020405
201701020409
201701020501
201701020502
201701020504
201701020505
201701020507
201701020602
201701020604
201701020607
201702010107
201702010207
201702010309
201702010606
201702020112
201702020204
201702020208
201702020302
201702020307
201702020408
201702020603
201703010204
201703010503
201703010507
201703020203
201703020211
201703020307
201703020401
201703020404
201703020405
201703020505
201703020506
201703020602
201703020604
201703020606
201703020703
201703020711
201703020806
201703030106
201703030202
201703030204
201703030205
201703030212
201703030303
201703030408
201703030501
201703030505
201703030511
201703030605
201704010304
201704010401
201704010405
201704010408
201704010603
201704010604
201704010605
201704010703
201704010706
201704010804
201704020102
201704020205
201704020212
201704020305
201704020307
201704020310
201704020401
201704020403
201704020406
201704020411
201704020504
201704020505
201704020506
201704020507
201704020606
201704020609
201704020610
201704020705
201704020710
201704020712
201704020801
201704020806
201704020909
201704021001
201704021003
201704021009
201704021011
201704021102
201704021107
201704030102
201704030112
201704030201
201704030205
201704030302
201704030402
201704030407
201704030408
201704030502
201704030504
201704030605
201704030606
201704030610
201705010109
201705010203
201705010211
201705010303
201705010402
201705010405
201705010501
201705010510
201705010603
201705010610
201705010703
201705010705
201705010802
201705010809
201705020109
201705020111
201705020203
201705020312
201705020402
201705020503
201705020509
201705020602
201705020609
201705020610
201705020702
201705020703
201705020810
201705021002
201705021201
201705021202
201705021211
201705030108
201705030110
201705030111
201705030206
201705030210
201705030303
201705030305
201705030402
201705030403
201705030505
201705030507
201705030604
201705030606
201705030609
201705030710
201705030806
201705030812
201705040108
201705040109
201705040110
201705040111
201705040205
201705040209
201705040301
201705040305
201705040402
201705040406
201705040409
201705040504
201705040508
201705040510
201705040604
201705040701
201705040703
201705040705
201705040707
201705040711
201705040802
201705040804
201705040812
201705040901
201705040906
201705040912
201705050101
201705050103
201705050105
201705050109
201705050110
201705050111
201705050112
201705050201
201705050210
201705050309
201705050312
201705050403
201705050404
201705050405
201705050410
201705050502
201705050504
201705050505
201705050506
201705050507
201705050511
201705050603
201705050606
201705050607
201705050608
201705050610
201705050701
201705050703
201705050804
201705050807
201705050809
201705050810
201706010102
201706010106
201706010305
201706010502
201706010503
201706010602
201706010701
201706010703
201706010704
201706020106
201706020202
201706020204
201706020207
201706020305
201706020306
201706020310
201706020403
201706020502
201706020703
201706030105
201706030205
201706030212
201706030307
201706030410
201706030507
201706030511
201706030602
201706030604
201706040101
201706040102
201706040104
201706040202
201706040204
201706040209
201706040401
201706040402
201706040501
201706040606
201706040608
201706040610
201706040701
201706040703
201706040802
201706040804
201706040809
201706040901
201706040905
201706040906
201706050102
201706050104
201706050108
201706050110
201706050202
201706050303
201706050305
201706050306
201706050401
201706050403
201706050406
201706050408
201706050504
201706050509
201706050604
201706050607
201706050608
201706050702
201706050801
201706050804
201706050805
201706050808
201706050809
201706050812
201706050901
201706050907
201706050909
201706050911
201707010112
201707010204
201707010301
201707010310
201707010402
201707010503
201707010510
201707020104
201707020205
201707020210
201707020311
201707020402
201707030105
201707030111
201707030206
201707030209
201707030305
201707030306
201707030307
201707030312
201707030408
201707030411
201707030604
201707030605
201707030701
201707030705
201707030808
201707030810
201707030812
201707040106
201707040109
201707040110
201707040201
201707040203
201707040205
201707040211
201707040301
201707040306
201707040308
201707040312
201707040406
201707040407
201708010101
201708010103
201708010109
201708010203
201708010303
201708010306
201708010501
201708010504
201708010507
201708010602
201708010703
201708020104
201708020203
201708020212
201708020306
201708020308
201708020409
201708020502
201708020503
201708020504
201708020609
201708020805
201708030110
201708030306
201708030410
201708030412
201708030506
201708030606
201708030802
201708031006
201708031010
201708031106
201708031112
201708031204
201708031205
201708031209
201708031211
201708040101
201708040104
201708040201
201708040203
201708040208
201708040301
201708040304
201708040309
201708040310
201708040312
201708040408
201708040409
201708040505
201708040509
201708040510
201708040602
201708040605
201708040607
201708040702
201708040703
201708040704
201708040705
201708040712
201708040801
201708040803
201708040804
201708040805
201708040806
201708040901
201708040907
201708040910
201708050101
201708050102
201708050107
201708050206
201708050211
201708050212
201708050304
201708050306
201708050312
201708050401
201708050402
201708050403
201708050409
201708050503
201708050505
201708050506
201708050507
201708050509
201708050601
201708050602
201708050701
201708050702
201708050704
201708050705
201708050710
201708050711
201708050801
201708050802
201708050803
201708050810
201708050811
201709010105
201709010202
201709010207
201709010210
201709010212
201709010302
201709010407
201709010506
201709010603
201709010605
201709010702
201709010708
201709020203
201709020404
201709020505
201709020606
201709020711
201709020803
201709030203
201709030204
201709030208
201709030212
201709030304
201709030308
201709030407
201709030604
201709030608
201709030610
201709030708
201709030710
201709030712
201709030805
201709040101
201709040105
201709040108
201709040110
201709040201
201709040202
201709040204
201709040205
201709040209
201709040301
201709040307
201709040309
201709040402
201709040403
201709040405
201709040406
201709040506
201709040601
201709040603
201709040604
201709040609
201709040701
201709040702
201709040704
201709040705
201709040809
201709040901
201709040902
201709040909
201709050101
201709050103
201709050104
201709050105
201709050107
201709050109
201709050202
201709050204
201709050205
201709050208
201709050209
201709050303
201709050402
201709050404
201709050405
201709050410
201709050412
201709050501
201709050503
201709050509
201709050601
201709050602
201709050604
201709050611
201709050702
201709050706
201709050803
201709050805
201709050809
201709050811
201709050901
201709050902
201709050903
201709050907
201709050909
201710010204
201710010310
201710010311
201710010601
201710010801
201710010804
201710020111
201710020201
201710020212
201710020302
201710020303
201710020305
201710020310
201710020401
201710020410
201710020502
201710020505
201710020601
201710020605
201710020701
201710020805
201710020812
201710020911
201710021001
201710021005
201710021007
201710021101
201710021103
201710021203
201710021205
201710021207
201710021211
201730041811
201730041905
201730042505
201730050403
201730050406
201730051002
201730052303
201730052308
201730060112
201730060704
201730060707
201730061308
201730062706
201730062712
201730062903
201730071211
201730071306
201730071808
201730072609
201730072706
201730081006
201730082406
201730082407
201730082910
201730090508
201730090709
201730091203
201730091205
201730091305
201730092003
201730092106
201730092110
201730092602
201730092605
201730092706
201730100504
201730100506
201730100511
201730100512
201730101004
201730101101
201730101903
201730101909
201730102403
201730102404
201730102406
201730102511
201730103104
201730103110
201730110206
201730110211
201730110706
201730110803
201730110809
201735052107
201735060401
201735092402
201735101406
201735101601
201735102805
201735110402
201735110411
201736010902
201736032601
201736040807
201736042308
201736091003
201736111804
201736112009
201736112501
201736120205
201736121604
201736121809
201736122302
201736122401
201742022202
201742032801
201742033002
201742042411
201742042602
201742042805
201742081805
201742092105
201742101803
201742112002
201742112005
201742112108
201742112310
201742112404
201742121903
201742122001
201742122207
201742122209
201743011108
201743011210
201743020701
201743020902
201743031501
201743031502
201743031509
201743031605
201743041004
201743050202
201743062310
201743072110
201743080804
201743102311
201743102703
201743120504
201743120709
201743120711
201744030704
201744050805
201744051201
201744052505
201744060502
201744060511
201744062710
201744063003
201744071211
201744071212
201744082801
201744082804
201744091105
201744091204
201744100404
201744100503
201744103002
201744103006
201744103101
201744110104
201744110111
201744111401
201744111503
201744112703
201744112705
201744112809
201744113002
201744122603
201744122609
201744123003
201744123102
201745010202
201745013002
201745051603
201745051709
201745061205
201745061309
201745070509
201745082405
201745090602
201745090703
201745101005
201745101103
201745101204
201745110605
201745110704
201745111007
201745121103
201745121206
201745121311
201745121501
201745121502
201746061802
201746070408
201746071608
201746072303
201746080102
201746080806
201746081503
201746082904
201746091011
201746092611
201746100311
201746100809
201747071306
201748051711
201750050410
201750051810
201750053109
201750061508
201750062308
201750062810
201750071202
201750071208
201750071309
201750072706
201750072707
201750080906
201750080910
201750081608
201750082411
201750083106
201750083108
201750090610
201750091311
201750091406
201750092709
201750092808
201750100406
201750102407
201750102507
201750110906
201750111006
201750111010
201750111609
201750112110
201750112212
201750112312
201750112909
201750121307
201750121309
201750122011
201755071707
201755081609
201755110511
201755111809
201801010101
201801010105
201801010108
201801010110
201801010203
201801010205
201801010206
201801010208
201801010212
201801010301
201801010303
201801010307
201801010312
201801010403
201801010405
201801010502
201801010509
201801010510
201801010605
201801010607
201801010609
201801010610
201801010611
201801010612
201801020101
201801020102
201801020105
201801020201
201801020207
201801020212
201801020303
201801020304
201801020305
201801020308
201801020401
201801020405
201801020408
201801020411
201801020501
201801020502
201801020507
201801020510
201801020511
201801020601
201801020602
201801020604
201801020607
201801020608
201801020609
201801020610
201801020612
201802010105
201802010106
201802010203
201802010205
201802010207
201802010210
201802010301
201802010404
201802010409
201802010501
201802010503
201802010507
201802010604
201802010605
201802010607
201802020103
201802020109
201802020110
201802020203
201802020205
201802020206
201802020208
201802020210
201802020401
201802020405
201802020406
201802020407
201802020408
201802020412
201802020501
201802020503
201802020506
201802020509
201802020604
201802020605
201802020608
201802020609
201802020611
201803010109
201803010203
201803010207
201803010301
201803010303
201803010304
201803010305
201803010309
201803010310
201803010311
201803010401
201803010408
201803010502
201803010503
201803010505
201803010506
201803010509
201803010510
201803010601
201803010605
201803020101
201803020102
201803020105
201803020106
201803020112
201803020202
201803020204
201803020205
201803020206
201803020207
201803020210
201803020211
201803020305
201803020309
201803020312
201803020401
201803020406
201803020407
201803020408
201803020503
201803020504
201803020509
201803020511
201803020512
201803020603
201803020707
201803020709
201803020711
201803020712
201803020801
201803020804
201803020805
201803020810
201803030105
201803030112
201803030201
201803030202
201803030205
201803030210
201803030211
201803030301
201803030302
201803030304
201803030312
201803030409
201803030412
201803030501
201803030502
201803030504
201803030506
201803030511
201803030601
201803030605
201803030606
201803030607
201803030608
201803030611
201804010103
201804010104
201804010105
201804010108
201804010110
201804010205
201804010207
201804010310
201804010312
201804010402
201804010409
201804010412
201804010502
201804010504
201804010505
201804010602
201804010603
201804010608
201804010612
201804010704
201804010706
201804010804
201804010812
201804020103
201804020105
201804020106
201804020107
201804020205
201804020209
201804020211
201804020212
201804020302
201804020304
201804020305
201804020309
201804020401
201804020406
201804020408
201804020412
201804020503
201804020505
201804020510
201804020511
201804020602
201804020606
201804020608
201804020612
201804020701
201804020706
201804020708
201804020711
201804020806
201804020807
201804020811
201804020901
201804020904
201804020905
201804020909
201804020910
201804020911
201804020912
201804021001
201804021002
201804021005
201804021006
201804021007
201804021008
201804021012
201804021102
201804021107
201804021112
201804021203
201804021205
201804021206
201804030102
201804030106
201804030111
201804030112
201804030202
201804030204
201804030205
201804030206
201804030209
201804030212
201804030305
201804030309
201804030311
201804030402
201804030410
201804030412
201804030502
201804030503
201804030505
201804030509
201804030511
201804030512
201804030602
201804030604
201804030608
201804030609
201804030611
201805010101
201805010103
201805010107
201805010108
201805010109
201805010110
201805010203
201805010209
201805010305
201805010307
201805010401
201805010402
201805010404
201805010405
201805010502
201805010503
201805010505
201805010507
201805010510
201805010511
201805010602
201805010604
201805010606
201805010610
201805010611
201805010702
201805010703
201805010706
201805010708
201805010709
201805010710
201805010801
201805010802
201805010803
201805010807
201805010808
201805010809
201805010810
201805010812
201805020106
201805020108
201805020110
201805020204
201805020206
201805020210
201805020303
201805020304
201805020306
201805020309
201805020311
201805020312
201805020401
201805020406
201805020407
201805020410
201805020411
201805020502
201805020508
201805020509
201805020511
201805020605
201805020607
201805020608
201805020610
201805020611
201805020703
201805020705
201805020708
201805020711
201805020712
201805020802
201805020803
201805020805
201805020810
201805020905
201805020906
201805021002
201805021003
201805021005
201805021006
201805021008
201805021010
201805021101
201805021107
201805021111
201805021112
201805021202
201805021203
201805021204
201805021205
201805021207
201805021210
201805021211
201805030103
201805030110
201805030112
201805030201
201805030202
201805030203
201805030204
201805030205
201805030209
201805030302
201805030305
201805030311
201805030403
201805030407
201805030501
201805030505
201805030506
201805030507
201805030509
201805030510
201805030511
201805030512
201805030607
201805030611
201805030701
201805030707
201805030709
201805030711
201805030802
201805030803
201805030805
201805030812
201805040102
201805040103
201805040104
201805040105
201805040106
201805040107
201805040201
201805040202
201805040203
201805040204
201805040205
201805040206
201805040208
201805040209
201805040210
201805040212
201805040303
201805040304
201805040305
201805040311
201805040312
201805040401
201805040402
201805040403
201805040404
201805040408
201805040409
201805040410
201805040412
201805040505
201805040507
201805040510
201805040511
201805040512
201805040603
201805040605
201805040608
201805040609
201805040610
201805040701
201805040702
201805040703
201805040704
201805040705
201805040707
201805040709
201805040711
201805040801
201805040802
201805040803
201805040804
201805040806
201805040807
201805040809
201805040812
201805040902
201805040906
201805040910
201805040912
201805050101
201805050103
201805050104
201805050111
201805050201
201805050202
201805050204
201805050207
201805050209
201805050301
201805050303
201805050305
201805050306
201805050309
201805050310
201805050311
201805050401
201805050402
201805050403
201805050404
201805050406
201805050407
201805050410
201805050411
201805050501
201805050502
201805050503
201805050509
201805050511
201805050601
201805050602
201805050603
201805050604
201805050607
201805050608
201805050611
201805050703
201805050704
201805050705
201805050709
201805050710
201805050803
201805050805
201805050806
201805050807
201805050808
201805050809
201806010101
201806010102
201806010103
201806010109
201806010205
201806010302
201806010303
201806010305
201806010401
201806010407
201806010411
201806010505
201806010506
201806010512
201806010601
201806010607
201806010611
201806010704
201806010706
201806020105
201806020107
201806020202
201806020209
201806020302
201806020304
201806020305
201806020311
201806020401
201806020402
201806020406
201806020502
201806020506
201806020603
201806020604
201806020605
201806020607
201806020608
201806020609
201806020612
201806020702
201806020704
201806020705
201806020712
201806020801
201806020802
201806020804
201806020807
201806020811
201806020812
201806030101
201806030102
201806030103
201806030104
201806030108
201806030203
201806030206
201806030302
201806030303
201806030305
201806030402
201806030403
201806030404
201806030405
201806030406
201806030409
201806030410
201806030506
201806030510
201806030511
201806030602
201806030603
201806030604
201806030606
201806030610
201806030706
201806030710
201806030712
201806030802
201806030803
201806030804
201806030805
201806030807
201806030810
201806030811
201806040101
201806040102
201806040103
201806040105
201806040110
201806040111
201806040203
201806040204
201806040207
201806040208
201806040209
201806040302
201806040303
201806040304
201806040305
201806040308
201806040311
201806040401
201806040402
201806040405
201806040412
201806040504
201806040506
201806040511
201806040601
201806040603
201806040604
201806040605
201806040607
201806040608
201806040610
201806040611
201806040612
201806040701
201806040702
201806040704
201806040705
201806040709
201806040712
201806040801
201806040812
201806040901
201806040902
201806040904
201806040907
201806050102
201806050104
201806050105
201806050106
201806050108
201806050109
201806050110
201806050201
201806050202
201806050203
201806050204
201806050205
201806050206
201806050207
201806050208
201806050209
201806050210
201806050211
201806050302
201806050303
201806050304
201806050306
201806050307
201806050308
201806050311
201806050312
201806050403
201806050404
201806050406
201806050408
201806050502
201806050503
201806050504
201806050509
201806050510
201806050603
201806050604
201806050607
201806050609
201806050702
201806050703
201806050704
201806050706
201806050707
201806050708
201806050709
201806050710
201806050801
201806050802
201806050803
201806050804
201806050805
201806050806
201806050807
201806050808
201806050903
201806050904
201806050908
201806050911
201806050912
201807010101
201807010102
201807010205
201807010210
201807010212
201807010310
201807010401
201807010402
201807010408
201807010411
201807010502
201807010510
201807010602
201807010607
201807020109
201807020111
201807020202
201807020203
201807020205
201807020210
201807020311
201807020402
201807020410
201807020412
201807020502
201807020511
201807020602
201807020608
201807030102
201807030103
201807030105
201807030107
201807030109
201807030112
201807030201
201807030202
201807030203
201807030206
201807030211
201807030301
201807030305
201807030310
201807030312
201807030404
201807030405
201807030408
201807030409
201807030506
201807030507
201807030601
201807030604
201807030606
201807030611
201807030701
201807030703
201807030705
201807030706
201807030708
201807030709
201807030711
201807030807
201807030808
201807030809
201807030810
201807030811
201807040101
201807040103
201807040110
201807040112
201807040203
201807040204
201807040205
201807040208
201807040209
201807040302
201807040304
201807040307
201807040309
201807040403
201807040410
201807040505
201807040506
201807040507
201807040510
201807040511
201807040601
201807040602
201807040605
201807040607
201807040608
201807040611
201808010102
201808010106
201808010201
201808010202
201808010203
201808010205
201808010206
201808010301
201808010303
201808010305
201808010402
201808010404
201808010412
201808010512
201808010602
201808010604
201808010607
201808010610
201808010611
201808010702
201808010705
201808010707
201808010711
201808020101
201808020104
201808020106
201808020110
201808020203
201808020205
201808020302
201808020304
201808020305
201808020307
201808020308
201808020311
201808020312
201808020401
201808020409
201808020502
201808020505
201808020509
201808020602
201808020604
201808020605
201808020702
201808020703
201808020705
201808020707
201808020712
201808020802
201808020806
201808020810
201808030105
201808030106
201808030202
201808030205
201808030206
201808030212
201808030306
201808030310
201808030312
201808030403
201808030406
201808030410
201808030412
201808030501
201808030508
201808030511
201808030602
201808030603
201808030609
201808030610
201808030702
201808030706
201808030709
201808030712
201808030902
201808030905
201808030906
201808030909
201808030911
201808031001
201808031004
201808031008
201808031010
201808031011
201808031101
201808031104
201808031105
201808031106
201808031109
201808031111
201808031112
201808031202
201808031203
201808031205
201808031209
201808031210
201808031211
201808040101
201808040102
201808040104
201808040106
201808040111
201808040112
201808040201
201808040205
201808040208
201808040209
201808040211
201808040301
201808040302
201808040303
201808040304
201808040305
201808040306
201808040307
201808040312
201808040401
201808040403
201808040404
201808040405
201808040406
201808040407
201808040409
201808040411
201808040412
201808040501
201808040502
201808040505
201808040601
201808040602
201808040603
201808040604
201808040605
201808040609
201808040611
201808040702
201808040703
201808040705
201808040711
201808040801
201808040803
201808040804
201808040806
201808040807
201808040809
201808040812
201808040901
201808040903
201808040904
201808040905
201808040907
201808040908
201808040909
201808050101
201808050102
201808050104
201808050105
201808050106
201808050111
201808050112
201808050202
201808050203
201808050205
201808050301
201808050303
201808050306
201808050307
201808050308
201808050309
201808050311
201808050312
201808050403
201808050409
201808050410
201808050412
201808050504
201808050505
201808050507
201808050509
201808050602
201808050603
201808050604
201808050606
201808050608
201808050609
201808050701
201808050702
201808050703
201808050705
201808050706
201808050707
201808050712
201808050801
201808050806
201808050807
201808050810
201808050812
201809010103
201809010105
201809010111
201809010206
201809010208
201809010209
201809010212
201809010305
201809010306
201809010402
201809010407
201809010409
201809010412
201809010501
201809010504
201809010602
201809010605
201809010606
201809010701
201809010710
201809010711
201809010803
201809010806
201809010808
201809020108
201809020205
201809020206
201809020301
201809020304
201809020309
201809020402
201809020404
201809020405
201809020409
201809020502
201809020505
201809020509
201809020512
201809020604
201809020605
201809020702
201809020705
201809020706
201809020707
201809020711
201809020801
201809020802
201809020803
201809020805
201809020811
201809030101
201809030104
201809030105
201809030205
201809030210
201809030302
201809030303
201809030305
201809030306
201809030309
201809030311
201809030312
201809030407
201809030410
201809030412
201809030501
201809030504
201809030505
201809030606
201809030607
201809030609
201809030610
201809030709
201809030804
201809030805
201809030812
201809040101
201809040111
201809040201
201809040207
201809040211
201809040212
201809040306
201809040311
201809040401
201809040404
201809040406
201809040409
201809040505
201809040507
201809040512
201809040601
201809040602
201809040603
201809040606
201809040607
201809040608
201809040609
201809040702
201809040704
201809040706
201809040707
201809040709
201809040712
201809040802
201809040803
201809040805
201809040806
201809040807
201809040808
201809040809
201809040810
201809040811
201809040812
201809040901
201809040902
201809040903
201809040905
201809040910
201809050102
201809050108
201809050109
201809050110
201809050111
201809050112
201809050203
201809050205
201809050209
201809050210
201809050301
201809050303
201809050308
201809050309
201809050311
201809050403
201809050406
201809050407
201809050503
201809050504
201809050506
201809050508
201809050510
201809050601
201809050603
201809050604
201809050605
201809050607
201809050611
201809050701
201809050702
201809050706
201809050708
201809050709
201809050710
201809050711
201809050802
201809050803
201809050804
201809050805
201809050806
201809050808
201809050809
201809050810
201809050811
201809050812
201809050901
201809050902
201809050903
201809050904
201809050907
201809050909
201809050912
201810010109
201810010201
201810010210
201810010301
201810010308
201810010409
201810010508
201810010510
201810010511
201810010601
201810010604
201810010609
201810010701
201810010702
201810010707
201810010712
201810010801
201810010806
201810010810
201810020101
201810020102
201810020104
201810020108
201810020111
201810020112
201810020302
201810020305
201810020312
201810020401
201810020403
201810020405
201810020409
201810020410
201810020411
201810020503
201810020507
201810020509
201810020511
201810020601
201810020602
201810020604
201810020605
201810020606
201810020607
201810020609
201810020707
201810020711
201810020801
201810020804
201810020811
201810020902
201810020903
201810020904
201810020905
201810020906
201810020907
201810020908
201810020911
201810021001
201810021004
201810021005
201810021006
201810021008
201810021101
201810021103
201810021104
201810021105
201810021107
201810021201
201810021204
201810021205
201810021209
201810021210
201830041810
201830042408
201830050306
201830051010
201830051702
201830051706
201830051709
201830052205
201830052302
201830052303
201830052304
201830053103
201830053106
201830053109
201830060603
201830060607
201830060610
201830060704
201830060706
201830060707
201830061207
201830061211
201830061304
201830061307
201830061406
201830062001
201830062002
201830062003
201830062009
201830062104
201830062105
201830062106
201830062602
201830062609
201830062610
201830062809
201830062812
201830070401
201830070403
201830070406
201830070411
201830070501
201830070502
201830070504
201830070505
201830070506
201830071006
201830071007
201830071008
201830071010
201830071201
201830071202
201830071204
201830071711
201830071801
201830071802
201830071806
201830071808
201830071902
201830072401
201830072405
201830072408
201830072409
201830072410
201830072502
201830072506
201830073107
201830073110
201830073111
201830080103
201830080106
201830080701
201830080709
201830080711
201830080802
201830080808
201830080903
201830080904
201830081409
201830081502
201830081505
201830081508
201830081512
201830081603
201830081604
201830081612
201830082101
201830082109
201830082206
201830082210
201830082301
201830082304
201830082307
201830082808
201830082811
201830082901
201830082906
201830083001
201830083002
201830083007
201830090403
201830090408
201830090412
201830090502
201830090601
201830090602
201830090609
201830092508
201830092509
201830092512
201830092601
201830092602
201830092603
201830092606
201830092611
201830092702
201830100209
201830100210
201830100303
201830100401
201830100402
201830100403
201830100411
201830101001
201830101002
201830101006
201830101010
201830101012
201830101102
201830101106
201830101109
201830101610
201830101611
201830101701
201830101704
201830101706
201830101709
201830101802
201830101803
201830101804
201830101805
201830102304
201830102404
201830102407
201830102410
201830102504
201830102505
201830102509
201830103009
201830103011
201830103103
201830103106
201830103108
201830110102
201830110111
201830110604
201830110702
201830110707
201830110710
201830110711
201830110801
201830110802
201830110806
201830111303
201830111304
201830111307
201830111311
201830111401
201830111402
201830111412
201830111502
201830111506
201830111507
201830111511
201830111512
201835042811
201835050504
201835051203
201835051409
201835051911
201835052602
201835052806
201835060405
201835070711
201835070807
201835070808
201835071403
201835071602
201835072110
201835072111
201835072207
201835072806
201835080403
201835080409
201835080506
201835080507
201835080509
201835081207
201835081403
201835091509
201835091511
201835091607
201835091612
201835091707
201835092202
201835092303
201835092402
201835092410
201835092909
201835100101
201835100601
201835100701
201835100801
201835100807
201835101309
201835101412
201835101505
201835101512
201835102112
201835102201
201835102210
201835102808
201835102812
201835102901
201835102906
201835102909
201835102911
201835110301
201835110501
201836010202
201836032202
201836032208
201836040106
201836040210
201836041405
201836041510
201836041511
201836042104
201836060903
201836061008
201836061010
201836062302
201836062407
201836062511
201836063001
201836081903
201836081907
201836081911
201836082508
201836090212
201836090302
201836090901
201836090903
201836091002
201836091010
201836112401
201836112409
201836112511
201836112601
201836112604
201836112610
201836120301
201836120806
201836120807
201836120809
201836120902
201836121003
201836121010
201836121011
201836121601
201836121710
201836122206
201836122305
201836122306
201842010908
201842011001
201842011010
201842011011
201842021301
201842021304
201842021306
201842031907
201842032301
201842042306
201842042406
201842042501
201842042701
201842052806
201842052901
201842053101
201842053107
201842060102
201842062601
201842062701
201842062702
201842062704
201842062708
201842062802
201842071605
201842071612
201842071703
201842071706
201842071707
201842080306
201842080602
201842080604
201842080612
201842080701
201842080704
201842080709
201842090506
201842090512
201842090704
201842090710
201842092401
201842092507
201842092512
201842092603
201842092703
201842092804
201842092810
201842102204
201842102205
201842102301
201842102303
201842102308
201842102401
201842102406
201842102501
201842102506
201842102610
201842111902
201842112001
201842112003
201842112011
201842112105
201842112108
201842122403
201842122404
201842122405
201842122406
201842122410
201842122506
201842122509
201842122601
201843011511
201843011712
201843011904
201843020811
201843020904
201843020909
201843031301
201843031508
201843031511
201843041002
201843041005
201843041009
201843041212
201843050101
201843050105
201843050109
201843050311
201843050411
201843061902
201843062203
201843062209
201843072509
201843072705
201843090201
201843090204
201843090208
201843090404
201843090410
201843100110
201843100208
201843100302
201843100503
201843100509
201843100510
201843110504
201843110602
201843110710
201843110711
201843110803
201843110804
201843110810
201843110811
201843110812
201843110907
201843121003
201843121011
201843121104
201843121105
201843121107
201843121302
201843121306
201844012312
201844012405
201844012510
201844012610
201844022204
201844022211
201844032703
201844032811
201844033003
201844041706
201844041709
201844041806
201844041902
201844050801
201844050905
201844050911
201844051003
201844051005
201844052405
201844052406
201844052407
201844052502
201844052503
201844052505
201844060604
201844060611
201844060612
201844060710
201844060801
201844060803
201844062503
201844062510
201844062611
201844062809
201844062901
201844062903
201844070903
201844070910
201844071010
201844071108
201844071111
201844071205
201844073004
201844073012
201844073101
201844080204
201844081203
201844081210
201844081404
201844081505
201844081510
201844081602
201844081704
201844081710
201844082704
201844082709
201844082803
201844082810
201844083004
201844091809
201844091811
201844091902
201844091903
201844091908
201844091912
201844092004
201844092603
201844100805
201844100902
201844100908
201844100912
201844101012
201844101103
201844101105
201844101204
201844102904
201844102911
201844103003
201844103008
201844110101
201844110102
201844110203
201844110206
201844110212
201844111205
201844111206
201844111209
201844111210
201844111211
201844111212
201844111301
201844111303
201844111401
201844111407
201844111411
201844111501
201844111503
201844111504
201844111505
201844111510
201844111609
201844120301
201844120305
201844120309
201844120310
201844120401
201844120402
201844120403
201844120501
201844120505
201844120508
201844120509
201844120512
201844120703
201844120707
201844120708
201844120711
201844122501
201844122502
201844122503
201844122504
201844122507
201844122511
201844122602
201844122605
201844122606
201844122703
201844122705
201844122706
201844122710
201844122711
201844122901
201844122902
201844123002
201844123101
201844123103
201844123110
201844123112
201845010107
201845010402
201845010501
201845010505
201845012906
201845013001
201845013002
201845020110
201845020205
201845022605
201845022703
201845022709
201845022711
201845022805
201845040203
201845040309
201845040411
201845040607
201845040609
201845051602
201845051610
201845051711
201845051807
201845061209
201845061508
201845061512
201845070210
201845070305
201845070510
201845071910
201845072302
201845082002
201845082107
201845082111
201845082205
201845082301
201845082408
201845082410
201845091002
201845091009
201845091104
201845091201
201845091210
201845091211
201845091401
201845101505
201845101506
201845101510
201845101511
201845101608
201845101701
201845101711
201845101804
201845101903
201845112602
201845112610
201845112706
201845112710
201845112801
201845112802
201845112803
201845112807
201845112809
201845112911
201845113003
201845121701
201845121803
201845121807
201845121811
201845121910
201845121911
201845122009
201845122101
201846032503
201846040309
201846041709
201846042407
201846050609
201846052711
201846061211
201846061212
201846062410
201846070111
201846070810
201846070811
201846072910
201846072911
201846080910
201846080911
201846082112
201846090909
201846091812
201846093009
201846100710
201846100907
201846102110
201846102111
201846102308
201846103009
201846103011
201846110408
201846110606
201846110610
201846111809
201846111810
201846112007
201846112710
201846120209
201846120408
201846121609
201846121802
201846121811
201846122503
201846122705
201847012507
201847012509
201847020709
201847020903
201847022108
201847022202
201847030711
201847032008
201847040409
201847042506
201847051009
201847061309
201847062810
201847071208
201847071209
201847072511
201847080207
201847081309
201847081704
201847081709
201847090702
201847100503
201847101703
201847101810
201847101903
201847101904
201847110506
201847110601
201847110604
201847110609
201847111905
201847112105
201847112301
201847121102
201847121108
201847121206
201847121402
201847121403
201847122604
201847122609
201847123001
201847123010
201847123011
201847123112
201848031306
201848031311
201848041711
201848043011
201848051610
201848060511
201848060610
201848060803
201848071901
201848080904
201848082809
201848083003
201848091108
201848091301
201848092610
201848092611
201848092801
201848101010
201848101105
201848101111
201848102311
201848102505
201848103103
201848111402
201848111403
201848112603
201848112804
201848120602
201848120605
201848120612
201848121012
201848122003
201848122406
201848122411
201850010205
201850011704
201850011710
201850012505
201850013108
201850020706
201850021408
201850022109
201850022211
201850030907
201850030909
201850032109
201850041003
201850041006
201850041709
201850042704
201850050303
201850050310
201850051108
201850051605
201850051609
201850053008
201850060611
201850060704
201850060710
201850061308
201850061402
201850062110
201850062707
201850062708
201850062807
201850062906
201850070501
201850070502
201850071203
201850071204
201850071809
201850071812
201850071911
201850072008
201850072606
201850080205
201850080304
201850080809
201850080908
201850081506
201850081507
201850081610
201850082209
201850082406
201850082912
201850083006
201850083111
201850090606
201850090609
201850090712
201850091007
201850091011
201850091209
201850091311
201850091405
201850092005
201850092007
201850092010
201850092606
201850092609
201850092706
201850092711
201850100408
201850100509
201850101008
201850101012
201850101105
201850101109
201850101706
201850101707
201850101712
201850101806
201850101809
201850101811
201850101909
201850102508
201850103002
201850103005
201850103008
201850103110
201850110109
201850110605
201850110607
201850110609
201850110701
201850110807
201850110808
201850110810
201850111308
201850111309
201850111404
201850111409
201850111411
201850112001
201850112007
201850112106
201850112110
201850112211
201850112303
201850112308
201850112705
201850112712
201850112806
201850112810
201850112811
201850112903
201850120402
201850120406
201850120410
201850120412
201850120507
201850120510
201850120607
201850121206
201850121301
201850121307
201850121309
201850121311
201850121402
201850121405
201850121809
201850121811
201850122002
201850122003
201850122009
201850122609
201850122703
201850122708
201850122711
201850122904
201850123009
201850123012
201850123102
201855071608
201855091112
201901010105
201901010106
201901010109
201901010110
201901010111
201901010112
201901010202
201901010203
201901010206
201901010208
201901010212
201901010301
201901010304
201901010305
201901010306
201901010307
201901010309
201901010312
201901010401
201901010403
201901010406
201901010409
201901010411
201901010501
201901010502
201901010503
201901010505
201901010506
201901010507
201901010508
201901010509
201901010510
201901010512
201901010602
201901010603
201901010604
201901010605
201901010607
201901010608
201901010612
201901020101
201901020102
201901020103
201901020106
201901020107
201901020109
201901020112
201901020201
201901020204
201901020205
201901020206
201901020209
201901020210
201901020302
201901020303
201901020304
201901020306
201901020307
201901020308
201901020309
201901020310
201901020312
201901020402
201901020403
201901020404
201901020405
201901020407
201901020410
201901020411
201901020412
201901020502
201901020503
201901020504
201901020505
201901020506
201901020507
201901020508
201901020509
201901020510
201901020511
201901020601
201901020604
201901020606
201901020607
201901020608
201901020609
201901020610
201901020612
201902010101
201902010103
201902010104
201902010105
201902010109
201902010201
201902010203
201902010204
201902010205
201902010206
201902010208
201902010210
201902010211
201902010301
201902010304
201902010305
201902010306
201902010308
201902010310
201902010311
201902010312
201902010403
201902010404
201902010405
201902010406
201902010410
201902010412
201902010504
201902010505
201902010508
201902010509
201902010511
201902010601
201902010602
201902010603
201902010604
201902010607
201902010608
201902010611
201902020101
201902020102
201902020105
201902020106
201902020109
201902020111
201902020112
201902020201
201902020202
201902020204
201902020206
201902020208
201902020210
201902020301
201902020302
201902020304
201902020306
201902020307
201902020309
201902020312
201902020401
201902020402
201902020404
201902020406
201902020408
201902020410
201902020411
201902020412
201902020501
201902020503
201902020504
201902020506
201902020507
201902020511
201902020512
201902020601
201902020603
201902020604
201902020605
201902020606
201902020607
201902020608
201902020611
201902020612
201903010101
201903010104
201903010105
201903010107
201903010108
201903010109
201903010110
201903010112
201903010202
201903010204
201903010211
201903010301
201903010302
201903010303
201903010306
201903010308
201903010309
201903010310
201903010311
201903010401
201903010402
201903010405
201903010408
201903010411
201903010506
201903010509
201903010512
201903010602
201903010603
201903010606
201903010608
201903020101
201903020102
201903020104
201903020105
201903020106
201903020107
201903020109
201903020110
201903020204
201903020205
201903020206
201903020207
201903020210
201903020211
201903020212
201903020306
201903020307
201903020308
201903020312
201903020401
201903020403
201903020404
201903020405
201903020406
201903020407
201903020408
201903020501
201903020502
201903020503
201903020504
201903020505
201903020506
201903020507
201903020508
201903020509
201903020511
201903020601
201903020603
201903020604
201903020605
201903020606
201903020608
201903020612
201903020702
201903020703
201903020704
201903020705
201903020707
201903020710
201903020711
201903020712
201903020801
201903020803
201903020804
201903020805
201903020808
201903020811
201903030101
201903030105
201903030106
201903030107
201903030110
201903030111
201903030201
201903030202
201903030203
201903030205
201903030206
201903030207
201903030209
201903030212
201903030301
201903030302
201903030303
201903030304
201903030305
201903030307
201903030308
201903030309
201903030310
201903030311
201903030401
201903030403
201903030406
201903030410
201903030412
201903030501
201903030502
201903030503
201903030504
201903030505
201903030507
201903030508
201903030510
201903030512
201903030601
201903030606
201903030607
201903030609
201903030610
201903030611
201904010101
201904010102
201904010105
201904010106
201904010108
201904010109
201904010202
201904010210
201904010302
201904010303
201904010304
201904010305
201904010306
201904010307
201904010310
201904010311
201904010402
201904010403
201904010406
201904010407
201904010408
201904010409
201904010412
201904010501
201904010503
201904010504
201904010505
201904010506
201904010507
201904010511
201904010601
201904010603
201904010606
201904010703
201904010705
201904010706
201904010707
201904010708
201904010710
201904010804
201904010806
201904010807
201904010808
201904010811
201904020102
201904020105
201904020107
201904020110
201904020111
201904020112
201904020202
201904020203
201904020204
201904020205
201904020206
201904020208
201904020210
201904020211
201904020212
201904020303
201904020304
201904020307
201904020308
201904020309
201904020311
201904020401
201904020403
201904020404
201904020405
201904020407
201904020410
201904020411
201904020412
201904020501
201904020503
201904020505
201904020506
201904020507
201904020508
201904020509
201904020510
201904020511
201904020601
201904020602
201904020603
201904020604
201904020605
201904020606
201904020608
201904020702
201904020704
201904020705
201904020706
201904020707
201904020710
201904020712
201904020803
201904020805
201904020806
201904020807
201904020808
201904020809
201904020810
201904020903
201904020905
201904020906
201904020907
201904020908
201904020911
201904020912
201904021001
201904021002
201904021003
201904021005
201904021006
201904021007
201904021008
201904021011
201904021012
201904021101
201904021102
201904021103
201904021104
201904021105
201904021106
201904021107
201904021112
201904021203
201904021205
201904021206
201904030102
201904030110
201904030111
201904030112
201904030201
201904030202
201904030206
201904030207
201904030209
201904030210
201904030302
201904030305
201904030306
201904030307
201904030309
201904030310
201904030311
201904030312
201904030401
201904030402
201904030403
201904030406
201904030408
201904030410
201904030411
201904030412
201904030501
201904030503
201904030505
201904030508
201904030510
201904030512
201904030601
201904030602
201904030603
201904030605
201904030606
201904030609
201904030610
201904030612
201905010102
201905010103
201905010104
201905010105
201905010108
201905010110
201905010112
201905010202
201905010203
201905010205
201905010208
201905010209
201905010302
201905010303
201905010304
201905010307
201905010312
201905010402
201905010404
201905010405
201905010408
201905010501
201905010502
201905010503
201905010504
201905010506
201905010510
201905010512
201905010602
201905010604
201905010605
201905010606
201905010607
201905010608
201905010610
201905010611
201905010612
201905010703
201905010705
201905010708
201905010709
201905010710
201905010801
201905010802
201905010804
201905010805
201905010806
201905010809
201905010812
201905020105
201905020106
201905020110
201905020111
201905020202
201905020203
201905020205
201905020206
201905020210
201905020305
201905020306
201905020310
201905020311
201905020403
201905020404
201905020406
201905020407
201905020408
201905020409
201905020412
201905020502
201905020504
201905020507
201905020509
201905020601
201905020602
201905020607
201905020609
201905020610
201905020611
201905020612
201905020701
201905020702
201905020705
201905020709
201905020711
201905020712
201905020801
201905020806
201905020809
201905020810
201905020812
201905020903
201905020904
201905020905
201905020906
201905020907
201905020910
201905020912
201905021001
201905021002
201905021004
201905021005
201905021006
201905021009
201905021012
201905021106
201905021108
201905021109
201905021111
201905021112
201905021202
201905021205
201905021207
201905021208
201905021209
201905021210
201905021211
201905021212
201905030102
201905030105
201905030106
201905030108
201905030112
201905030201
201905030203
201905030205
201905030206
201905030207
201905030209
201905030210
201905030212
201905030301
201905030302
201905030305
201905030306
201905030307
201905030308
201905030309
201905030310
201905030311
201905030401
201905030405
201905030407
201905030409
201905030410
201905030501
201905030503
201905030505
201905030506
201905030507
201905030508
201905030511
201905030512
201905030601
201905030602
201905030603
201905030604
201905030609
201905030611
201905030612
201905030701
201905030704
201905030705
201905030706
201905030707
201905030708
201905030710
201905030711
201905030712
201905030802
201905030804
201905030805
201905030808
201905030810
201905030811
201905030812
201905040101
201905040102
201905040103
201905040104
201905040105
201905040110
201905040111
201905040201
201905040202
201905040203
201905040204
201905040205
201905040206
201905040207
201905040210
201905040302
201905040303
201905040305
201905040307
201905040309
201905040310
201905040312
201905040402
201905040403
201905040404
201905040405
201905040407
201905040409
201905040410
201905040411
201905040501
201905040502
201905040503
201905040505
201905040509
201905040510
201905040512
201905040601
201905040602
201905040603
201905040604
201905040605
201905040606
201905040607
201905040608
201905040610
201905040611
201905040701
201905040702
201905040703
201905040704
201905040705
201905040707
201905040708
201905040709
201905040711
201905040801
201905040802
201905040804
201905040805
201905040806
201905040807
201905040809
201905040810
201905040812
201905040901
201905040902
201905040903
201905040904
201905040905
201905040908
201905040909
201905040910
201905040912
201905050101
201905050102
201905050103
201905050104
201905050105
201905050106
201905050107
201905050110
201905050111
201905050112
201905050201
201905050202
201905050204
201905050205
201905050206
201905050209
201905050212
201905050301
201905050302
201905050303
201905050304
201905050305
201905050306
201905050308
201905050309
201905050310
201905050311
201905050312
201905050401
201905050402
201905050403
201905050404
201905050406
201905050407
201905050409
201905050411
201905050412
201905050501
201905050502
201905050503
201905050504
201905050506
201905050507
201905050508
201905050509
201905050511
201905050601
201905050602
201905050603
201905050604
201905050605
201905050606
201905050607
201905050610
201905050611
201905050612
201905050702
201905050703
201905050706
201905050707
201905050709
201905050710
201905050711
201905050801
201905050802
201905050803
201905050805
201905050806
201905050807
201905050808
201905050809
201905050810
201906010103
201906010105
201906010106
201906010109
201906010111
201906010202
201906010203
201906010204
201906010205
201906010207
201906010208
201906010210
201906010212
201906010301
201906010302
201906010304
201906010306
201906010309
201906010312
201906010401
201906010406
201906010407
201906010409
201906010410
201906010503
201906010505
201906010507
201906010508
201906010509
201906010510
201906010511
201906010512
201906010601
201906010602
201906010603
201906010605
201906010606
201906010610
201906010611
201906010612
201906010701
201906010702
201906010703
201906010704
201906010705
201906010706
201906010708
201906010710
201906010712
201906020102
201906020104
201906020105
201906020106
201906020109
201906020110
201906020112
201906020203
201906020206
201906020208
201906020209
201906020212
201906020302
201906020303
201906020309
201906020310
201906020311
201906020312
201906020403
201906020404
201906020405
201906020406
201906020408
201906020409
201906020411
201906020412
201906020502
201906020505
201906020506
201906020507
201906020509
201906020510
201906020602
201906020605
201906020607
201906020608
201906020702
201906020705
201906020706
201906020707
201906020710
201906020802
201906020804
201906020808
201906020810
201906020811
201906030102
201906030103
201906030104
201906030105
201906030106
201906030108
201906030112
201906030203
201906030204
201906030205
201906030206
201906030207
201906030208
201906030211
201906030212
201906030301
201906030303
201906030304
201906030305
201906030306
201906030308
201906030309
201906030312
201906030405
201906030406
201906030410
201906030411
201906030503
201906030505
201906030507
201906030508
201906030510
201906030511
201906030512
201906030601
201906030603
201906030604
201906030605
201906030606
201906030610
201906030611
201906030612
201906030701
201906030702
201906030703
201906030707
201906030709
201906030710
201906030711
201906030805
201906030806
201906030807
201906030810
201906030811
201906040101
201906040103
201906040106
201906040109
201906040112
201906040201
201906040203
201906040205
201906040208
201906040209
201906040210
201906040211
201906040301
201906040302
201906040303
201906040304
201906040305
201906040306
201906040307
201906040308
201906040309
201906040310
201906040311
201906040312
201906040401
201906040402
201906040403
201906040404
201906040405
201906040406
201906040407
201906040408
201906040409
201906040411
201906040501
201906040502
201906040503
201906040505
201906040506
201906040507
201906040508
201906040509
201906040510
201906040511
201906040601
201906040602
201906040603
201906040604
201906040605
201906040606
201906040607
201906040608
201906040610
201906040612
201906040701
201906040702
201906040703
201906040704
201906040705
201906040706
201906040707
201906040708
201906040709
201906040710
201906040801
201906040802
201906040803
201906040809
201906040810
201906040901
201906040902
201906040903
201906040904
201906040905
201906040906
201906040907
201906040908
201906040909
201906040910
201906040912
201906050101
201906050103
201906050104
201906050105
201906050106
201906050107
201906050109
201906050110
201906050112
201906050201
201906050202
201906050203
201906050204
201906050205
201906050206
201906050207
201906050208
201906050210
201906050301
201906050304
201906050305
201906050306
201906050308
201906050309
201906050310
201906050311
201906050312
201906050401
201906050402
201906050403
201906050404
201906050407
201906050409
201906050410
201906050411
201906050412
201906050501
201906050503
201906050504
201906050505
201906050506
201906050507
201906050508
201906050509
201906050510
201906050601
201906050602
201906050603
201906050604
201906050605
201906050606
201906050607
201906050610
201906050612
201906050701
201906050703
201906050704
201906050706
201906050707
201906050708
201906050709
201906050712
201906050801
201906050802
201906050803
201906050804
201906050806
201906050807
201906050808
201906050809
201906050810
201906050901
201906050902
201906050903
201906050904
201906050906
201906050907
201906050908
201906050910
201906050911
201906050912
201907010102
201907010103
201907010107
201907010108
201907010109
201907010110
201907010202
201907010205
201907010208
201907010212
201907010302
201907010305
201907010306
201907010308
201907010310
201907010401
201907010403
201907010406
201907010409
201907010410
201907010411
201907010502
201907010504
201907010507
201907010511
201907010601
201907010605
201907010607
201907010608
201907010610
201907010611
201907010612
201907020102
201907020103
201907020104
201907020109
201907020110
201907020111
201907020203
201907020204
201907020205
201907020210
201907020302
201907020306
201907020308
201907020311
201907020312
201907020402
201907020405
201907020406
201907020409
201907020411
201907020503
201907020505
201907020506
201907020507
201907020511
201907020602
201907020603
201907020604
201907020607
201907020608
201907020609
201907020611
201907020612
201907030102
201907030105
201907030107
201907030109
201907030111
201907030204
201907030205
201907030206
201907030208
201907030209
201907030211
201907030212
201907030301
201907030302
201907030303
201907030304
201907030305
201907030306
201907030307
201907030310
201907030404
201907030405
201907030408
201907030411
201907030412
201907030503
201907030505
201907030507
201907030510
201907030512
201907030601
201907030602
201907030603
201907030604
201907030606
201907030608
201907030609
201907030610
201907030611
201907030612
201907030701
201907030703
201907030704
201907030705
201907030706
201907030708
201907030709
201907030711
201907030801
201907030802
201907030803
201907030804
201907030805
201907030810
201907030811
201907030812
201907040101
201907040103
201907040104
201907040105
201907040106
201907040107
201907040110
201907040201
201907040202
201907040203
201907040204
201907040205
201907040206
201907040208
201907040301
201907040302
201907040303
201907040306
201907040307
201907040308
201907040310
201907040311
201907040312
201907040401
201907040402
201907040403
201907040405
201907040407
201907040409
201907040410
201907040412
201907040501
201907040502
201907040505
201907040506
201907040507
201907040508
201907040511
201907040601
201907040603
201907040605
201907040606
201907040607
201907040608
201907040610
201907040611
201908010107
201908010108
201908010109
201908010111
201908010203
201908010204
201908010205
201908010206
201908010209
201908010211
201908010212
201908010302
201908010303
201908010305
201908010306
201908010309
201908010403
201908010404
201908010409
201908010503
201908010505
201908010506
201908010508
201908010510
201908010511
201908010601
201908010602
201908010604
201908010606
201908010607
201908010610
201908010611
201908010612
201908010701
201908010703
201908010704
201908010706
201908010707
201908010710
201908020103
201908020105
201908020112
201908020202
201908020203
201908020204
201908020206
201908020208
201908020209
201908020301
201908020306
201908020308
201908020309
201908020310
201908020311
201908020312
201908020402
201908020403
201908020404
201908020406
201908020407
201908020408
201908020502
201908020503
201908020504
201908020505
201908020506
201908020509
201908020511
201908020512
201908020603
201908020605
201908020606
201908020607
201908020608
201908020610
201908020701
201908020704
201908020705
201908020707
201908020708
201908020712
201908020802
201908020803
201908020804
201908020808
201908030102
201908030103
201908030104
201908030106
201908030107
201908030109
201908030111
201908030112
201908030202
201908030204
201908030205
201908030206
201908030210
201908030212
201908030301
201908030303
201908030304
201908030305
201908030307
201908030310
201908030312
201908030403
201908030405
201908030406
201908030411
201908030412
201908030503
201908030505
201908030506
201908030511
201908030512
201908030602
201908030603
201908030605
201908030606
201908030609
201908030610
201908030611
201908030706
201908030709
201908030710
201908030712
201908030801
201908030802
201908030804
201908030805
201908030808
201908030809
201908030810
201908030811
201908030902
201908030903
201908030905
201908030906
201908030907
201908030910
201908030911
201908031004
201908031005
201908031006
201908031012
201908031103
201908031105
201908031106
201908031107
201908031109
201908031110
201908031111
201908031201
201908031202
201908031204
201908031205
201908031206
201908031207
201908031208
201908031210
201908040101
201908040102
201908040103
201908040104
201908040105
201908040106
201908040108
201908040109
201908040110
201908040112
201908040201
201908040202
201908040203
201908040204
201908040205
201908040208
201908040209
201908040210
201908040212
201908040301
201908040303
201908040305
201908040306
201908040307
201908040308
201908040309
201908040311
201908040312
201908040401
201908040402
201908040403
201908040405
201908040406
201908040407
201908040408
201908040409
201908040412
201908040501
201908040502
201908040503
201908040504
201908040506
201908040507
201908040508
201908040509
201908040512
201908040601
201908040602
201908040603
201908040604
201908040605
201908040606
201908040607
201908040608
201908040609
201908040611
201908040612
201908040702
201908040703
201908040704
201908040705
201908040706
201908040707
201908040708
201908040710
201908040711
201908040712
201908040801
201908040802
201908040803
201908040804
201908040805
201908040806
201908040807
201908040808
201908040809
201908040812
201908040902
201908040903
201908040905
201908040907
201908040908
201908040910
201908050101
201908050102
201908050103
201908050104
201908050106
201908050109
201908050110
201908050112
201908050201
201908050203
201908050204
201908050206
201908050207
201908050208
201908050209
201908050210
201908050211
201908050301
201908050303
201908050304
201908050305
201908050306
201908050307
201908050309
201908050311
201908050312
201908050401
201908050402
201908050403
201908050404
201908050405
201908050407
201908050409
201908050410
201908050412
201908050502
201908050504
201908050505
201908050506
201908050508
201908050509
201908050511
201908050512
201908050601
201908050602
201908050603
201908050604
201908050606
201908050607
201908050608
201908050609
201908050611
201908050612
201908050701
201908050702
201908050703
201908050704
201908050705
201908050707
201908050708
201908050709
201908050710
201908050711
201908050712
201908050801
201908050802
201908050803
201908050804
201908050805
201908050806
201908050811
201908050812
201909010101
201909010102
201909010103
201909010104
201909010105
201909010106
201909010110
201909010111
201909010112
201909010201
201909010203
201909010207
201909010208
201909010209
201909010211
201909010212
201909010302
201909010303
201909010304
201909010306
201909010307
201909010309
201909010402
201909010403
201909010405
201909010406
201909010408
201909010409
201909010411
201909010412
201909010503
201909010505
201909010507
201909010511
201909010603
201909010604
201909010605
201909010606
201909010607
201909010610
201909010611
201909010612
201909010706
201909010708
201909010711
201909010712
201909010802
201909010803
201909010804
201909010806
201909010808
201909020102
201909020103
201909020104
201909020105
201909020106
201909020110
201909020111
201909020112
201909020203
201909020205
201909020206
201909020207
201909020212
201909020301
201909020307
201909020311
201909020312
201909020402
201909020403
201909020404
201909020405
201909020406
201909020407
201909020408
201909020412
201909020502
201909020503
201909020504
201909020505
201909020506
201909020508
201909020510
201909020512
201909020603
201909020604
201909020605
201909020607
201909020608
201909020610
201909020611
201909020612
201909020702
201909020703
201909020705
201909020706
201909020708
201909020711
201909020712
201909020801
201909020802
201909020803
201909020804
201909020805
201909020806
201909020810
201909020811
201909030101
201909030102
201909030105
201909030106
201909030107
201909030112
201909030202
201909030205
201909030206
201909030207
201909030208
201909030210
201909030212
201909030302
201909030303
201909030304
201909030306
201909030308
201909030309
201909030310
201909030311
201909030312
201909030401
201909030402
201909030403
201909030405
201909030406
201909030407
201909030409
201909030410
201909030412
201909030504
201909030505
201909030506
201909030508
201909030512
201909030603
201909030604
201909030605
201909030608
201909030610
201909030701
201909030703
201909030704
201909030706
201909030707
201909030709
201909030802
201909030803
201909030804
201909030805
201909030806
201909030808
201909030809
201909030810
201909030812
201909040101
201909040102
201909040103
201909040104
201909040109
201909040110
201909040111
201909040112
201909040201
201909040202
201909040206
201909040208
201909040210
201909040211
201909040212
201909040301
201909040302
201909040303
201909040305
201909040306
201909040307
201909040310
201909040311
201909040401
201909040402
201909040403
201909040404
201909040405
201909040406
201909040407
201909040408
201909040410
201909040412
201909040501
201909040502
201909040503
201909040504
201909040506
201909040507
201909040509
201909040510
201909040512
201909040602
201909040603
201909040604
201909040605
201909040606
201909040607
201909040609
201909040611
201909040612
201909040701
201909040702
201909040703
201909040705
201909040707
201909040708
201909040710
201909040712
201909040801
201909040803
201909040804
201909040805
201909040807
201909040808
201909040809
201909040810
201909040811
201909040812
201909040901
201909040903
201909040904
201909040905
201909040906
201909040907
201909040908
201909040910
201909040911
201909040912
201909050101
201909050102
201909050103
201909050104
201909050106
201909050107
201909050110
201909050201
201909050202
201909050203
201909050204
201909050205
201909050206
201909050207
201909050211
201909050301
201909050302
201909050303
201909050304
201909050305
201909050306
201909050307
201909050308
201909050309
201909050312
201909050401
201909050402
201909050403
201909050404
201909050405
201909050408
201909050409
201909050410
201909050412
201909050501
201909050502
201909050503
201909050504
201909050505
201909050506
201909050507
201909050508
201909050509
201909050512
201909050601
201909050602
201909050603
201909050604
201909050605
201909050606
201909050607
201909050610
201909050611
201909050612
201909050701
201909050702
201909050703
201909050704
201909050705
201909050706
201909050707
201909050708
201909050710
201909050711
201909050712
201909050801
201909050802
201909050803
201909050804
201909050805
201909050806
201909050807
201909050808
201909050809
201909050811
201909050812
201909050901
201909050902
201909050903
201909050906
201909050907
201909050908
201909050909
201909050911
201909050912
201910010101
201910010102
201910010103
201910010106
201910010110
201910010112
201910010202
201910010203
201910010204
201910010206
201910010210
201910010212
201910010303
201910010304
201910010305
201910010310
201910010312
201910010401
201910010403
201910010404
201910010405
201910010406
201910010411
201910010412
201910010502
201910010504
201910010505
201910010506
201910010507
201910010510
201910010511
201910010512
201910010601
201910010603
201910010604
201910010606
201910010607
201910010610
201910010701
201910010702
201910010704
201910010711
201910010801
201910010803
201910010805
201910010809
201910010812
201910020104
201910020106
201910020109
201910020110
201910020205
201910020206
201910020212
201910020303
201910020304
201910020305
201910020309
201910020311
201910020312
201910020402
201910020405
201910020407
201910020408
201910020409
201910020502
201910020503
201910020505
201910020506
201910020507
201910020509
201910020511
201910020512
201910020601
201910020602
201910020603
201910020605
201910020606
201910020607
201910020608
201910020609
201910020610
201910020702
201910020703
201910020705
201910020706
201910020712
201910020801
201910020802
201910020803
201910020805
201910020806
201910020808
201910020809
201910020902
201910020903
201910020904
201910020906
201910020908
201910021001
201910021002
201910021005
201910021006
201910021007
201910021008
201910021011
201910021102
201910021103
201910021104
201910021105
201910021106
201910021109
201910021111
201910021112
201910021202
201910021203
201910021204
201910021205
201910021206
201910021207
201910021210
201910021211
201910021212
201930041707
201930041708
201930041709
201930041712
201930041801
201930041802
201930041806
201930042304
201930042305
201930042308
201930042402
201930042405
201930050105
201930050107
201930050108
201930050110
201930050201
201930050202
201930050203
201930050204
201930050205
201930050206
201930050803
201930050804
201930050805
201930050806
201930050807
201930050808
201930050901
201930050904
201930050906
201930050912
201930051502
201930051506
201930051509
201930051603
201930051604
201930051605
201930051606
201930052102
201930052103
201930052104
201930052105
201930052107
201930052108
201930052201
201930052202
201930052204
201930052205
201930052207
201930052210
201930052212
201930052903
201930052905
201930052906
201930052907
201930052908
201930052909
201930053006
201930053007
201930053008
201930053011
201930053012
201930060502
201930060503
201930060504
201930060506
201930060507
201930060508
201930060511
201930060601
201930060602
201930060604
201930060605
201930060609
201930060610
201930060612
201930061101
201930061108
201930061109
201930061201
201930061203
201930061204
201930061205
201930061207
201930061208
201930061209
201930061210
201930061211
201930061301
201930061302
201930061306
201930061901
201930061902
201930061904
201930061908
201930061909
201930061912
201930062001
201930062002
201930062003
201930062004
201930062007
201930062011
201930062501
201930062506
201930062508
201930062509
201930062511
201930062601
201930062604
201930062606
201930062607
201930062608
201930062609
201930062611
201930062701
201930062702
201930062703
201930062706
201930062709
201930062710
201930062712
201930070301
201930070302
201930070303
201930070305
201930070306
201930070309
201930070310
201930070401
201930070402
201930070403
201930070404
201930070405
201930070406
201930070410
201930070903
201930070907
201930070909
201930071002
201930071004
201930071006
201930071007
201930071008
201930071010
201930071101
201930071102
201930071103
201930071104
201930071106
201930071107
201930071110
201930071111
201930071602
201930071604
201930071608
201930071609
201930071611
201930071701
201930071702
201930071704
201930071705
201930071707
201930071708
201930071709
201930071710
201930071711
201930071802
201930071803
201930071804
201930071805
201930071806
201930072303
201930072309
201930072312
201930072402
201930072403
201930072406
201930072407
201930072408
201930072412
201930072501
201930072502
201930072505
201930072506
201930072510
201930072512
201930073002
201930073005
201930073006
201930073007
201930073103
201930073104
201930073105
201930073106
201930080102
201930080103
201930080106
201930080107
201930080110
201930080111
201930080112
201930080602
201930080607
201930080609
201930080701
201930080702
201930080703
201930080704
201930080708
201930080712
201930080801
201930080803
201930080806
201930080812
201930081303
201930081305
201930081306
201930081308
201930081311
201930081402
201930081403
201930081405
201930081406
201930081407
201930081409
201930081410
201930081503
201930081506
201930081509
201930081510
201930081512
201930082001
201930082006
201930082009
201930082010
201930082101
201930082103
201930082108
201930082203
201930082207
201930082208
201930082211
201930082702
201930082704
201930082705
201930082706
201930082707
201930082708
201930082710
201930082711
201930082802
201930082803
201930082804
201930082806
201930082807
201930082809
201930082904
201930082905
201930082907
201930082908
201930082912
201930090301
201930090305
201930090308
201930090401
201930090409
201930090501
201930090502
201930090504
201930090507
201930090508
201930090509
201930090511
201930091001
201930091002
201930091003
201930091005
201930091009
201930091101
201930091102
201930091103
201930091107
201930091108
201930091207
201930091208
201930091209
201930091210
201930091211
201930091703
201930091708
201930091711
201930091801
201930091802
201930091805
201930091806
201930091809
201930091810
201930091901
201930091905
201930091907
201930091908
201930091910
201930091912
201930092401
201930092402
201930092405
201930092408
201930092410
201930092411
201930092412
201930092501
201930092502
201930092505
201930092506
201930092508
201930092509
201930092512
201930092603
201930092604
201930092605
201930092606
201930092610
201930092612
201930100106
201930100111
201930100202
201930100203
201930100204
201930100205
201930100207
201930100208
201930100209
201930100210
201930100302
201930100305
201930100306
201930100308
201930100310
201930100312
201930100802
201930100805
201930100806
201930100808
201930100809
201930100810
201930100811
201930100903
201930100904
201930100905
201930100910
201930101004
201930101006
201930101007
201930101011
201930101012
201930101502
201930101504
201930101510
201930101511
201930101602
201930101603
201930101605
201930101607
201930101612
201930101701
201930101704
201930101705
201930101708
201930101710
201930101712
201930102201
201930102202
201930102203
201930102207
201930102302
201930102303
201930102304
201930102305
201930102307
201930102308
201930102311
201930102404
201930102408
201930102409
201930102410
201930102412
201930102901
201930102903
201930102909
201930102911
201930103003
201930103004
201930103006
201930103008
201930103010
201930103011
201930103101
201930103103
201930103105
201930103108
201930103109
201930103111
201930110504
201930110506
201930110508
201930110509
201930110512
201930110601
201930110602
201930110604
201930110605
201930110606
201930110608
201930110610
201930110703
201930110704
201930110708
201930110709
201930110711
201930110712
201935051210
201935051305
201935051308
201935051401
201935052603
201935052608
201935052703
201935052708
201935052712
201935052807
201935060203
201935060207
201935060303
201935070606
201935070607
201935070609
201935070807
201935071301
201935071410
201935071510
201935072008
201935072107
201935072109
201935072209
201935072212
201935072803
201935072805
201935072906
201935080310
201935080406
201935080411
201935080412
201935080509
201935080510
201935081008
201935081109
201935081112
201935081212
201935090102
201935090110
201935090111
201935090203
201935090204
201935090811
201935090904
201935090905
201935091402
201935091404
201935091408
201935091501
201935091507
201935091510
201935091601
201935091608
201935091612
201935092103
201935092202
201935092204
201935092207
201935092302
201935092305
201935092309
201935092311
201935092804
201935092903
201935092906
201935092907
201935093007
201935093009
201935100506
201935100604
201935100605
201935100611
201935100612
201935100702
201935100709
201935101301
201935101302
201935101304
201935101305
201935101310
201935101411
201935102005
201935102101
201935102102
201935102103
201935102110
201935102112
201935102604
201935102608
201935102703
201935102704
201935102802
201935102805
201935102809
201935110201
201935110306
201935110308
201935110312
201935110402
201935110909
201935111004
201935111006
201935111012
201935111101
201935111601
201935111608
201935111708
201935111712
201935111803
201935111810
201936032301
201936032310
201936032311
201936032407
201936032507
201936032509
201936033002
201936033104
201936040609
201936040610
201936040711
201936040804
201936040805
201936040810
201936041307
201936041506
201936042007
201936042107
201936042210
201936042705
201936042710
201936042808
201936050406
201936050407
201936050411
201936050505
201936050507
201936060901
201936060909
201936060911
201936061107
201936061108
201936061111
201936061604
201936061611
201936061706
201936061709
201936062302
201936062308
201936062509
201936062511
201936062512
201936062909
201936063004
201936081710
201936081811
201936081904
201936081912
201936082409
201936082602
201936082608
201936120707
201936120708
201936120804
201936120805
201936120902
201936120909
201936120910
201936120911
201936121501
201936121508
201936121509
201936121601
201936121611
201936121701
201936122207
201936122309
201936122405
201936122407
201936123001
201936123005
201936123103
201936123108
201936123109
201942010701
201942010704
201942010707
201942010808
201942010901
201942010902
201942010911
201942011001
201942011007
201942011008
201942011010
201942011110
201942021101
201942021201
201942021205
201942021207
201942021209
201942021211
201942021301
201942021306
201942021401
201942021402
201942021406
201942021408
201942021410
201942021411
201942021505
201942032502
201942032601
201942032604
201942032605
201942032606
201942032607
201942032701
201942032702
201942032803
201942032807
201942032808
201942032810
201942032811
201942032907
201942032909
201942043001
201942043004
201942043008
201942043009
201942050102
201942050202
201942050204
201942050206
201942050207
201942050211
201942050309
201942052701
201942052702
201942052707
201942052805
201942052907
201942052908
201942053009
201942053010
201942053011
201942053102
201942053105
201942062701
201942062702
201942062707
201942062801
201942062802
201942062804
201942062806
201942070102
201942070107
201942072401
201942072404
201942072405
201942072410
201942072411
201942072502
201942072503
201942072505
201942072506
201942072510
201942072602
201942072605
201942072609
201942072610
201942081602
201942081603
201942081605
201942081901
201942081903
201942081904
201942081905
201942081906
201942081912
201942082002
201942082004
201942082006
201942090901
201942090906
201942090910
201942090911
201942090912
201942091002
201942091006
201942091012
201942091101
201942091102
201942091106
201942091111
201942091201
201942091202
201942091207
201942091211
201942091305
201942091310
201942100701
201942100705
201942100708
201942100712
201942100801
201942100806
201942100808
201942100809
201942100810
201942100812
201942100901
201942100902
201942100907
201942100908
201942100910
201942100911
201942101001
201942101002
201942101004
201942101006
201942101007
201942101008
201942101009
201942101011
201942101104
201942101105
201942110401
201942110402
201942110403
201942110404
201942110411
201942110501
201942110503
201942110504
201942110509
201942110511
201942110601
201942110604
201942110607
201942110703
201942110706
201942110707
201942110709
201942110710
201942110803
201942110804
201942110805
201942110807
201942110810
201942112501
201942112502
201942112505
201942112508
201942112601
201942112603
201942112607
201942112609
201942112701
201942112705
201942112708
201942112709
201942112711
201942112803
201942112804
201942112807
201942112809
201942112810
201942112901
201942112903
201942112905
201942112909
201942122301
201942122302
201942122308
201942122309
201942122310
201942122312
201942122401
201942122402
201942122403
201942122405
201942122410
201942122411
201942122504
201942122506
201943011504
201943011510
201943011512
201943011601
201943011605
201943011611
201943011704
201943011712
201943011805
201943011811
201943021802
201943021804
201943021907
201943021910
201943022001
201943022007
201943022011
201943022105
201943022108
201943022109
201943022204
201943031105
201943031205
201943031210
201943031306
201943031311
201943031405
201943031408
201943031410
201943031502
201943031503
201943031507
201943041503
201943041506
201943041507
201943041510
201943041512
201943041604
201943041610
201943041705
201943041802
201943041806
201943041808
201943041810
201943041811
201943041812
201943041903
201943041909
201943050601
201943050604
201943050612
201943050706
201943050803
201943050809
201943050811
201943050902
201943050911
201943051001
201943051005
201943051008
201943051011
201943061706
201943061708
201943061804
201943061912
201943062003
201943062004
201943062011
201943062104
201943062109
201943062110
201943062111
201943071405
201943071408
201943071410
201943071505
201943071602
201943071607
201943071609
201943071610
201943071611
201943071704
201943071705
201943071712
201943080703
201943080704
201943080705
201943080708
201943080712
201943080804
201943080807
201943080901
201943080904
201943080906
201943080909
201943080910
201943081006
201943081007
201943081009
201943081011
201943082904
201943082905
201943082907
201943083003
201943083005
201943083012
201943083102
201943083104
201943083105
201943083109
201943090205
201943090206
201943090209
201943092307
201943092308
201943092312
201943092401
201943092402
201943092405
201943092412
201943092502
201943092506
201943092508
201943092510
201943092603
201943092705
201943092706
201943092708
201943092710
201943102804
201943102805
201943102901
201943102904
201943102905
201943102906
201943102907
201943102908
201943102909
201943103003
201943103006
201943103008
201943103009
201943103011
201943103012
201943103101
201943103102
201943103105
201943103109
201943103111
201943110101
201943110103
201943110104
201943120902
201943120903
201943120905
201943120906
201943120908
201943120909
201943120910
201943120911
201943121002
201943121003
201943121009
201943121101
201943121102
201943121103
201943121104
201943121106
201943121108
201943121109
201943121110
201943121204
201943121205
201943121206
201943121208
201943121210
201943121211
201943121212
201943121302
201943121303
201943121305
201943121310
201943121311
201944012101
201944012102
201944012202
201944012206
201944012207
201944012209
201944012212
201944012301
201944012302
201944012308
201944012401
201944012405
201944012410
201944012412
201944012501
201944012504
201944012506
201944012509
201944020401
201944020402
201944020405
201944020408
201944020409
201944020411
201944020501
201944020505
201944020506
201944020602
201944020610
201944020702
201944020711
201944020712
201944020801
201944020802
201944020803
201944020810
201944020812
201944030401
201944030405
201944030501
201944030503
201944030610
201944030612
201944030702
201944030703
201944030711
201944030712
201944030801
201944030802
201944030805
201944030810
201944030812
201944031801
201944031802
201944031807
201944031903
201944031909
201944031912
201944032001
201944032011
201944032101
201944032102
201944032103
201944032201
201944032202
201944032206
201944032210
201944032211
201944040802
201944040803
201944040809
201944040903
201944040908
201944040909
201944040911
201944041001
201944041003
201944041009
201944041010
201944041011
201944041102
201944041104
201944041105
201944041107
201944041110
201944041112
201944041201
201944041202
201944041203
201944041207
201944042202
201944042307
201944042308
201944042401
201944042403
201944042410
201944042411
201944042501
201944042502
201944042503
201944042504
201944042506
201944042508
201944042511
201944042512
201944042601
201944042603
201944042604
201944042605
201944052003
201944052004
201944052005
201944052008
201944052012
201944052101
201944052109
201944052110
201944052111
201944052202
201944052212
201944052301
201944052302
201944052304
201944052305
201944052306
201944052309
201944052312
201944052403
201944052407
201944052408
201944060302
201944060306
201944060310
201944060312
201944060401
201944060402
201944060405
201944060408
201944060409
201944060411
201944060503
201944060510
201944060511
201944060602
201944060603
201944060605
201944060701
201944060702
201944060703
201944060710
201944060711
201944062402
201944062408
201944062409
201944062410
201944062412
201944062502
201944062504
201944062509
201944062511
201944062601
201944062602
201944062606
201944062608
201944062701
201944062704
201944062707
201944062712
201944062801
201944062802
201944062805
201944062807
201944062811
201944062812
201944070802
201944070803
201944070806
201944070808
201944070809
201944070811
201944070902
201944070906
201944070907
201944071001
201944071007
201944071011
201944071103
201944071104
201944071105
201944071109
201944071111
201944071112
201944071203
201944071204
201944071207
201944071209
201944072801
201944072803
201944072807
201944072810
201944072812
201944072902
201944072903
201944072909
201944073001
201944073002
201944073003
201944073004
201944073006
201944073008
201944073009
201944073010
201944073102
201944073107
201944073108
201944073109
201944073112
201944080101
201944080102
201944080103
201944080104
201944080109
201944080111
201944081101
201944081102
201944081108
201944081202
201944081204
201944081210
201944081211
201944081301
201944081303
201944081304
201944081309
201944081311
201944081402
201944081404
201944081407
201944081411
201944081503
201944081506
201944081511
201944081601
201944081609
201944082501
201944082504
201944082509
201944082511
201944082602
201944082603
201944082604
201944082607
201944082609
201944082610
201944082702
201944082703
201944082704
201944082705
201944082710
201944082712
201944082802
201944082807
201944082810
201944082811
201944091604
201944091606
201944091610
201944091702
201944091703
201944091704
201944091705
201944091708
201944091709
201944091711
201944091712
201944091801
201944091802
201944091805
201944091809
201944091811
201944091901
201944091902
201944091906
201944091908
201944091912
201944092002
201944092008
201944092011
201944092012
201944093001
201944093006
201944093009
201944093011
201944100101
201944100102
201944100104
201944100107
201944100108
201944100110
201944100112
201944100202
201944100204
201944100210
201944100211
201944100301
201944100302
201944100303
201944100304
201944100401
201944100404
201944100406
201944100409
201944101402
201944101404
201944101406
201944101407
201944101409
201944101411
201944101503
201944101504
201944101506
201944101507
201944101510
201944101511
201944101603
201944101604
201944101605
201944101606
201944101607
201944101609
201944101612
201944101701
201944101702
201944101703
201944101704
201944101706
201944101708
201944101712
201944101802
201944101803
201944101804
201944101805
201944101810
201944101811
201944101812
201944111101
201944111102
201944111103
201944111105
201944111106
201944111108
201944111110
201944111112
201944111202
201944111204
201944111205
201944111206
201944111207
201944111208
201944111211
201944111301
201944111302
201944111310
201944111311
201944111312
201944111401
201944111402
201944111403
201944111405
201944111408
201944111410
201944111412
201944111501
201944111502
201944111503
201944111504
201944111509
201944111510
201944111511
201944111512
201944120204
201944120208
201944120209
201944120210
201944120211
201944120212
201944120303
201944120305
201944120307
201944120309
201944120310
201944120312
201944120401
201944120402
201944120403
201944120404
201944120405
201944120408
201944120409
201944120410
201944120411
201944120501
201944120502
201944120503
201944120504
201944120506
201944120507
201944120510
201944120511
201944120512
201944120601
201944120603
201944120604
201944120607
201944120609
201944120611
201944120612
201944122503
201944122506
201944122508
201944122605
201944122609
201944122610
201944122611
201944122612
201944122701
201944122702
201944122703
201944122708
201944122710
201944122711
201944122712
201944122901
201944122902
201944122904
201944122907
201944122909
201944122910
201944122911
201944122912
201944123001
201944123002
201944123003
201944123006
201944123007
201944123009
201944123101
201944123103
201944123104
201944123105
201944123107
201944123108
201944123110
201944123112
201945010205
201945010302
201945010307
201945010309
201945010311
201945010312
201945010403
201945010405
201945012808
201945012811
201945012907
201945013001
201945013005
201945013007
201945013009
201945013101
201945013103
201945013109
201945013111
201945020103
201945020106
201945022505
201945022506
201945022512
201945022604
201945022606
201945022609
201945022611
201945022704
201945022802
201945030105
201945030107
201945030110
201945040107
201945040108
201945040111
201945040112
201945040201
201945040209
201945040211
201945040308
201945040311
201945040403
201945040502
201945040506
201945040510
201945040511
201945051305
201945051306
201945051407
201945051408
201945051409
201945051504
201945051509
201945051511
201945051512
201945051602
201945051606
201945051611
201945051612
201945051701
201945051703
201945051710
201945061004
201945061006
201945061010
201945061011
201945061110
201945061203
201945061208
201945061209
201945061302
201945061309
201945061311
201945061403
201945061404
201945061407
201945061410
201945070201
201945070203
201945070207
201945070208
201945070312
201945070402
201945070404
201945070409
201945070410
201945070510
201945071803
201945071808
201945071809
201945071810
201945071811
201945071904
201945071905
201945071909
201945071910
201945072204
201945072303
201945072309
201945080203
201945080207
201945080211
201945080503
201945080511
201945080601
201945080606
201945080607
201945082103
201945082110
201945082204
201945082205
201945082209
201945082211
201945082303
201945082309
201945082310
201945082311
201945090301
201945090311
201945090312
201945090401
201945090408
201945090409
201945090411
201945090506
201945090509
201945090607
201945090610
201945090612
201945102002
201945102003
201945102006
201945102007
201945102008
201945102101
201945102107
201945102111
201945102112
201945102208
201945102211
201945102305
201945102308
201945102402
201945102405
201945102409
201945102410
201945102411
201945102503
201945102504
201945102506
201945102509
201945111701
201945111702
201945111703
201945111705
201945111708
201945111801
201945111808
201945111809
201945111810
201945111904
201945111905
201945111910
201945111911
201945112001
201945112002
201945112004
201945112005
201945112007
201945112012
201945112103
201945112104
201945112111
201945112205
201945112206
201945112208
201945112209
201945112210
201945112212
201945121601
201945121602
201945121603
201945121605
201945121701
201945121703
201945121710
201945121712
201945121802
201945121803
201945121805
201945121806
201945121807
201945121811
201945121812
201945121902
201945121903
201945121906
201945121908
201945121909
201945121912
201945122001
201945122002
201945122007
201945122010
201945122012
201946031710
201946032611
201946040205
201946040206
201946040208
201946040209
201946040904
201946040908
201946041608
201946042105
201946042108
201946042301
201946043007
201946050501
201946050508
201946051407
201946052101
201946052104
201946052808
201946060404
201946060407
201946060409
201946061102
201946061106
201946061605
201946061806
201946061809
201946062501
201946062508
201946063001
201946063002
201946063008
201946063009
201946070206
201946070209
201946070704
201946070902
201946071402
201946071405
201946071603
201946071605
201946071609
201946072803
201946072804
201946072808
201946072809
201946073006
201946073009
201946080602
201946080606
201946081204
201946081205
201946081207
201946081209
201946081302
201946081306
201946081801
201946081809
201946082506
201946082508
201946082511
201946082704
201946082707
201946082709
201946090110
201946090304
201946090804
201946090807
201946090811
201946091008
201946091009
201946091509
201946091706
201946091712
201946092404
201946092408
201946092503
201946092511
201946092903
201946092906
201946092911
201946100105
201946100107
201946100111
201946100807
201946100809
201946100907
201946100911
201946101404
201946101502
201946101506
201946101510
201946101511
201946102010
201946102204
201946102701
201946102709
201946102903
201946102905
201946102908
201946110309
201946110509
201946111008
201946111010
201946111103
201946111104
201946111107
201946111108
201946111209
201946111810
201946111905
201946112408
201946112410
201946112603
201946112604
201946120108
201946120109
201946120302
201946120306
201946120809
201946120904
201946121001
201946121003
201946121005
201946121006
201946121708
201946121710
201946121802
201946121805
201946121807
201946122409
201946122702
201946122704
201946122709
201947010804
201947010810
201947011002
201947011005
201947012207
201947012209
201947012302
201947020403
201947020508
201947020608
201947020807
201947020810
201947021905
201947021910
201947022007
201947022102
201947022205
201947030601
201947030610
201947030808
201947032002
201947032004
201947032007
201947032211
201947040202
201947040209
201947040305
201947040406
201947040408
201947042302
201947042309
201947042401
201947042405
201947042509
201947042609
201947050703
201947050710
201947050802
201947050906
201947051001
201947051009
201947052101
201947052109
201947052208
201947052308
201947052310
201947052401
201947052402
201947052408
201947060402
201947060410
201947060503
201947060509
201947060608
201947060703
201947060711
201947061802
201947061808
201947061905
201947061908
201947061909
201947062003
201947070303
201947070307
201947070312
201947070401
201947070411
201947070508
201947070510
201947071701
201947071709
201947071710
201947071803
201947071809
201947071910
201947071911
201947081202
201947081310
201947081403
201947081406
201947081407
201947081411
201947081501
201947081507
201947081508
201947082807
201947082901
201947082911
201947083001
201947083009
201947083012
201947091102
201947091109
201947091202
201947091206
201947091211
201947091312
201947092302
201947092304
201947092306
201947092501
201947092601
201947092604
201947092607
201947092609
201947092611
201947092708
201947092709
201947092710
201947100802
201947100806
201947100809
201947100904
201947101003
201947101010
201947101011
201947101103
201947101106
201947101110
201947101111
201947102201
201947102205
201947102208
201947102404
201947102405
201947102409
201947102411
201947102501
201947102504
201947102508
201947102509
201947110505
201947110507
201947110508
201947110509
201947110510
201947110602
201947110701
201947110702
201947110704
201947110709
201947110710
201947110803
201947110806
201947111806
201947111807
201947111808
201947111810
201947111907
201947112002
201947112003
201947112005
201947112105
201947112108
201947112109
201947112201
201947112202
201947112205
201947112207
201947112210
201947120205
201947120206
201947120401
201947120402
201947120410
201947120502
201947120506
201947120509
201947120510
201947120602
201947120606
201947122704
201947122705
201947122710
201947122901
201947122910
201947122912
201947123001
201947123002
201947123008
201947123010
201947123011
201947123102
201947123105
201948010204
201948010211
201948010303
201948011512
201948011611
201948011704
201948011804
201948013003
201948013112
201948021404
201948021504
201948022802
201948031303
201948031403
201948031411
201948031504
201948032506
201948032701
201948032702
201948032905
201948040909
201948041003
201948041012
201948041103
201948041701
201948041802
201948041803
201948050212
201948050301
201948050302
201948050308
201948051512
201948051602
201948051712
201948052904
201948052905
201948053002
201948061105
201948061202
201948061211
201948062803
201948062804
201948071104
201948071110
201948071111
201948071503
201948072410
201948072504
201948072602
201948072605
201948080801
201948080805
201948080806
201948082003
201948082007
201948082009
201948082109
201948082203
201948082302
201948090308
201948090309
201948090401
201948090402
201948090403
201948090509
201948090601
201948090611
201948091707
201948091709
201948091710
201948091801
201948091802
201948092001
201948092003
201948092006
201948100106
201948100107
201948100109
201948100112
201948100201
201948100206
201948100210
201948100301
201948100304
201948100401
201948100405
201948101505
201948101507
201948101509
201948101601
201948101612
201948101704
201948101709
201948101711
201948101802
201948101805
201948102904
201948102905
201948102907
201948103004
201948103007
201948103009
201948103010
201948103106
201948103107
201948110104
201948111302
201948111303
201948111305
201948111306
201948111309
201948111310
201948111412
201948111503
201948111504
201948111508
201948112601
201948112603
201948112702
201948112703
201948112708
201948112710
201948112712
201948112804
201948112805
201948112809
201948112902
201948112908
201948112910
201948121001
201948121007
201948121010
201948121102
201948121103
201948121104
201948121107
201948121201
201948121206
201948121209
201948121305
201948121308
201948121309
201948121801
201948121811
201948121901
201948121905
201948121907
201948121911
201948121912
201948122005
201948122008
201948122306
201950010204
201950010302
201950010309
201950010310
201950010312
201950010403
201950010406
201950010410
201950010901
201950010905
201950011002
201950011507
201950011510
201950011512
201950011604
201950011607
201950011608
201950011611
201950011711
201950012209
201950012210
201950012304
201950012402
201950012407
201950012909
201950013003
201950013007
201950020104
201950020105
201950020111
201950020501
201950020505
201950020508
201950020602
201950020701
201950020709
201950021106
201950021111
201950021208
201950021209
201950021303
201950021412
201950021904
201950021905
201950021906
201950021907
201950021909
201950022003
201950022607
201950022611
201950022702
201950022709
201950022811
201950030105
201950030109
201950030502
201950030503
201950030603
201950030604
201950030609
201950030712
201950031205
201950031206
201950031312
201950031902
201950031908
201950031911
201950032002
201950032010
201950032102
201950032108
201950032112
201950032602
201950032610
201950032702
201950032703
201950032705
201950032706
201950032707
201950032809
201950032810
201950032812
201950040303
201950040404
201950040411
201950040911
201950040912
201950041002
201950041007
201950041008
201950041108
201950041109
201950041603
201950041609
201950041705
201950041706
201950041709
201950041710
201950041805
201950042310
201950042410
201950042412
201950042502
201950042503
201950042510
201950043004
201950043007
201950043012
201950050102
201950050206
201950050312
201950050803
201950050809
201950050902
201950050905
201950050907
201950050909
201950050911
201950051004
201950051008
201950051009
201950051010
201950051605
201950051612
201950051702
201950051712
201950052210
201950052211
201950052302
201950052307
201950052404
201950052902
201950052905
201950052906
201950052909
201950052910
201950052911
201950053003
201950053009
201950053105
201950060501
201950060504
201950060507
201950060509
201950060607
201950060701
201950061207
201950061209
201950061212
201950061310
201950061407
201950061410
201950061909
201950062001
201950062002
201950062006
201950062007
201950062012
201950062103
201950062604
201950062605
201950062610
201950062612
201950062712
201950062802
201950062810
201950070305
201950070312
201950070403
201950070408
201950070409
201950070411
201950070504
201950070505
201950070510
201950071007
201950071011
201950071104
201950071106
201950071107
201950071109
201950071209
201950071703
201950071705
201950071706
201950071710
201950071712
201950071808
201950071906
201950072404
201950072410
201950072507
201950072509
201950072601
201950072604
201950072606
201950072609
201950072612
201950073102
201950073103
201950073105
201950073107
201950073109
201950073110
201950080203
201950080204
201950080703
201950080709
201950080710
201950080801
201950080810
201950080811
201950080906
201950080907
201950080909
201950080910
201950080911
201950081401
201950081402
201950081502
201950081506
201950081509
201950081608
201950081609
201950082102
201950082105
201950082107
201950082108
201950082112
201950082206
201950082212
201950082307
201950082801
201950082809
201950082810
201950082901
201950082905
201950082910
201950083002
201950083007
201950083010
201950083011
201950090401
201950090403
201950090406
201950090410
201950090505
201950090507
201950090508
201950090510
201950090604
201950090609
201950090612
201950091111
201950091205
201950091206
201950091210
201950091211
201950091309
201950091804
201950091805
201950091807
201950091812
201950091904
201950091906
201950091908
201950091909
201950091911
201950092001
201950092008
201950092011
201950092012
201950092507
201950092508
201950092511
201950092606
201950092607
201950092611
201950092702
201950092704
201950092712
201950100203
201950100206
201950100208
201950100212
201950100302
201950100306
201950100307
201950100308
201950100310
201950100312
201950100407
201950100409
201950100411
201950100412
201950100901
201950100904
201950100911
201950100912
201950101001
201950101005
201950101007
201950101008
201950101012
201950101104
201950101107
201950101108
201950101109
201950101111
201950101603
201950101606
201950101608
201950101611
201950101703
201950101708
201950101711
201950101804
201950101807
201950101809
201950101811
201950102309
201950102311
201950102405
201950102406
201950102407
201950102412
201950102501
201950102502
201950102509
201950102511
201950103004
201950103011
201950103012
201950103102
201950103103
201950103105
201950103108
201950103112
201950110102
201950110106
201950110107
201950110108
201950110109
201950110608
201950110609
201950110611
201950110705
201950110706
201950110708
201950110803
201950110805
201950110810
201950110812
201950111202
201950111204
201950111208
201950111303
201950111308
201950111309
201950111311
201950111312
201950111405
201950111407
201950111408
201950111409
201950111410
201950111411
201950111903
201950111907
201950111909
201950111910
201950112003
201950112004
201950112009
201950112010
201950112011
201950112101
201950112108
201950112110
201950112601
201950112608
201950112609
201950112610
201950112612
201950112701
201950112708
201950112710
201950112806
201950112809
201950112812
201950120303
201950120304
201950120307
201950120309
201950120310
201950120311
201950120312
201950120402
201950120404
201950120406
201950120407
201950120408
201950120411
201950120412
201950120502
201950120503
201950120504
201950120506
201950120507
201950120509
201950120512
201950121009
201950121010
201950121101
201950121108
201950121111
201950121204
201950121206
201950121208
201950121209
201950121210
201950121306
201950121308
201950121310
201950121311
201950121704
201950121706
201950121707
201950121708
201950121710
201950121802
201950121805
201950121806
201950121808
201950121810
201950121811
201950121905
201950121906
201950121908
201950121909
201950122506
201950122507
201950122509
201950122511
201950122601
201950122607
201950122609
201950122610
201950122611
201950122702
201950122703
201950122705
201950122708
201950122711
201950122908
201950122909
201950122910
201950123004
201950123007
201950123012
201950123103
201950123105
201950123107
201950123108
201950123109
201950123110
201950123111
201954010903
201954011604
201954013004
201954021303
201954022003
201954030506
201954032710
201954041402
201954042808
201954042910
201954051104
201954052605
201954060901
201954060904
201954061611
201954062202
201954062301
201954063011
201954070601
201954071511
201954072101
201954072102
201954072811
201954080306
201954081808
201954082409
201954082502
201954082510
201954083106
201954090709
201954090806
201954090811
201954091508
201954091607
201954091610
201954092208
201954092301
201954092311
201954100503
201954100507
201954100512
201954101205
201954101301
201954101909
201954101911
201954102005
201954102701
201954102707
201954102710
201954110306
201954110310
201954110311
201954110911
201954111002
201954111010
201954111610
201954111611
201954112311
201954112407
201954112411
201954113002
201954113009
201954113010
201954120106
201954120703
201954120707
201954120710
201954120806
201954120809
201954121411
201954121504
201954121507
201954122104
201954122110
201954122807
201954122811
201954122911
201954123107
201954123110
201955010210
201955011412
201955020310
201955021711
201955030906
201955032411
201955040710
201955042009
201955042803
201955050510
201955051201
201955052612
201955060802
201955061611
201955063011
201955071309
201955071503
201955072707
201955073011
201955081111
201955081408
201955081409
201955090112
201955090709
201955092211
201955092808
201955101301
201955101407
201955101910
201955102708
201955110207
201955112306
201955112312
201955112406
201955120710
201955120712
201955121511
202001010102
202001010103
202001010104
202001010105
202001010106
202001010107
202001010108
202001010109
202001010110
202001010111
202001010201
202001010202
202001010203
202001010204
202001010205
202001010206
202001010208
202001010209
202001010211
202001010212
202001010301
202001010302
202001010303
202001010304
202001010306
202001010308
202001010309
202001010310
202001010311
202001010312
202001010401
202001010402
202001010403
202001010404
202001010405
202001010406
202001010407
202001010408
202001010409
202001010412
202001010501
202001010502
202001010503
202001010504
202001010505
202001010506
202001010508
202001010510
202001010511
202001010601
202001010602
202001010603
202001010604
202001010605
202001010606
202001010607
202001010608
202001010611
202001010612
202001020101
202001020102
202001020103
202001020104
202001020105
202001020107
202001020108
202001020109
202001020110
202001020111
202001020112
202001020201
202001020202
202001020203
202001020204
202001020205
202001020206
202001020207
202001020208
202001020209
202001020210
202001020212
202001020301
202001020302
202001020303
202001020304
202001020306
202001020307
202001020308
202001020310
202001020311
202001020312
202001020401
202001020402
202001020403
202001020404
202001020405
202001020406
202001020407
202001020409
202001020410
202001020501
202001020502
202001020503
202001020504
202001020505
202001020507
202001020509
202001020510
202001020511
202001020512
202001020601
202001020602
202001020604
202001020605
202001020606
202001020607
202001020608
202001020609
202001020610
202001020611
202001020612
202001020701
202001020702
202001020703
202001020704
202001020705
202001020706
202001020707
202001020708
202001020709
202001020710
202001020711
202001020712
202001020801
202001020802
202001020803
202001020804
202001020805
202001020806
202001020808
202001020809
202001020810
202001020811
202001020812
202002010101
202002010102
202002010103
202002010104
202002010105
202002010106
202002010107
202002010108
202002010109
202002010110
202002010112
202002010202
202002010203
202002010204
202002010205
202002010206
202002010207
202002010208
202002010209
202002010211
202002010212
202002010301
202002010303
202002010305
202002010306
202002010307
202002010309
202002010311
202002010312
202002010401
202002010402
202002010403
202002010405
202002010406
202002010408
202002010409
202002010410
202002010411
202002010412
202002010501
202002010502
202002010503
202002010505
202002010506
202002010507
202002010508
202002010509
202002010510
202002010512
202002010601
202002010602
202002010603
202002010604
202002010606
202002010607
202002010608
202002010609
202002010610
202002010611
202002010612
202002020101
202002020103
202002020104
202002020105
202002020106
202002020108
202002020109
202002020110
202002020111
202002020201
202002020203
202002020204
202002020205
202002020206
202002020207
202002020209
202002020210
202002020301
202002020303
202002020304
202002020305
202002020306
202002020307
202002020309
202002020310
202002020311
202002020312
202002020401
202002020402
202002020403
202002020406
202002020407
202002020408
202002020409
202002020410
202002020411
202002020412
202002020501
202002020502
202002020503
202002020505
202002020507
202002020509
202002020510
202002020511
202002020601
202002020603
202002020604
202002020606
202002020608
202002020610
202002020611
202002020612
202003010101
202003010102
202003010103
202003010105
202003010106
202003010107
202003010109
202003010110
202003010111
202003010202
202003010203
202003010205
202003010208
202003010209
202003010210
202003010211
202003010301
202003010302
202003010303
202003010306
202003010308
202003010309
202003010310
202003010311
202003010312
202003010401
202003010402
202003010406
202003010408
202003010409
202003010411
202003010501
202003010502
202003010503
202003010506
202003010508
202003010509
202003010512
202003010601
202003010602
202003010603
202003010604
202003010605
202003010606
202003010607
202003010608
202003010609
202003010611
202003010702
202003010705
202003010706
202003010707
202003010708
202003010709
202003010710
202003010711
202003010712
202003010801
202003010802
202003010803
202003010805
202003010806
202003010808
202003010809
202003010810
202003010811
202003020102
202003020103
202003020106
202003020107
202003020108
202003020109
202003020111
202003020112
202003020201
202003020202
202003020203
202003020204
202003020205
202003020206
202003020207
202003020208
202003020211
202003020301
202003020303
202003020304
202003020305
202003020306
202003020308
202003020310
202003020311
202003020312
202003020402
202003020403
202003020404
202003020405
202003020406
202003020407
202003020409
202003020410
202003020411
202003020502
202003020503
202003020504
202003020505
202003020506
202003020507
202003020508
202003020509
202003020510
202003020511
202003020512
202003020601
202003020602
202003020603
202003020604
202003020605
202003020606
202003020607
202003020608
202003020609
202003020610
202003020611
202003020612
202003030101
202003030102
202003030103
202003030106
202003030107
202003030108
202003030109
202003030110
202003030201
202003030202
202003030205
202003030206
202003030207
202003030208
202003030209
202003030210
202003030211
202003030212
202003030302
202003030303
202003030305
202003030306
202003030307
202003030308
202003030309
202003030310
202003030311
202003030401
202003030402
202003030403
202003030405
202003030406
202003030408
202003030410
202003030411
202003030412
202003030501
202003030502
202003030503
202003030504
202003030505
202003030506
202003030507
202003030508
202003030509
202003030510
202003030511
202003030512
202003030601
202003030602
202003030603
202003030604
202003030605
202003030606
202003030607
202003030608
202003030609
202003030610
202003030611
202003030612
202004010101
202004010102
202004010103
202004010104
202004010105
202004010106
202004010107
202004010108
202004010109
202004010110
202004010201
202004010202
202004010203
202004010204
202004010205
202004010206
202004010207
202004010209
202004010210
202004010301
202004010302
202004010304
202004010305
202004010306
202004010307
202004010308
202004010310
202004010401
202004010402
202004010403
202004010404
202004010406
202004010407
202004010408
202004010409
202004010411
202004010501
202004010503
202004010504
202004010505
202004010506
202004010507
202004010508
202004010509
202004010510
202004010512
202004010601
202004010602
202004010603
202004010604
202004010605
202004010606
202004010607
202004010608
202004010609
202004010610
202004010612
202004020101
202004020102
202004020103
202004020104
202004020105
202004020106
202004020107
202004020108
202004020109
202004020110
202004020111
202004020112
202004020201
202004020202
202004020203
202004020204
202004020205
202004020206
202004020207
202004020208
202004020210
202004020212
202004020301
202004020302
202004020303
202004020304
202004020305
202004020306
202004020307
202004020308
202004020309
202004020311
202004020312
202004020401
202004020402
202004020403
202004020404
202004020405
202004020406
202004020408
202004020409
202004020410
202004020412
202004020501
202004020502
202004020504
202004020505
202004020506
202004020507
202004020509
202004020510
202004020511
202004020512
202004020601
202004020602
202004020603
202004020604
202004020605
202004020606
202004020607
202004020608
202004020609
202004020610
202004020611
202004020612
202004030101
202004030103
202004030104
202004030105
202004030106
202004030107
202004030108
202004030109
202004030111
202004030112
202004030202
202004030203
202004030204
202004030205
202004030207
202004030208
202004030209
202004030211
202004030212
202004030301
202004030302
202004030303
202004030304
202004030305
202004030306
202004030307
202004030308
202004030309
202004030311
202004030312
202004030402
202004030403
202004030404
202004030405
202004030406
202004030407
202004030408
202004030409
202004030410
202004030411
202004030412
202004030501
202004030502
202004030503
202004030504
202004030505
202004030508
202004030509
202004030510
202004030511
202004030512
202004030601
202004030603
202004030604
202004030605
202004030606
202004030607
202004030608
202004030609
202004030610
202004030611
202004030612
202004030701
202004030702
202004030703
202004030704
202004030705
202004030706
202004030707
202004030708
202004030709
202004030710
202004030711
202004030801
202004030802
202004030803
202004030804
202004030805
202004030806
202004030807
202004030808
202004030810
202004030811
202004030812
202004040101
202004040102
202004040106
202004040107
202004040108
202004040109
202004040110
202004040112
202004040201
202004040202
202004040203
202004040204
202004040205
202004040206
202004040207
202004040208
202004040209
202004040210
202004040211
202004040212
202004040301
202004040302
202004040303
202004040304
202004040305
202004040306
202004040307
202004040308
202004040309
202004040310
202004040312
202004040401
202004040402
202004040403
202004040405
202004040406
202004040408
202004040409
202004040410
202004040412
202004040501
202004040502
202004040503
202004040505
202004040506
202004040507
202004040508
202004040509
202004040510
202004040512
202004040601
202004040603
202004040604
202004040605
202004040606
202004040607
202004040608
202004040609
202004040610
202004040611
202004040612
202005010101
202005010102
202005010103
202005010104
202005010105
202005010107
202005010108
202005010109
202005010110
202005010111
202005010112
202005010201
202005010202
202005010203
202005010204
202005010205
202005010206
202005010207
202005010208
202005010209
202005010211
202005010212
202005010301
202005010302
202005010303
202005010304
202005010305
202005010306
202005010307
202005010309
202005010312
202005010401
202005010402
202005010403
202005010405
202005010407
202005010408
202005010409
202005010410
202005010411
202005010412
202005010501
202005010502
202005010503
202005010504
202005010505
202005010510
202005010602
202005010603
202005010604
202005010606
202005010607
202005010608
202005010609
202005010610
202005010611
202005010612
202005010702
202005010703
202005010704
202005010705
202005010706
202005010707
202005010708
202005010709
202005010710
202005010712
202005010801
202005010803
202005010804
202005010805
202005010807
202005010808
202005010809
202005010811
202005010812
202005020101
202005020102
202005020103
202005020104
202005020105
202005020106
202005020107
202005020109
202005020111
202005020112
202005020201
202005020202
202005020203
202005020204
202005020205
202005020206
202005020207
202005020208
202005020210
202005020301
202005020302
202005020303
202005020304
202005020305
202005020306
202005020307
202005020310
202005020311
202005020312
202005020402
202005020403
202005020405
202005020406
202005020407
202005020409
202005020410
202005020411
202005020412
202005020502
202005020504
202005020505
202005020506
202005020507
202005020508
202005020509
202005020511
202005020512
202005020601
202005020603
202005020604
202005020605
202005020606
202005020607
202005020609
202005020610
202005020611
202005020612
202005020701
202005020702
202005020703
202005020708
202005020709
202005020710
202005020712
202005020801
202005020802
202005020803
202005020804
202005020805
202005020810
202005020902
202005020903
202005020904
202005020906
202005020907
202005020908
202005020910
202005020911
202005021002
202005021003
202005021004
202005021005
202005021006
202005021007
202005021009
202005021010
202005021012
202005021101
202005021102
202005021104
202005021105
202005021106
202005021107
202005021108
202005021110
202005021111
202005021112
202005021201
202005021202
202005021203
202005021204
202005021205
202005021206
202005021207
202005021208
202005021209
202005021210
202005021211
202005021212
202005030101
202005030102
202005030103
202005030104
202005030105
202005030106
202005030107
202005030108
202005030109
202005030110
202005030111
202005030112
202005030201
202005030203
202005030204
202005030205
202005030206
202005030207
202005030208
202005030209
202005030210
202005030212
202005030301
202005030302
202005030303
202005030304
202005030305
202005030306
202005030308
202005030309
202005030310
202005030311
202005030312
202005030402
202005030403
202005030404
202005030405
202005030406
202005030407
202005030409
202005030411
202005030412
202005030501
202005030502
202005030503
202005030504
202005030505
202005030507
202005030508
202005030509
202005030510
202005030511
202005030512
202005030601
202005030602
202005030603
202005030604
202005030605
202005030606
202005030607
202005030608
202005030609
202005030611
202005030612
202005030701
202005030702
202005030703
202005030704
202005030705
202005030707
202005030708
202005030709
202005030710
202005030711
202005030712
202005030801
202005030802
202005030804
202005030805
202005030807
202005030808
202005030809
202005030810
202005030812
202005040101
202005040102
202005040103
202005040104
202005040105
202005040106
202005040107
202005040108
202005040110
202005040111
202005040112
202005040201
202005040202
202005040203
202005040204
202005040205
202005040206
202005040207
202005040208
202005040210
202005040211
202005040212
202005040302
202005040303
202005040304
202005040305
202005040306
202005040307
202005040308
202005040309
202005040310
202005040312
202005040402
202005040403
202005040404
202005040405
202005040406
202005040407
202005040408
202005040409
202005040410
202005040411
202005040412
202005040501
202005040502
202005040503
202005040504
202005040505
202005040506
202005040507
202005040509
202005040510
202005040512
202005040601
202005040602
202005040603
202005040604
202005040605
202005040606
202005040607
202005040608
202005040609
202005040610
202005040611
202005040612
202005040702
202005040703
202005040704
202005040705
202005040706
202005040707
202005040708
202005040709
202005040710
202005040711
202005040712
202005040801
202005040802
202005040803
202005040804
202005040805
202005040806
202005040807
202005040808
202005040812
202005050101
202005050102
202005050103
202005050104
202005050105
202005050106
202005050107
202005050108
202005050109
202005050110
202005050111
202005050112
202005050201
202005050202
202005050203
202005050204
202005050205
202005050206
202005050207
202005050208
202005050209
202005050210
202005050211
202005050212
202005050303
202005050304
202005050305
202005050306
202005050307
202005050308
202005050309
202005050311
202005050312
202005050401
202005050402
202005050403
202005050404
202005050406
202005050407
202005050409
202005050410
202005050411
202005050412
202005050501
202005050502
202005050503
202005050504
202005050505
202005050506
202005050507
202005050508
202005050509
202005050510
202005050511
202005050512
202005050601
202005050602
202005050603
202005050605
202005050606
202005050607
202005050608
202005050609
202005050610
202005050611
202005050612
202005050701
202005050702
202005050703
202005050704
202005050705
202005050706
202005050707
202005050708
202005050709
202005050710
202005050711
202005050712
202005050801
202005050802
202005050803
202005050804
202005050805
202005050806
202005050807
202005050808
202005050809
202005050811
202005050901
202005050902
202005050903
202005050904
202005050905
202005050906
202005050907
202005050908
202005050909
202005050910
202005050911
202006010101
202006010102
202006010103
202006010104
202006010105
202006010106
202006010107
202006010108
202006010109
202006010111
202006010112
202006010201
202006010202
202006010203
202006010204
202006010205
202006010206
202006010207
202006010208
202006010209
202006010210
202006010212
202006010301
202006010302
202006010303
202006010304
202006010305
202006010307
202006010309
202006010310
202006010311
202006010401
202006010402
202006010403
202006010405
202006010408
202006010409
202006010411
202006010412
202006010502
202006010503
202006010505
202006010506
202006010507
202006010509
202006010510
202006010511
202006010512
202006010601
202006010602
202006010605
202006010607
202006010608
202006010609
202006010610
202006010701
202006010703
202006010704
202006010705
202006010706
202006010708
202006010710
202006010711
202006010712
202006010801
202006010802
202006010803
202006010804
202006010805
202006010806
202006010807
202006010809
202006010811
202006010812
202006010902
202006010903
202006010906
202006010907
202006010908
202006010909
202006010910
202006010911
202006020101
202006020102
202006020103
202006020104
202006020106
202006020107
202006020108
202006020109
202006020110
202006020111
202006020201
202006020202
202006020203
202006020204
202006020205
202006020206
202006020207
202006020209
202006020210
202006020301
202006020302
202006020303
202006020304
202006020305
202006020306
202006020308
202006020309
202006020310
202006020311
202006020312
202006020401
202006020402
202006020403
202006020404
202006020405
202006020406
202006020407
202006020408
202006020409
202006020410
202006020411
202006020412
202006020501
202006020502
202006020503
202006020504
202006020505
202006020506
202006020508
202006020509
202006020511
202006020512
202006020602
202006020603
202006020605
202006020606
202006020608
202006020609
202006020611
202006020612
202006020701
202006020702
202006020703
202006020704
202006020705
202006020706
202006020707
202006020709
202006020710
202006020711
202006020712
202006020801
202006020802
202006020803
202006020805
202006020806
202006020807
202006020808
202006020811
202006020812
202006020901
202006020902
202006020903
202006020905
202006020906
202006020908
202006020911
202006020912
202006030102
202006030103
202006030104
202006030105
202006030106
202006030107
202006030109
202006030110
202006030112
202006030201
202006030202
202006030203
202006030204
202006030205
202006030207
202006030209
202006030210
202006030211
202006030301
202006030303
202006030304
202006030305
202006030306
202006030307
202006030308
202006030309
202006030310
202006030312
202006030401
202006030402
202006030403
202006030405
202006030406
202006030407
202006030409
202006030410
202006030411
202006030412
202006030501
202006030502
202006030503
202006030504
202006030505
202006030506
202006030507
202006030508
202006030510
202006030511
202006030512
202006030601
202006030602
202006030603
202006030604
202006030605
202006030606
202006030608
202006030609
202006030611
202006030612
202006030701
202006030702
202006030703
202006030704
202006030705
202006030706
202006030708
202006030709
202006030710
202006030712
202006030801
202006030802
202006030803
202006030805
202006030806
202006030807
202006030809
202006030810
202006030811
202006030812
202006040101
202006040102
202006040103
202006040104
202006040105
202006040106
202006040107
202006040108
202006040109
202006040110
202006040112
202006040201
202006040202
202006040203
202006040204
202006040205
202006040206
202006040207
202006040208
202006040210
202006040212
202006040301
202006040302
202006040303
202006040304
202006040305
202006040306
202006040307
202006040308
202006040309
202006040310
202006040311
202006040312
202006040401
202006040402
202006040403
202006040404
202006040405
202006040407
202006040408
202006040409
202006040411
202006040412
202006040502
202006040503
202006040504
202006040505
202006040506
202006040507
202006040508
202006040509
202006040511
202006040512
202006040601
202006040602
202006040603
202006040604
202006040606
202006040607
202006040608
202006040609
202006040701
202006040702
202006040703
202006040704
202006040705
202006040706
202006040707
202006040708
202006040709
202006040710
202006040711
202006040712
202006040802
202006040803
202006040804
202006040805
202006040806
202006040807
202006040808
202006040809
202006040810
202006040811
202006040812
202006040901
202006040902
202006040903
202006040904
202006040905
202006040906
202006040907
202006040908
202006040909
202006040910
202006040911
202006040912
202006050101
202006050103
202006050104
202006050105
202006050106
202006050107
202006050109
202006050110
202006050111
202006050112
202006050201
202006050202
202006050203
202006050204
202006050205
202006050206
202006050207
202006050208
202006050209
202006050210
202006050211
202006050212
202006050301
202006050302
202006050303
202006050304
202006050305
202006050306
202006050307
202006050308
202006050309
202006050310
202006050311
202006050312
202006050401
202006050402
202006050403
202006050404
202006050405
202006050406
202006050407
202006050408
202006050409
202006050410
202006050411
202006050412
202006050501
202006050502
202006050503
202006050504
202006050505
202006050506
202006050507
202006050508
202006050509
202006050510
202006050601
202006050602
202006050603
202006050604
202006050605
202006050606
202006050607
202006050608
202006050609
202006050610
202006050611
202006050612
202006050701
202006050702
202006050703
202006050704
202006050705
202006050706
202006050707
202006050708
202006050709
202006050711
202006050712
202006050801
202006050802
202006050803
202006050804
202006050805
202006050806
202006050807
202006050808
202006050809
202006050810
202006050811
202006050812
202007010101
202007010102
202007010105
202007010106
202007010107
202007010108
202007010110
202007010112
202007010202
202007010203
202007010204
202007010206
202007010207
202007010211
202007010212
202007010302
202007010306
202007010308
202007010310
202007010312
202007010401
202007010402
202007010403
202007010404
202007010405
202007010406
202007010408
202007010409
202007010410
202007010411
202007010412
202007010502
202007010503
202007010504
202007010506
202007010507
202007010509
202007010511
202007010603
202007010604
202007010607
202007010610
202007010611
202007010612
202007010702
202007010703
202007010704
202007010706
202007010707
202007010708
202007010711
202007010712
202007010801
202007010802
202007010803
202007010804
202007010806
202007010807
202007010809
202007010810
202007010811
202007010812
202007020101
202007020102
202007020103
202007020104
202007020105
202007020106
202007020107
202007020108
202007020109
202007020110
202007020111
202007020112
202007020201
202007020203
202007020204
202007020205
202007020206
202007020207
202007020208
202007020210
202007020211
202007020212
202007020301
202007020302
202007020303
202007020304
202007020305
202007020307
202007020309
202007020310
202007020312
202007020401
202007020402
202007020403
202007020404
202007020405
202007020406
202007020407
202007020408
202007020409
202007020410
202007020412
202007020501
202007020502
202007020503
202007020504
202007020505
202007020506
202007020507
202007020508
202007020509
202007020510
202007020511
202007020512
202007020601
202007020602
202007020603
202007020604
202007020605
202007020606
202007020607
202007020608
202007020609
202007020612
202007020701
202007020702
202007020703
202007020704
202007020705
202007020706
202007020708
202007020710
202007020711
202007020712
202007020801
202007020802
202007020803
202007020804
202007020805
202007020806
202007020808
202007020809
202007020810
202007020811
202007020812
202007020901
202007020902
202007020903
202007020904
202007020905
202007020906
202007020907
202007020908
202007020910
202007020911
202007020912
202007030101
202007030102
202007030103
202007030104
202007030105
202007030106
202007030108
202007030109
202007030111
202007030112
202007030201
202007030202
202007030204
202007030205
202007030207
202007030208
202007030209
202007030211
202007030212
202007030301
202007030302
202007030303
202007030304
202007030306
202007030307
202007030309
202007030310
202007030311
202007030312
202007030401
202007030402
202007030403
202007030404
202007030405
202007030406
202007030407
202007030408
202007030409
202007030410
202007030411
202007030412
202007030501
202007030503
202007030504
202007030505
202007030506
202007030507
202007030508
202007030509
202007030510
202007030511
202007030512
202007030601
202007030602
202007030603
202007030604
202007030606
202007030607
202007030609
202007030610
202007030611
202007030612
202008010101
202008010102
202008010103
202008010104
202008010105
202008010106
202008010107
202008010109
202008010110
202008010201
202008010202
202008010203
202008010205
202008010206
202008010207
202008010208
202008010210
202008010212
202008010301
202008010302
202008010303
202008010304
202008010305
202008010306
202008010307
202008010308
202008010309
202008010310
202008010401
202008010402
202008010404
202008010405
202008010406
202008010407
202008010410
202008010411
202008010501
202008010502
202008010504
202008010505
202008010506
202008010507
202008010508
202008010510
202008010511
202008010601
202008010602
202008010603
202008010604
202008010605
202008010606
202008010607
202008010608
202008010609
202008010610
202008010611
202008010612
202008010701
202008010702
202008010703
202008010704
202008010705
202008010706
202008010712
202008010801
202008010802
202008010803
202008010804
202008010805
202008010807
202008010808
202008010809
202008010811
202008010812
202008010902
202008010903
202008010904
202008010905
202008010906
202008010907
202008010909
202008010910
202008010911
202008010912
202008020101
202008020102
202008020103
202008020104
202008020105
202008020106
202008020110
202008020112
202008020201
202008020203
202008020205
202008020206
202008020207
202008020208
202008020209
202008020210
202008020301
202008020302
202008020303
202008020305
202008020306
202008020307
202008020308
202008020310
202008020311
202008020312
202008020401
202008020402
202008020403
202008020404
202008020405
202008020406
202008020407
202008020408
202008020409
202008020410
202008020411
202008020412
202008020501
202008020502
202008020503
202008020505
202008020506
202008020507
202008020508
202008020510
202008020512
202008020602
202008020603
202008020604
202008020605
202008020606
202008020607
202008020608
202008020609
202008020612
202008020701
202008020702
202008020703
202008020705
202008020706
202008020709
202008020710
202008020712
202008020802
202008020803
202008020805
202008020807
202008020808
202008020809
202008020810
202008020811
202008020812
202008030101
202008030102
202008030103
202008030104
202008030105
202008030106
202008030107
202008030108
202008030109
202008030110
202008030111
202008030112
202008030201
202008030202
202008030203
202008030205
202008030206
202008030207
202008030209
202008030210
202008030211
202008030212
202008030301
202008030302
202008030303
202008030304
202008030305
202008030306
202008030307
202008030308
202008030309
202008030311
202008030312
202008030402
202008030403
202008030404
202008030405
202008030406
202008030407
202008030410
202008030412
202008030501
202008030502
202008030504
202008030505
202008030506
202008030507
202008030509
202008030511
202008030512
202008030602
202008030603
202008030604
202008030605
202008030606
202008030607
202008030608
202008030609
202008030610
202008030611
202008030612
202008030701
202008030702
202008030703
202008030704
202008030706
202008030709
202008030710
202008030712
202008030801
202008030803
202008030807
202008030808
202008030810
202008030811
202008030812
202008030902
202008030903
202008030904
202008030905
202008030906
202008030908
202008030909
202008030910
202008030911
202008030912
202008031001
202008031002
202008031004
202008031005
202008031006
202008031007
202008031010
202008031012
202008031101
202008031102
202008031103
202008031104
202008031105
202008031106
202008031107
202008031108
202008031109
202008031110
202008031111
202008031112
202008031201
202008031202
202008031203
202008031205
202008031206
202008031207
202008031208
202008031209
202008031211
202008031212
202008040101
202008040102
202008040103
202008040104
202008040105
202008040107
202008040108
202008040109
202008040110
202008040112
202008040201
202008040202
202008040203
202008040204
202008040205
202008040207
202008040208
202008040209
202008040210
202008040212
202008040301
202008040302
202008040303
202008040304
202008040305
202008040306
202008040307
202008040309
202008040310
202008040311
202008040312
202008040401
202008040402
202008040403
202008040404
202008040405
202008040406
202008040407
202008040408
202008040409
202008040412
202008040501
202008040503
202008040504
202008040505
202008040507
202008040508
202008040511
202008040512
202008040601
202008040602
202008040603
202008040604
202008040605
202008040606
202008040607
202008040608
202008040609
202008040610
202008040611
202008040612
202008040701
202008040702
202008040703
202008040704
202008040705
202008040707
202008040708
202008040709
202008040710
202008040711
202008040712
202008040801
202008040802
202008040803
202008040804
202008040805
202008040806
202008040807
202008040808
202008040809
202008040810
202008040811
202008040812
202009010102
202009010103
202009010104
202009010105
202009010106
202009010108
202009010110
202009010111
202009010112
202009010201
202009010202
202009010203
202009010205
202009010207
202009010209
202009010210
202009010211
202009010212
202009010302
202009010303
202009010305
202009010306
202009010307
202009010308
202009010312
202009010401
202009010402
202009010403
202009010404
202009010405
202009010406
202009010407
202009010409
202009010410
202009010411
202009010412
202009010501
202009010502
202009010503
202009010504
202009010505
202009010509
202009010510
202009010511
202009010512
202009010602
202009010603
202009010604
202009010605
202009010606
202009010607
202009010608
202009010609
202009010610
202009010612
202009010701
202009010702
202009010704
202009010705
202009010707
202009010708
202009010709
202009010710
202009010802
202009010803
202009010804
202009010805
202009010806
202009010808
202009010809
202009010811
202009010812
202009010901
202009010902
202009010903
202009010906
202009010907
202009010908
202009010910
202009020102
202009020103
202009020104
202009020105
202009020106
202009020109
202009020111
202009020201
202009020202
202009020203
202009020204
202009020205
202009020206
202009020207
202009020208
202009020212
202009020301
202009020302
202009020303
202009020305
202009020309
202009020310
202009020311
202009020401
202009020402
202009020403
202009020404
202009020405
202009020406
202009020407
202009020410
202009020412
202009020501
202009020502
202009020503
202009020504
202009020505
202009020506
202009020508
202009020509
202009020512
202009020602
202009020603
202009020604
202009020605
202009020606
202009020607
202009020608
202009020610
202009020612
202009020701
202009020702
202009020703
202009020704
202009020705
202009020706
202009020708
202009020709
202009020710
202009020711
202009020712
202009020801
202009020802
202009020803
202009020804
202009020805
202009020806
202009020808
202009020810
202009020811
202009020812
202009030101
202009030102
202009030104
202009030105
202009030107
202009030108
202009030110
202009030112
202009030202
202009030203
202009030204
202009030205
202009030206
202009030208
202009030209
202009030210
202009030211
202009030212
202009030301
202009030302
202009030303
202009030305
202009030306
202009030308
202009030309
202009030311
202009030402
202009030403
202009030404
202009030405
202009030406
202009030407
202009030408
202009030409
202009030410
202009030412
202009030501
202009030502
202009030504
202009030505
202009030506
202009030507
202009030508
202009030509
202009030510
202009030511
202009030512
202009030601
202009030602
202009030603
202009030604
202009030605
202009030606
202009030608
202009030609
202009030610
202009030611
202009030612
202009030701
202009030702
202009030703
202009030704
202009030705
202009030706
202009030708
202009030709
202009030711
202009030712
202009030801
202009030802
202009030803
202009030804
202009030805
202009030806
202009030807
202009030808
202009030809
202009030810
202009030812
202009040101
202009040102
202009040103
202009040105
202009040106
202009040107
202009040109
202009040111
202009040112
202009040202
202009040203
202009040204
202009040205
202009040206
202009040207
202009040208
202009040209
202009040210
202009040211
202009040212
202009040302
202009040303
202009040306
202009040307
202009040308
202009040309
202009040310
202009040312
202009040401
202009040402
202009040403
202009040404
202009040405
202009040406
202009040407
202009040408
202009040409
202009040410
202009040411
202009040412
202009040501
202009040503
202009040504
202009040505
202009040506
202009040507
202009040508
202009040511
202009040512
202009040601
202009040602
202009040603
202009040604
202009040605
202009040606
202009040608
202009040609
202009040610
202009040611
202009040612
202009050101
202009050102
202009050103
202009050104
202009050105
202009050106
202009050107
202009050108
202009050109
202009050110
202009050111
202009050112
202009050201
202009050202
202009050203
202009050204
202009050205
202009050206
202009050207
202009050208
202009050210
202009050211
202009050212
202009050301
202009050302
202009050303
202009050304
202009050305
202009050306
202009050307
202009050309
202009050310
202009050311
202009050312
202009050401
202009050402
202009050403
202009050404
202009050405
202009050406
202009050407
202009050408
202009050409
202009050410
202009050412
202009050501
202009050502
202009050503
202009050504
202009050505
202009050506
202009050507
202009050508
202009050509
202009050511
202009050512
202009050601
202009050602
202009050603
202009050604
202009050605
202009050606
202009050607
202009050608
202009050609
202009050610
202009050612
202009050701
202009050702
202009050703
202009050705
202009050706
202009050707
202009050708
202009050709
202009050710
202009050711
202009050712
202009050801
202009050802
202009050803
202009050804
202009050805
202009050806
202009050807
202009050808
202009050810
202009050811
202009050812
202009050901
202009050902
202009050903
202009050904
202009050906
202009050908
202009050910
202009050911
202009050912
202009060101
202009060102
202009060103
202009060104
202009060105
202009060106
202009060107
202009060108
202009060109
202009060110
202009060111
202009060112
202009060201
202009060202
202009060203
202009060204
202009060205
202009060206
202009060207
202009060208
202009060209
202009060211
202009060212
202009060301
202009060302
202009060303
202009060304
202009060305
202009060306
202009060307
202009060308
202009060309
202009060310
202009060311
202009060312
202009060401
202009060402
202009060403
202009060404
202009060405
202009060406
202009060407
202009060408
202009060409
202009060410
202009060412
202009060501
202009060502
202009060503
202009060504
202009060505
202009060506
202009060507
202009060508
202009060509
202009060510
202009060511
202009060512
202009060601
202009060602
202009060603
202009060604
202009060605
202009060606
202009060607
202009060609
202009060610
202009060611
202009060612
202009060701
202009060702
202009060703
202009060704
202009060705
202009060706
202009060707
202009060708
202009060709
202009060710
202009060711
202009060712
202009060801
202009060802
202009060803
202009060804
202009060806
202009060808
202009060809
202009060810
202009060811
202009060812
202010010102
202010010103
202010010104
202010010105
202010010107
202010010109
202010010110
202010010203
202010010204
202010010205
202010010206
202010010207
202010010210
202010010211
202010010301
202010010302
202010010303
202010010305
202010010307
202010010308
202010010309
202010010310
202010010312
202010010403
202010010405
202010010406
202010010409
202010010411
202010010412
202010010501
202010010502
202010010503
202010010504
202010010505
202010010510
202010010512
202010010601
202010010602
202010010603
202010010604
202010010605
202010010608
202010010610
202010010611
202010010612
202010010701
202010010702
202010010704
202010010708
202010010709
202010010710
202010010801
202010010802
202010010803
202010010804
202010010805
202010010806
202010010807
202010010808
202010010810
202010010811
202010010812
202010010901
202010010902
202010010903
202010010904
202010010905
202010010908
202010010909
202010010910
202010010912
202010011001
202010011002
202010011003
202010011004
202010011005
202010011010
202010011011
202010011101
202010011102
202010011103
202010011104
202010011105
202010011108
202010011109
202010011110
202010011111
202010011112
202010011202
202010011204
202010011208
202010011209
202010011210
202010020101
202010020102
202010020103
202010020105
202010020106
202010020107
202010020108
202010020109
202010020110
202010020111
202010020112
202010020201
202010020202
202010020203
202010020204
202010020206
202010020207
202010020208
202010020209
202010020210
202010020301
202010020302
202010020304
202010020305
202010020306
202010020307
202010020308
202010020309
202010020310
202010020311
202010020312
202010020402
202010020404
202010020405
202010020406
202010020407
202010020408
202010020409
202010020410
202010020411
202010020501
202010020503
202010020504
202010020505
202010020506
202010020509
202010020511
202010020601
202010020602
202010020603
202010020604
202010020605
202010020607
202010020609
202010020610
202010020611
202010020612
202010020701
202010020702
202010020705
202010020706
202010020710
202010020711
202010020712
202010020802
202010020804
202010020805
202010020806
202010020807
202010020808
202010020810
202010020811
202010020812
202030041501
202030041504
202030041506
202030041507
202030041509
202030041511
202030041601
202030041602
202030041603
202030041604
202030041607
202030041608
202030042202
202030042204
202030042205
202030042207
202030042208
202030042306
202030042308
202030042310
202030042804
202030042805
202030042808
202030042809
202030042811
202030042901
202030042902
202030042905
202030042907
202030042908
202030042909
202030042911
202030050502
202030050505
202030050507
202030050601
202030050602
202030050603
202030050606
202030050607
202030050608
202030050611
202030051303
202030051304
202030051306
202030051307
202030051308
202030051311
202030051401
202030051403
202030051405
202030051406
202030051407
202030051409
202030051410
202030052002
202030052003
202030052004
202030052005
202030052007
202030052008
202030052010
202030052103
202030052104
202030052105
202030052106
202030052107
202030052108
202030052109
202030052112
202030052606
202030052607
202030052609
202030052610
202030052611
202030052612
202030052702
202030052707
202030052709
202030052710
202030052712
202030052801
202030052802
202030052804
202030052805
202030052808
202030052809
202030052810
202030060302
202030060303
202030060304
202030060305
202030060306
202030060307
202030060308
202030060309
202030060401
202030060402
202030060403
202030060405
202030060407
202030060408
202030060409
202030060411
202030060901
202030060903
202030060904
202030060905
202030060906
202030060910
202030061001
202030061002
202030061004
202030061005
202030061006
202030061007
202030061010
202030061011
202030061105
202030061106
202030061107
202030061108
202030061109
202030061112
202030061701
202030061702
202030061703
202030061704
202030061705
202030061706
202030061707
202030061708
202030061709
202030061711
202030061802
202030061803
202030061804
202030061805
202030061806
202030061807
202030061808
202030061809
202030061810
202030061812
202030062301
202030062302
202030062305
202030062306
202030062308
202030062311
202030062401
202030062402
202030062405
202030062409
202030062411
202030062501
202030062502
202030062504
202030062505
202030062506
202030062508
202030062510
202030062511
202030063003
202030063004
202030063005
202030063006
202030063007
202030063008
202030063011
202030070101
202030070102
202030070103
202030070104
202030070105
202030070106
202030070108
202030070109
202030070110
202030070201
202030070202
202030070204
202030070206
202030070207
202030070208
202030070210
202030070701
202030070702
202030070705
202030070706
202030070707
202030070709
202030070710
202030070801
202030070802
202030070803
202030070804
202030070806
202030070807
202030070810
202030070901
202030070902
202030070903
202030070904
202030070907
202030070908
202030070910
202030071401
202030071403
202030071404
202030071407
202030071408
202030071409
202030071410
202030071411
202030071502
202030071503
202030071504
202030071505
202030071507
202030071509
202030071601
202030071602
202030071603
202030071604
202030071606
202030071607
202030071609
202030072101
202030072102
202030072105
202030072106
202030072108
202030072110
202030072202
202030072203
202030072204
202030072206
202030072208
202030072209
202030072210
202030072301
202030072302
202030072306
202030072308
202030072309
202030072312
202030072801
202030072802
202030072803
202030072805
202030072808
202030072811
202030072812
202030072901
202030072902
202030072903
202030072904
202030072905
202030072906
202030072907
202030072909
202030073001
202030073002
202030073003
202030073004
202030073005
202030073006
202030073008
202030073009
202030080401
202030080402
202030080410
202030080501
202030080502
202030080503
202030080505
202030080507
202030080508
202030080509
202030080511
202030080512
202030080601
202030080602
202030080603
202030080604
202030080607
202030080608
202030080610
202030081101
202030081102
202030081103
202030081105
202030081106
202030081109
202030081110
202030081112
202030081201
202030081202
202030081203
202030081204
202030081205
202030081206
202030081207
202030081208
202030081301
202030081302
202030081304
202030081305
202030081306
202030081307
202030081308
202030081309
202030081801
202030081802
202030081808
202030081810
202030081811
202030081812
202030081901
202030081902
202030081903
202030081904
202030081906
202030081907
202030081909
202030081910
202030082001
202030082002
202030082003
202030082004
202030082009
202030082010
202030082501
202030082502
202030082503
202030082504
202030082505
202030082506
202030082507
202030082508
202030082509
202030082510
202030082511
202030082601
202030082602
202030082603
202030082604
202030082605
202030082606
202030082607
202030082610
202030082701
202030082703
202030082704
202030082706
202030082707
202030082708
202030082710
202030082712
202030090101
202030090102
202030090103
202030090107
202030090108
202030090201
202030090202
202030090203
202030090208
202030090209
202030090210
202030090301
202030090302
202030090304
202030090305
202030090307
202030090308
202030090309
202030090311
202030090312
202030090802
202030090803
202030090804
202030090805
202030090806
202030090807
202030090808
202030090809
202030090810
202030090811
202030090901
202030090902
202030090903
202030090904
202030090905
202030090909
202030090910
202030091001
202030091002
202030091003
202030091004
202030091005
202030091006
202030091007
202030091008
202030091010
202030091012
202030091501
202030091502
202030091504
202030091505
202030091507
202030091510
202030091512
202030091601
202030091602
202030091603
202030091605
202030091606
202030091608
202030091609
202030091610
202030091611
202030091612
202030091702
202030091707
202030091708
202030091711
202030091712
202030092201
202030092202
202030092203
202030092204
202030092205
202030092206
202030092207
202030092210
202030092301
202030092302
202030092303
202030092304
202030092305
202030092306
202030092307
202030092308
202030092309
202030092310
202030092311
202030092401
202030092402
202030092403
202030092404
202030092405
202030092407
202030092408
202030092409
202030092412
202030092901
202030092902
202030092904
202030092905
202030092909
202030092912
202030093001
202030093002
202030093003
202030093004
202030093008
202030093009
202030093010
202030093011
202030093012
202030100101
202030100102
202030100105
202030100107
202030100108
202030100109
202030100111
202030100112
202030100601
202030100602
202030100604
202030100605
202030100606
202030100607
202030100608
202030100609
202030100610
202030100611
202030100701
202030100702
202030100703
202030100704
202030100705
202030100707
202030100709
202030100710
202030100711
202030100712
202030100802
202030100803
202030100804
202030100806
202030100807
202030100808
202030100809
202030100810
202030101302
202030101303
202030101307
202030101308
202030101309
202030101311
202030101401
202030101403
202030101404
202030101405
202030101406
202030101408
202030101409
202030101410
202030101501
202030101502
202030101503
202030101505
202030101506
202030101507
202030101508
202030101509
202030101511
202030101512
202030102001
202030102002
202030102003
202030102004
202030102006
202030102007
202030102008
202030102009
202030102010
202030102011
202030102012
202030102101
202030102103
202030102104
202030102105
202030102107
202030102108
202030102109
202030102110
202030102111
202030102112
202030102201
202030102202
202030102203
202030102204
202030102206
202030102208
202030102209
202030102212
202030102701
202030102702
202030102706
202030102708
202030102709
202030102711
202030102712
202030102801
202030102802
202030102806
202030102807
202030102808
202030102809
202030102810
202030102812
202030102901
202030102903
202030102906
202030102907
202030102908
202030102909
202030102910
202030102911
202030110301
202030110302
202030110303
202030110304
202030110305
202030110306
202030110309
202030110310
202030110311
202030110401
202030110403
202030110404
202030110405
202030110406
202030110407
202030110408
202030110409
202030110410
202030110411
202030110501
202030110502
202030110503
202030110504
202030110507
202030110511
202030110512
202035051707
202035051711
202035051807
202035051808
202035051809
202035051811
202035051812
202035051906
202035051909
202035051911
202035052411
202035052502
202035052509
202035052512
202035052601
202035052611
202035052612
202035053104
202035053109
202035060101
202035060107
202035060110
202035060205
202035060207
202035060209
202035060211
202035060703
202035060704
202035060711
202035060801
202035060802
202035060810
202035060811
202035060812
202035060907
202035060910
202035060911
202035060912
202035071208
202035071209
202035071211
202035071306
202035071307
202035071310
202035071311
202035071404
202035071405
202035071408
202035071409
202035071910
202035072008
202035072012
202035072101
202035072107
202035072110
202035072111
202035072112
202035072607
202035072608
202035072609
202035072610
202035072611
202035072703
202035072709
202035072807
202035072812
202035080101
202035080107
202035080109
202035080111
202035080207
202035080208
202035080211
202035080302
202035080307
202035080311
202035080312
202035080806
202035080808
202035080809
202035080904
202035080907
202035080908
202035080911
202035081003
202035081005
202035081006
202035081007
202035081008
202035081010
202035081501
202035081508
202035081602
202035081603
202035081611
202035081702
202035081705
202035081706
202035081707
202035081710
202035081711
202035090503
202035090509
202035090601
202035090602
202035090605
202035090609
202035090610
202035090611
202035090702
202035090703
202035090704
202035090705
202035090707
202035090709
202035090711
202035090712
202035091201
202035091202
202035091203
202035091208
202035091209
202035091301
202035091303
202035091305
202035091306
202035091308
202035091309
202035091311
202035091404
202035091407
202035091410
202035092003
202035092006
202035092007
202035092008
202035092010
202035092102
202035092103
202035092104
202035092110
202035092111
202035092201
202035092204
202035092206
202035092209
202035092211
202035092212
202035092601
202035092603
202035092604
202035092606
202035092607
202035092608
202035092610
202035092701
202035092703
202035092704
202035092709
202035092711
202035092801
202035092804
202035092805
202035092808
202035100309
202035100311
202035100402
202035100404
202035100406
202035100408
202035100411
202035100501
202035100502
202035100504
202035100506
202035100508
202035100509
202035100511
202035100512
202035101003
202035101007
202035101008
202035101009
202035101101
202035101102
202035101104
202035101106
202035101203
202035101205
202035101206
202035101207
202035101209
202035101211
202035101212
202035101701
202035101704
202035101705
202035101710
202035101802
202035101804
202035101805
202035101807
202035101808
202035101901
202035101903
202035101904
202035101907
202035101909
202035101911
202035101912
202035102401
202035102402
202035102404
202035102406
202035102409
202035102410
202035102411
202035102501
202035102502
202035102503
202035102506
202035102509
202035102510
202035102511
202035102602
202035102604
202035102605
202035103104
202035103106
202035103108
202035110106
202035110110
202035110111
202035110209
202035110211
202035110212
202035110701
202035110702
202035110705
202035110707
202035110710
202035110711
202035110801
202035110804
202035110807
202035110810
202035110812
202035110902
202035110903
202035110904
202035110905
202035110908
202035110910
202035110912
202035111401
202035111406
202035111501
202035111503
202035111505
202035111509
202035111511
202035111601
202035111602
202035111605
202035111608
202035111610
202035111611
202035111612
202035112204
202035112205
202035112206
202035112208
202035112209
202035112210
202035112211
202035112304
202035112307
202035112309
202035112312
202035112405
202035112406
202035112407
202035112411
202036010206
202036010305
202036010308
202036010309
202036010501
202036010601
202036010603
202036010609
202036010706
202036010708
202036010709
202036032008
202036032009
202036032010
202036032011
202036032111
202036032202
202036032203
202036032809
202036032810
202036032907
202036032908
202036032911
202036033002
202036033009
202036040511
202036040606
202036040608
202036040609
202036040610
202036040611
202036040701
202036040708
202036040709
202036041210
202036041211
202036041311
202036041404
202036041407
202036041409
202036041410
202036041411
202036041908
202036041909
202036041911
202036042007
202036042009
202036042012
202036042106
202036042111
202036042607
202036042611
202036042711
202036042801
202036042807
202036042811
202036042812
202036050308
202036050310
202036050406
202036050408
202036050412
202036050503
202036050509
202036050512
202036051011
202036051109
202036051112
202036051203
202036051207
202036051211
202036061410
202036061502
202036061504
202036061512
202036061603
202036061604
202036061607
202036061608
202036061611
202036061612
202036062101
202036062108
202036062111
202036062201
202036062202
202036062203
202036062210
202036062311
202036062312
202036062805
202036062808
202036062810
202036062811
202036062902
202036062907
202036062908
202036062909
202036070505
202036070509
202036070511
202036070603
202036070610
202036070701
202036070709
202036070712
202036082206
202036082209
202036082210
202036082307
202036082308
202036082405
202036082406
202036082408
202036082409
202036082411
202036082901
202036082902
202036083002
202036083104
202036083105
202036083111
202036112904
202036112905
202036112907
202036112911
202036113001
202036113002
202036113003
202036113005
202036113006
202036113010
202036113011
202036120105
202036120106
202036120107
202036120602
202036120606
202036120607
202036120609
202036120611
202036120701
202036120702
202036120708
202036120709
202036120711
202036120802
202036120804
202036120806
202036120808
202036120810
202036120811
202036121301
202036121306
202036121307
202036121309
202036121402
202036121403
202036121404
202036121406
202036121411
202036121505
202036121506
202036121509
202036121510
202036121901
202036121902
202036121906
202036121907
202036121909
202036121910
202036121911
202036122005
202036122009
202036122011
202036122101
202036122103
202036122106
202036122107
202036122110
202036122111
202036122604
202036122605
202036122606
202036122607
202036122703
202036122704
202036122705
202036122706
202036122709
202036122904
202036122906
202036122908
202036123001
202036123003
202036123004
202036123005
202036123007
202036123008
202036123009
202036123101
202036123102
202036123104
202036123108
202036123109
202036123110
202042011401
202042011402
202042011405
202042011407
202042011408
202042011411
202042011501
202042011502
202042011504
202042011507
202042011510
202042011511
202042011601
202042011602
202042011603
202042011604
202042011607
202042011609
202042011610
202042011611
202042011612
202042011703
202042021701
202042021703
202042021706
202042021711
202042021804
202042021806
202042021807
202042021808
202042021809
202042021810
202042021811
202042021812
202042021901
202042021904
202042021905
202042021906
202042021911
202042022001
202042022002
202042022003
202042022006
202042022007
202042022008
202042022009
202042022011
202042022105
202042022112
202042032301
202042032302
202042032305
202042032306
202042032312
202042032405
202042032407
202042032408
202042032410
202042032411
202042032412
202042032501
202042032502
202042032504
202042032505
202042032507
202042032509
202042032510
202042032512
202042032602
202042032603
202042032605
202042032608
202042032610
202042032611
202042032706
202042032707
202042032709
202042032711
202042032712
202042042005
202042042006
202042042008
202042042011
202042042012
202042042101
202042042102
202042042109
202042042111
202042042202
202042042203
202042042204
202042042206
202042042208
202042042209
202042042301
202042042303
202042042304
202042042305
202042042306
202042042309
202042042312
202042042401
202042042403
202042042404
202042042406
202042042411
202042052501
202042052502
202042052503
202042052506
202042052508
202042052512
202042052601
202042052605
202042052606
202042052610
202042052611
202042052612
202042052701
202042052702
202042052705
202042052706
202042052707
202042052708
202042052709
202042052711
202042052712
202042052804
202042052805
202042052809
202042052811
202042052901
202042052902
202042052904
202042052908
202042062901
202042062903
202042062905
202042062907
202042062908
202042062909
202042062911
202042063001
202042063006
202042063007
202042063011
202042070101
202042070102
202042070103
202042070104
202042070105
202042070107
202042070108
202042070109
202042070111
202042070112
202042070201
202042070202
202042070203
202042070204
202042070207
202042070208
202042070301
202042070302
202042070304
202042070306
202042070307
202042070309
202042070312
202042072301
202042072303
202042072304
202042072306
202042072309
202042072310
202042072311
202042072401
202042072402
202042072403
202042072404
202042072405
202042072406
202042072407
202042072412
202042072701
202042072702
202042072704
202042072705
202042072706
202042081201
202042081203
202042081205
202042081206
202042081210
202042081212
202042081301
202042081302
202042081304
202042081305
202042081307
202042081308
202042081309
202042081310
202042081312
202042081401
202042081402
202042081403
202042081404
202042081406
202042081408
202042081410
202042081701
202042081702
202042081703
202042081704
202042081705
202042092201
202042092204
202042092205
202042092206
202042092208
202042092210
202042092211
202042092301
202042092302
202042092303
202042092305
202042092306
202042092307
202042092308
202042092309
202042092311
202042092312
202042092401
202042092402
202042092403
202042092405
202042092406
202042092408
202042092501
202042092503
202042092504
202042092508
202042092509
202042092511
202042092512
202042101901
202042101905
202042101906
202042101908
202042101909
202042101910
202042101911
202042101912
202042102001
202042102002
202042102004
202042102005
202042102006
202042102007
202042102008
202042102009
202042102010
202042102011
202042102101
202042102102
202042102104
202042102106
202042102107
202042102108
202042102109
202042102110
202042102111
202042102201
202042102203
202042102204
202042102205
202042102206
202042102209
202042102210
202042102211
202042102212
202042102301
202042102303
202042102304
202042102308
202042102309
202042102312
202042112401
202042112402
202042112404
202042112405
202042112407
202042112409
202042112410
202042112411
202042112501
202042112502
202042112503
202042112505
202042112506
202042112507
202042112508
202042112510
202042112601
202042112602
202042112605
202042112606
202042112608
202042112609
202042112610
202042112611
202042112701
202042112702
202042112703
202042112705
202042112706
202042112707
202042112708
202042122101
202042122104
202042122105
202042122106
202042122107
202042122108
202042122109
202042122110
202042122111
202042122201
202042122203
202042122204
202042122206
202042122207
202042122208
202042122210
202042122211
202042122301
202042122302
202042122303
202042122304
202042122306
202042122307
202042122308
202042122309
202042122310
202042122401
202042122402
202042122403
202042122404
202042122405
202042122406
202042122407
202042122408
202042122409
202042122410
202042122411
202042122502
202042122504
202042122506
202042122507
202042122508
202043010703
202043010707
202043010711
202043010803
202043010804
202043010805
202043010806
202043010808
202043010810
202043010903
202043010905
202043010906
202043011002
202043011003
202043011005
202043011011
202043011012
202043011101
202043011106
202043011107
202043011109
202043011110
202043011111
202043011112
202043021005
202043021006
202043021010
202043021011
202043021103
202043021107
202043021109
202043021201
202043021202
202043021206
202043021208
202043021209
202043021210
202043021212
202043021308
202043021309
202043021311
202043021402
202043021403
202043021404
202043021406
202043021407
202043021408
202043021410
202043021412
202043031001
202043031004
202043031007
202043031012
202043031101
202043031102
202043031103
202043031107
202043031110
202043031111
202043031204
202043031205
202043031210
202043031211
202043031302
202043031307
202043031308
202043031310
202043031311
202043031401
202043031403
202043031405
202043031410
202043031411
202043031412
202043033001
202043033003
202043033007
202043033012
202043033101
202043033102
202043033103
202043033105
202043033108
202043033110
202043033111
202043033112
202043040101
202043040104
202043040105
202043040106
202043040108
202043040111
202043040201
202043040203
202043040208
202043040212
202043040304
202043040306
202043040308
202043040310
202043040311
202043040312
202043050401
202043050402
202043050403
202043050406
202043050407
202043050411
202043050412
202043050501
202043050506
202043050509
202043050510
202043050512
202043050601
202043050603
202043050605
202043050606
202043050607
202043050611
202043050701
202043050702
202043050703
202043050704
202043050708
202043050710
202043050711
202043050712
202043050802
202043050803
202043050804
202043050805
202043050806
202043050808
202043050809
202043050812
202043061501
202043061502
202043061504
202043061508
202043061510
202043061511
202043061512
202043061603
202043061604
202043061608
202043061609
202043061610
202043061701
202043061702
202043061703
202043061707
202043061709
202043061710
202043061711
202043061712
202043061801
202043061805
202043061806
202043061807
202043061810
202043061811
202043061901
202043061904
202043061905
202043061907
202043061908
202043061911
202043071805
202043071806
202043071807
202043071902
202043071905
202043071906
202043071909
202043072001
202043072002
202043072003
202043072004
202043072007
202043072008
202043072009
202043072010
202043072104
202043072105
202043072107
202043072110
202043072111
202043072201
202043072204
202043072205
202043080303
202043080305
202043080308
202043080310
202043080311
202043080401
202043080402
202043080404
202043080405
202043080406
202043080407
202043080408
202043080410
202043080503
202043080504
202043080506
202043080509
202043080511
202043080512
202043080602
202043080603
202043080605
202043080610
202043080611
202043092802
202043092803
202043092804
202043092805
202043092806
202043092807
202043092808
202043092809
202043092810
202043092811
202043092901
202043092902
202043092903
202043092905
202043092906
202043092908
202043092911
202043092912
202043093001
202043093002
202043093003
202043093004
202043093005
202043093007
202043093008
202043093010
202043093011
202043093012
202043100101
202043100103
202043100104
202043100110
202043100202
202043100204
202043100205
202043100206
202043100207
202043100210
202043100211
202043100212
202043102601
202043102602
202043102603
202043102604
202043102606
202043102607
202043102608
202043102609
202043102610
202043102611
202043102701
202043102703
202043102705
202043102706
202043102707
202043102709
202043102710
202043102711
202043102801
202043102802
202043102804
202043102806
202043102807
202043102808
202043102809
202043102810
202043102811
202043102903
202043102904
202043102906
202043102907
202043102908
202043102909
202043102910
202043103001
202043103002
202043103005
202043103008
202043103009
202043103011
202043103012
202043113001
202043113002
202043113003
202043113005
202043113006
202043113007
202043113008
202043113009
202043113010
202043113011
202043113012
202043120101
202043120102
202043120104
202043120106
202043120107
202043120108
202043120109
202043120110
202043120111
202043120112
202043120201
202043120202
202043120204
202043120205
202043120206
202043120207
202043120208
202043120209
202043120210
202043120211
202043120212
202043120302
202043120303
202043120305
202043120307
202043120308
202043120309
202043120310
202043120311
202043120312
202043120401
202043120402
202043120403
202043120405
202043120406
202043120407
202043120408
202043120409
202043120410
202043120411
202043120412
202044012002
202044012003
202044012005
202044012011
202044012012
202044012103
202044012108
202044012109
202044012110
202044012201
202044012202
202044012203
202044012204
202044012206
202044012207
202044012208
202044012209
202044012302
202044012303
202044012306
202044012308
202044012309
202044012401
202044012402
202044012404
202044012405
202044012406
202044012409
202044012411
202044020301
202044020302
202044020304
202044020305
202044020307
202044020311
202044020312
202044020401
202044020402
202044020403
202044020404
202044020405
202044020408
202044020409
202044020410
202044020411
202044020501
202044020502
202044020503
202044020505
202044020506
202044020507
202044020508
202044020511
202044020512
202044020601
202044020602
202044020605
202044020606
202044020608
202044020609
202044020611
202044020612
202044020701
202044020705
202044020710
202044020711
202044020712
202044022401
202044022402
202044022403
202044022404
202044022405
202044022501
202044022502
202044022503
202044022504
202044022509
202044022511
202044022512
202044022601
202044022602
202044022603
202044022606
202044022607
202044022608
202044022609
202044022612
202044022704
202044022707
202044022709
202044022710
202044022711
202044022712
202044022801
202044022802
202044022803
202044022806
202044022807
202044022810
202044022811
202044022812
202044031501
202044031502
202044031503
202044031504
202044031505
202044031507
202044031509
202044031510
202044031511
202044031601
202044031602
202044031608
202044031609
202044031611
202044031612
202044031701
202044031702
202044031703
202044031706
202044031708
202044031712
202044031802
202044031803
202044031804
202044031807
202044031809
202044031810
202044031811
202044031812
202044031903
202044031904
202044031906
202044031908
202044031909
202044031910
202044031912
202044040602
202044040603
202044040606
202044040607
202044040609
202044040701
202044040702
202044040703
202044040704
202044040708
202044040710
202044040711
202044040712
202044040801
202044040803
202044040806
202044040807
202044040808
202044040809
202044040810
202044040811
202044040812
202044040901
202044040902
202044040903
202044040905
202044040907
202044040909
202044040911
202044041001
202044041002
202044041003
202044041007
202044041008
202044041009
202044041010
202044041012
202044042704
202044042707
202044042709
202044042710
202044042801
202044042802
202044042803
202044042807
202044042808
202044042810
202044042811
202044042901
202044042902
202044042906
202044042908
202044042909
202044042910
202044042911
202044042912
202044043001
202044043002
202044043005
202044043006
202044043008
202044043010
202044043012
202044050101
202044050102
202044050103
202044050104
202044050106
202044050108
202044050109
202044050110
202044050201
202044050202
202044050203
202044050204
202044050205
202044050208
202044050210
202044051802
202044051803
202044051805
202044051809
202044051810
202044051811
202044051902
202044051903
202044051906
202044051907
202044051909
202044051911
202044051912
202044052001
202044052002
202044052003
202044052004
202044052006
202044052007
202044052008
202044052011
202044052101
202044052102
202044052103
202044052107
202044052109
202044052110
202044052111
202044052112
202044052201
202044052202
202044052204
202044052205
202044052208
202044052212
202044060104
202044060105
202044060109
202044060111
202044060201
202044060204
202044060206
202044060208
202044060210
202044060212
202044060302
202044060303
202044060304
202044060305
202044060306
202044060307
202044060309
202044060310
202044060311
202044060312
202044060401
202044060402
202044060403
202044060405
202044060406
202044060407
202044060408
202044060409
202044060410
202044060412
202044060501
202044060502
202044060503
202044060506
202044060510
202044060511
202044060512
202044062201
202044062203
202044062204
202044062205
202044062206
202044062209
202044062210
202044062211
202044062212
202044062301
202044062302
202044062303
202044062305
202044062306
202044062308
202044062309
202044062311
202044062312
202044062402
202044062403
202044062407
202044062409
202044062410
202044062411
202044062412
202044062501
202044062502
202044062503
202044062505
202044062506
202044062509
202044062510
202044062511
202044062512
202044062601
202044062602
202044062603
202044062604
202044062605
202044062606
202044062607
202044062610
202044062611
202044062612
202044070601
202044070604
202044070608
202044070610
202044070611
202044070612
202044070701
202044070702
202044070703
202044070704
202044070705
202044070707
202044070708
202044070709
202044070710
202044070711
202044070801
202044070803
202044070804
202044070806
202044070807
202044070808
202044070809
202044070810
202044070811
202044070812
202044070901
202044070902
202044070903
202044070904
202044070905
202044070906
202044070907
202044070908
202044070909
202044070910
202044070912
202044071004
202044071008
202044071009
202044071011
202044072803
202044072804
202044072806
202044072811
202044072812
202044072901
202044072902
202044072903
202044072904
202044072906
202044072907
202044072909
202044072911
202044072912
202044073001
202044073003
202044073004
202044073007
202044073008
202044073011
202044073012
202044073101
202044073102
202044073103
202044073104
202044073105
202044073106
202044073108
202044073109
202044073110
202044073111
202044073112
202044080104
202044080105
202044080106
202044080107
202044080108
202044080109
202044080110
202044080111
202044080112
202044081605
202044081607
202044081608
202044081609
202044081702
202044081704
202044081707
202044081710
202044081801
202044081802
202044081803
202044081804
202044081806
202044081807
202044081810
202044081811
202044081901
202044081903
202044081904
202044081905
202044081906
202044081908
202044081909
202044081910
202044081911
202044082001
202044082002
202044082004
202044082005
202044082006
202044082007
202044082008
202044082009
202044082011
202044082012
202044082101
202044082102
202044082103
202044082104
202044082105
202044082106
202044082107
202044082108
202044082110
202044090702
202044090703
202044090704
202044090705
202044090707
202044090708
202044090709
202044090710
202044090711
202044090712
202044090801
202044090802
202044090804
202044090807
202044090808
202044090811
202044090812
202044090901
202044090902
202044090904
202044090905
202044090906
202044090907
202044090908
202044090909
202044090910
202044090911
202044090912
202044091001
202044091004
202044091005
202044091006
202044091011
202044091101
202044091102
202044091103
202044091104
202044091105
202044091106
202044091107
202044091109
202044091112
202044091903
202044091904
202044091905
202044091906
202044091907
202044091909
202044091910
202044091911
202044091912
202044092001
202044092002
202044092004
202044092005
202044092009
202044092010
202044092011
202044092103
202044092104
202044092106
202044092108
202044092109
202044092110
202044092111
202044092402
202044092403
202044092404
202044092405
202044092406
202044092408
202044092409
202044092410
202044092501
202044092502
202044092503
202044092504
202044092506
202044092507
202044092508
202044092509
202044100501
202044100502
202044100503
202044100504
202044100506
202044100509
202044100510
202044100511
202044100512
202044100602
202044100603
202044100604
202044100606
202044100607
202044100608
202044100609
202044100610
202044100611
202044100701
202044100703
202044100706
202044100707
202044100708
202044100709
202044100710
202044100711
202044100801
202044100802
202044100803
202044100804
202044100805
202044100806
202044100807
202044100810
202044100812
202044100901
202044100902
202044100903
202044100904
202044100907
202044100908
202044100909
202044100910
202044100912
202044110103
202044110104
202044110105
202044110106
202044110107
202044110108
202044110109
202044110110
202044110201
202044110202
202044110203
202044110205
202044110206
202044110208
202044110209
202044110210
202044110211
202044110301
202044110302
202044110306
202044110307
202044110308
202044110309
202044110310
202044110311
202044110401
202044110402
202044110403
202044110404
202044110405
202044110408
202044110409
202044110411
202044110412
202044110501
202044110502
202044110503
202044110504
202044110505
202044110506
202044110507
202044110508
202044110509
202044110510
202044110511
202044110601
202044110602
202044110603
202044110605
202044110606
202044110607
202044110609
202044110611
202044111601
202044111602
202044111604
202044111605
202044111607
202044111608
202044111610
202044111611
202044111702
202044111703
202044111705
202044111706
202044111707
202044111708
202044111710
202044111711
202044111712
202044111801
202044111802
202044111803
202044111804
202044111805
202044111809
202044111810
202044111811
202044111901
202044111902
202044111903
202044111904
202044111905
202044111906
202044111907
202044111908
202044111909
202044111910
202044111911
202044112001
202044112002
202044112003
202044112004
202044112005
202044112006
202044112007
202044112008
202044112009
202044112010
202044112011
202044120702
202044120703
202044120708
202044120709
202044120710
202044120711
202044120801
202044120802
202044120803
202044120804
202044120807
202044120808
202044120809
202044120810
202044120811
202044120812
202044120901
202044120902
202044120903
202044120904
202044120905
202044120906
202044120908
202044120909
202044120910
202044120911
202044120912
202044121002
202044121003
202044121004
202044121005
202044121006
202044121007
202044121008
202044121010
202044121011
202044121012
202044121101
202044121102
202044121103
202044121104
202044121105
202044121106
202044121107
202044121108
202044121109
202044121110
202044122403
202044122404
202044122405
202044122407
202044122408
202044122409
202044122501
202044122502
202044122503
202044122504
202044122506
202044122507
202044122509
202044122510
202044122801
202044122802
202044122803
202044122804
202044122805
202044122806
202044122807
202044122810
202044122811
202044122812
202044122901
202044122902
202044122903
202044122905
202044122906
202044122907
202044122908
202044122909
202044122910
202044122911
202044122912
202044123001
202044123002
202044123003
202044123004
202044123005
202044123006
202044123007
202044123008
202044123009
202044123010
202044123011
202044123012
202044123103
202044123104
202044123105
202044123106
202044123107
202044123108
202044123109
202044123110
202044123111
202044123112
202045010101
202045010102
202045010103
202045010104
202045010105
202045010108
202045010111
202045010112
202045010201
202045010206
202045010208
202045010209
202045010302
202045010303
202045010304
202045010305
202045010309
202045010311
202045010312
202045010404
202045010405
202045010409
202045010411
202045010412
202045012701
202045012703
202045012707
202045012708
202045012712
202045012802
202045012803
202045012804
202045012807
202045012808
202045012809
202045012901
202045012908
202045012910
202045012911
202045013001
202045013003
202045013006
202045013008
202045013009
202045013102
202045013103
202045013104
202045013105
202045013107
202045013108
202045013110
202045013111
202045013112
202045030202
202045030206
202045030211
202045030212
202045030302
202045030304
202045030310
202045030401
202045030404
202045030407
202045030409
202045030410
202045030411
202045030502
202045030503
202045030504
202045030506
202045030507
202045030508
202045030509
202045030512
202045030602
202045030603
202045030607
202045030609
202045030610
202045030611
202045030612
202045041303
202045041305
202045041307
202045041308
202045041309
202045041310
202045041311
202045041312
202045041401
202045041402
202045041404
202045041406
202045041410
202045041411
202045041412
202045041506
202045041509
202045041510
202045041511
202045041512
202045041601
202045041603
202045041605
202045041606
202045041607
202045041608
202045041609
202045041611
202045041612
202045041704
202045041705
202045041709
202045051101
202045051105
202045051109
202045051203
202045051204
202045051207
202045051209
202045051210
202045051211
202045051212
202045051303
202045051305
202045051308
202045051309
202045051311
202045051312
202045051401
202045051402
202045051404
202045051408
202045051409
202045051411
202045051501
202045051502
202045051503
202045051504
202045051508
202045051509
202045051510
202045051511
202045060803
202045060805
202045060808
202045060809
202045060810
202045060811
202045060902
202045060903
202045060904
202045060906
202045060909
202045060910
202045061001
202045061002
202045061004
202045061005
202045061007
202045061008
202045061010
202045061011
202045061012
202045061101
202045061105
202045061107
202045061108
202045061109
202045061110
202045061111
202045061112
202045061201
202045061202
202045061203
202045061205
202045061206
202045061208
202045061209
202045061210
202045061211
202045061212
202045071302
202045071308
202045071312
202045071402
202045071403
202045071404
202045071405
202045071408
202045071502
202045071503
202045071507
202045071508
202045071509
202045071510
202045071512
202045071602
202045071603
202045071604
202045071605
202045071607
202045071608
202045071609
202045071611
202045071612
202045071702
202045071704
202045071709
202045071710
202045071711
202045080703
202045080705
202045080706
202045080708
202045080712
202045081001
202045081003
202045081005
202045081007
202045081008
202045081011
202045081012
202045081102
202045081103
202045081105
202045081106
202045081108
202045081109
202045081110
202045081111
202045081112
202045082402
202045082403
202045082404
202045082406
202045082410
202045082411
202045082412
202045082501
202045082502
202045082504
202045082506
202045082511
202045082512
202045082601
202045082603
202045082605
202045082606
202045082607
202045082608
202045082610
202045082611
202045082612
202045082702
202045082704
202045082705
202045082707
202045082708
202045082709
202045082710
202045082712
202045082805
202045082807
202045082811
202045082812
202045083102
202045083103
202045083104
202045083106
202045083110
202045083111
202045083112
202045090101
202045090102
202045090103
202045090106
202045090108
202045090111
202045090112
202045090201
202045090203
202045090205
202045090206
202045090207
202045090208
202045090210
202045090211
202045090212
202045091401
202045091403
202045091406
202045091408
202045091410
202045091412
202045091501
202045091504
202045091505
202045091509
202045091511
202045091512
202045091601
202045091602
202045091606
202045091607
202045091608
202045091611
202045091612
202045091702
202045091703
202045091704
202045091706
202045091707
202045091708
202045091709
202045091710
202045091712
202045091802
202045091804
202045091808
202045101104
202045101106
202045101107
202045101201
202045101202
202045101203
202045101204
202045101205
202045101208
202045101209
202045101210
202045101211
202045101212
202045101302
202045101303
202045101306
202045101311
202045101312
202045101403
202045101404
202045101408
202045101410
202045101411
202045101412
202045101502
202045101504
202045101505
202045101506
202045101507
202045101508
202045101509
202045101512
202045101601
202045101602
202045101604
202045101607
202045101610
202045101611
202045110902
202045110904
202045110905
202045110906
202045110907
202045110908
202045110909
202045110910
202045110911
202045111001
202045111002
202045111003
202045111005
202045111006
202045111008
202045111011
202045111012
202045111102
202045111103
202045111105
202045111107
202045111108
202045111110
202045111111
202045111203
202045111204
202045111207
202045111208
202045111209
202045111210
202045111211
202045111212
202045111301
202045111302
202045111303
202045111304
202045111305
202045111307
202045111308
202045111309
202045111312
202045121401
202045121402
202045121403
202045121404
202045121405
202045121406
202045121408
202045121409
202045121410
202045121411
202045121412
202045121502
202045121503
202045121505
202045121507
202045121508
202045121509
202045121510
202045121512
202045121602
202045121604
202045121605
202045121606
202045121607
202045121610
202045121611
202045121612
202045121702
202045121703
202045121704
202045121705
202045121706
202045121707
202045121708
202045121709
202045121710
202045121711
202045121712
202045121802
202045121803
202045121805
202045121806
202045121807
202045121808
202045121810
202045121811
202046031501
202046031509
202046031512
202046031604
202046031605
202046031608
202046031609
202046031703
202046031705
202046032202
202046032207
202046032209
202046032403
202046032409
202046032902
202046032903
202046032906
202046033101
202046040501
202046040506
202046040704
202046040706
202046040708
202046040709
202046040712
202046041301
202046041302
202046041304
202046041311
202046041401
202046041403
202046041409
202046041906
202046042103
202046042106
202046042108
202046042109
202046042110
202046042112
202046042802
202046042803
202046042807
202046042810
202046042901
202046050401
202046050402
202046050404
202046050409
202046050410
202046050411
202046050504
202046050507
202046050508
202046050509
202046051006
202046051703
202046051704
202046051709
202046051710
202046051711
202046051906
202046051908
202046051909
202046051912
202046052604
202046053101
202046053106
202046053108
202046053111
202046060202
202046060204
202046060205
202046060206
202046060208
202046060210
202046060211
202046060702
202046060704
202046061404
202046061409
202046061411
202046061601
202046061605
202046061606
202046061607
202046061609
202046061611
202046062101
202046062104
202046062106
202046062301
202046062302
202046062310
202046062809
202046062810
202046062811
202046063002
202046063003
202046063004
202046063006
202046063007
202046063009
202046063011
202046063012
202046070502
202046070504
202046070702
202046070708
202046071201
202046071403
202046071404
202046071405
202046071408
202046071409
202046072004
202046072005
202046072009
202046072011
202046072101
202046072104
202046072110
202046072602
202046072604
202046072611
202046072803
202046072804
202046072806
202046072809
202046072811
202046080201
202046080210
202046080403
202046080404
202046080406
202046081005
202046081007
202046081011
202046081103
202046081104
202046081106
202046081601
202046081604
202046081609
202046081802
202046081805
202046081810
202046081812
202046082301
202046082302
202046082306
202046082311
202046082501
202046082506
202046082507
202046082509
202046083003
202046083007
202046083010
202046090105
202046090107
202046090108
202046090109
202046090110
202046090111
202046090601
202046090605
202046090607
202046090611
202046090801
202046090807
202046090809
202046090812
202046091303
202046091309
202046091310
202046091502
202046091503
202046091508
202046092004
202046092007
202046092009
202046092011
202046092204
202046092205
202046092206
202046092702
202046092703
202046092704
202046092707
202046092709
202046092710
202046092711
202046092902
202046092903
202046092909
202046092910
202046092911
202046100401
202046100404
202046100407
202046100601
202046100604
202046100607
202046100611
202046101103
202046101104
202046101105
202046101107
202046101108
202046101110
202046101111
202046101301
202046101302
202046101303
202046101305
202046101310
202046101311
202046101312
202046101802
202046101804
202046101805
202046101807
202046101809
202046102001
202046102003
202046102004
202046102005
202046102008
202046102010
202046102501
202046102503
202046102505
202046102506
202046102507
202046102508
202046102510
202046102702
202046102704
202046102706
202046102707
202046102709
202046102710
202046110101
202046110102
202046110104
202046110105
202046110108
202046110109
202046110201
202046110202
202046110203
202046110204
202046110207
202046110208
202046110801
202046110802
202046110803
202046110804
202046110805
202046110806
202046110810
202046110811
202046111002
202046111006
202046111007
202046111010
202046111503
202046111504
202046111508
202046111601
202046111602
202046111606
202046111607
202046111609
202046111701
202046111702
202046111705
202046111708
202046111710
202046112201
202046112202
202046112204
202046112208
202046112209
202046112210
202046112402
202046112403
202046112404
202046112406
202046112905
202046113001
202046113002
202046113003
202046113006
202046113007
202046113009
202046113010
202046120101
202046120105
202046120106
202046120601
202046120603
202046120604
202046120607
202046120610
202046120802
202046120803
202046120804
202046120806
202046120810
202046121401
202046121403
202046121405
202046121406
202046121407
202046121410
202046121502
202046121503
202046121505
202046121507
202046121508
202046121509
202046121510
202046121511
202046121703
202046121704
202046121705
202046121708
202046121711
202046122201
202046122202
202046122205
202046122206
202046122208
202046122301
202046122302
202046122303
202046122304
202046122306
202046122307
202046122310
202046122501
202046122502
202046122504
202046122506
202046122507
202046122509
202046122511
202047010701
202047010704
202047010710
202047010801
202047010806
202047010807
202047010810
202047010811
202047010903
202047010909
202047011003
202047011012
202047012003
202047012005
202047012009
202047012010
202047012106
202047012110
202047012207
202047012307
202047012308
202047012309
202047012310
202047012408
202047012409
202047020303
202047020305
202047020309
202047020407
202047020408
202047020501
202047020508
202047020510
202047020603
202047020703
202047020704
202047020709
202047021703
202047021704
202047021709
202047021803
202047021807
202047021810
202047021904
202047021906
202047021910
202047022006
202047022009
202047022102
202047022104
202047022109
202047030401
202047030402
202047030404
202047030406
202047030407
202047030408
202047030411
202047030502
202047030508
202047030603
202047030612
202047031702
202047031703
202047031704
202047031706
202047031709
202047031710
202047031711
202047031712
202047031805
202047031807
202047031902
202047031904
202047031909
202047040101
202047040102
202047040108
202047040109
202047040202
202047040205
202047040206
202047040207
202047040208
202047040210
202047040301
202047040302
202047040605
202047040606
202047040608
202047041401
202047041408
202047041502
202047041505
202047041506
202047041509
202047041510
202047041602
202047041609
202047041705
202047041709
202047041711
202047042802
202047042803
202047042805
202047042809
202047042810
202047042901
202047042903
202047042909
202047042911
202047043002
202047043004
202047043005
202047043006
202047043007
202047050702
202047050704
202047050706
202047050709
202047050711
202047050803
202047050805
202047050812
202047051106
202047051107
202047051108
202047051110
202047051111
202047052001
202047052004
202047052005
202047052006
202047052009
202047052011
202047052012
202047052108
202047052202
202047052204
202047052207
202047060302
202047060304
202047060308
202047060309
202047060311
202047060312
202047060401
202047060406
202047060410
202047060411
202047060502
202047060504
202047060505
202047060506
202047060511
202047061502
202047061505
202047061507
202047061508
202047061509
202047061701
202047061705
202047061707
202047061710
202047061802
202047061811
202047061901
202047061902
202047061903
202047061909
202047081001
202047081007
202047081011
202047081202
202047081203
202047081207
202047081210
202047081302
202047081303
202047081304
202047081308
202047081310
202047081401
202047081404
202047081408
202047081411
202047081412
202047082602
202047082609
202047082610
202047082612
202047082701
202047082705
202047082706
202047082709
202047082711
202047082712
202047082801
202047082805
202047082806
202047082810
202047090901
202047090903
202047090906
202047090908
202047090911
202047090912
202047091004
202047091006
202047091007
202047091008
202047091010
202047091101
202047091104
202047091110
202047092201
202047092204
202047092207
202047092208
202047092210
202047092301
202047092302
202047092303
202047092307
202047092309
202047092406
202047092408
202047092409
202047092410
202047092411
202047092502
202047092504
202047092505
202047092508
202047092511
202047100504
202047100506
202047100507
202047100508
202047100509
202047100702
202047100705
202047100706
202047100707
202047100710
202047100711
202047100803
202047100806
202047100808
202047100811
202047100901
202047100902
202047100903
202047100905
202047100907
202047102002
202047102004
202047102006
202047102007
202047102008
202047102102
202047102107
202047102108
202047102111
202047102202
202047102207
202047102208
202047102210
202047102301
202047102302
202047102304
202047102306
202047102307
202047102309
202047110201
202047110206
202047110207
202047110210
202047110401
202047110406
202047110408
202047110409
202047110410
202047110501
202047110509
202047110510
202047110511
202047110605
202047110606
202047110608
202047110609
202047111602
202047111606
202047111607
202047111608
202047111610
202047111801
202047111809
202047111901
202047111904
202047111906
202047111907
202047111909
202047111910
202047112001
202047112003
202047112006
202047112008
202047112010
202047113002
202047113007
202047113008
202047113009
202047120102
202047120106
202047120202
202047120210
202047120302
202047120303
202047120304
202047120306
202047120309
202047120401
202047120405
202047120406
202047120407
202047120409
202047121401
202047121406
202047121407
202047121410
202047121510
202047121606
202047121608
202047121701
202047121702
202047121706
202047121708
202047121709
202047121710
202047121803
202047121804
202047121807
202047121808
202047122805
202047122806
202047122811
202047122901
202047122902
202047122903
202047122904
202047122908
202047123001
202047123002
202047123003
202047123007
202047123010
202047123011
202047123012
202047123103
202047123104
202047123105
202047123106
202047123107
202047123108
202047123109
202047123110
202048010107
202048010110
202048010202
202048010210
202048010308
202048010310
202048010311
202048010403
202048010406
202048010407
202048011408
202048011507
202048011509
202048011510
202048011603
202048011702
202048011704
202048011708
202048011710
202048012701
202048012708
202048012710
202048012802
202048012810
202048012811
202048012901
202048012902
202048012910
202048013003
202048013101
202048013105
202048021010
202048021109
202048021205
202048021207
202048021301
202048021302
202048021402
202048021410
202048022408
202048022410
202048022411
202048022603
202048022612
202048022704
202048022705
202048022708
202048022709
202048022806
202048022812
202048031001
202048031009
202048031012
202048031102
202048031103
202048031106
202048031110
202048031111
202048031112
202048031202
202048031203
202048031211
202048031212
202048031303
202048032301
202048032303
202048032307
202048032308
202048032309
202048032312
202048032501
202048032502
202048032504
202048032510
202048032511
202048032608
202048032610
202048032611
202048032701
202048032704
202048032709
202048040702
202048040704
202048040803
202048040804
202048040805
202048040812
202048040902
202048040903
202048040906
202048040912
202048041010
202048041011
202048042105
202048042108
202048042111
202048042202
202048042204
202048042205
202048042209
202048042211
202048042212
202048042303
202048042306
202048042312
202048042402
202048042410
202048050103
202048050108
202048050110
202048050111
202048050401
202048050402
202048050404
202048050411
202048050412
202048050501
202048050504
202048050506
202048050507
202048050512
202048050602
202048050611
202048051201
202048051206
202048051209
202048051210
202048051304
202048051309
202048051311
202048051402
202048051403
202048051406
202048052601
202048052604
202048052606
202048052608
202048052701
202048052706
202048052708
202048052709
202048052711
202048052712
202048052803
202048052904
202048052905
202048052911
202048052912
202048060901
202048060906
202048060907
202048060909
202048060910
202048061001
202048061004
202048061008
202048061009
202048061010
202048061103
202048061108
202048061202
202048061205
202048062301
202048062308
202048062310
202048062312
202048062401
202048062402
202048062404
202048062412
202048062504
202048062509
202048062602
202048062603
202048062606
202048070701
202048070708
202048070709
202048070711
202048070801
202048070806
202048070807
202048070809
202048070901
202048070904
202048070907
202048070908
202048071002
202048071008
202048071701
202048071710
202048071711
202048071712
202048072201
202048072202
202048072206
202048072207
202048072208
202048072209
202048072210
202048072303
202048072305
202048072306
202048072308
202048072403
202048072405
202048072407
202048073101
202048073110
202048073112
202048080504
202048080509
202048080510
202048080511
202048080605
202048080606
202048080607
202048080704
202048080706
202048080707
202048080712
202048081801
202048081802
202048081803
202048081809
202048081811
202048081901
202048081905
202048081909
202048081910
202048082008
202048082011
202048082105
202048082108
202048082109
202048082112
202048090101
202048090105
202048090110
202048090111
202048090201
202048090204
202048090208
202048090210
202048090301
202048090304
202048090311
202048090402
202048090408
202048090409
202048090412
202048091501
202048091504
202048091505
202048091507
202048091508
202048091511
202048091512
202048091601
202048091604
202048091608
202048091609
202048091610
202048091703
202048091705
202048091801
202048091802
202048091803
202048091804
202048091807
202048091808
202048091809
202048091811
202048092901
202048092904
202048092905
202048092906
202048092908
202048092911
202048092912
202048093001
202048093002
202048093004
202048093007
202048093008
202048093009
202048093011
202048100104
202048100110
202048100201
202048100204
202048100207
202048100210
202048101205
202048101206
202048101207
202048101208
202048101210
202048101211
202048101406
202048101408
202048101410
202048101412
202048101501
202048101502
202048101504
202048101505
202048101506
202048101507
202048101510
202048101604
202048101610
202048101611
202048101612
202048102704
202048102709
202048102710
202048102711
202048102712
202048102801
202048102802
202048102803
202048102804
202048102806
202048102809
202048102811
202048102901
202048102911
202048102912
202048103005
202048103006
202048103009
202048103010
202048103011
202048103012
202048110902
202048110906
202048110907
202048110909
202048110911
202048111103
202048111105
202048111107
202048111109
202048111110
202048111112
202048111204
202048111209
202048111210
202048111212
202048111304
202048111308
202048111311
202048111312
202048112405
202048112406
202048112407
202048112408
202048112410
202048112502
202048112503
202048112506
202048112508
202048112509
202048112510
202048112511
202048112512
202048112601
202048112610
202048112701
202048112704
202048112705
202048112706
202048112708
202048112709
202048120702
202048120703
202048120704
202048120706
202048120709
202048120711
202048120712
202048120905
202048120907
202048120910
202048120911
202048121001
202048121002
202048121009
202048121010
202048121101
202048121104
202048121105
202048121106
202048121109
202048121112
202048122202
202048122204
202048122206
202048122209
202048122211
202048122302
202048122303
202048122304
202048122307
202048122309
202048122310
202048122402
202048122407
202048122408
202048122411
202048122412
202048122501
202048122502
202048122506
202048122507
202048122510
202050010206
202050010209
202050010210
202050010211
202050010302
202050010306
202050010307
202050010308
202050010309
202050010310
202050010312
202050010801
202050010804
202050010806
202050010808
202050010809
202050010810
202050010812
202050010905
202050010907
202050010908
202050010909
202050010910
202050010911
202050010912
202050021104
202050021105
202050021106
202050021107
202050021109
202050021110
202050021205
202050021208
202050021209
202050021210
202050021211
202050021302
202050021303
202050021309
202050021403
202050021405
202050021406
202050021407
202050021408
202050021411
202050021801
202050021803
202050021805
202050021806
202050021807
202050021810
202050021811
202050021904
202050021906
202050021907
202050021908
202050021910
202050022001
202050022003
202050022004
202050022008
202050022011
202050022403
202050022407
202050022408
202050022409
202050022502
202050022503
202050022504
202050022506
202050022507
202050022508
202050022601
202050022605
202050022606
202050022609
202050022610
202050022611
202050022705
202050022708
202050022710
202050030301
202050030306
202050030309
202050030312
202050030401
202050030402
202050030403
202050030405
202050030406
202050030410
202050030411
202050030412
202050030503
202050030505
202050030506
202050030507
202050030511
202050031003
202050031007
202050031009
202050031105
202050031108
202050031109
202050031204
202050031206
202050031208
202050031209
202050031210
202050031303
202050031305
202050031309
202050031311
202050031701
202050031704
202050031705
202050031706
202050031708
202050031709
202050031710
202050031801
202050031803
202050031805
202050031807
202050031809
202050031811
202050031812
202050031904
202050031906
202050031908
202050031909
202050031910
202050032407
202050032408
202050032409
202050032410
202050032411
202050032412
202050032503
202050032504
202050032505
202050032508
202050032509
202050032510
202050032602
202050032604
202050032605
202050032606
202050032607
202050032610
202050033105
202050033109
202050033111
202050040101
202050040102
202050040103
202050040104
202050040106
202050040108
202050040111
202050040202
202050040204
202050040205
202050040207
202050040210
202050040704
202050040707
202050040709
202050040710
202050040802
202050040803
202050040808
202050040809
202050040811
202050040901
202050040904
202050040905
202050040906
202050040907
202050040908
202050040909
202050040910
202050040912
202050041402
202050041405
202050041501
202050041507
202050041512
202050041602
202050041604
202050041607
202050041609
202050041610
202050041611
202050042104
202050042105
202050042108
202050042110
202050042201
202050042202
202050042203
202050042207
202050042208
202050042209
202050042210
202050042211
202050042301
202050042302
202050042304
202050042305
202050042306
202050042308
202050042309
202050042310
202050042312
202050042803
202050042804
202050042807
202050042808
202050042809
202050042811
202050042812
202050042901
202050042902
202050042905
202050042906
202050042907
202050042908
202050042910
202050042912
202050043002
202050043007
202050043009
202050043011
202050043012
202050050401
202050050402
202050050404
202050050405
202050050409
202050050410
202050050412
202050050503
202050050505
202050050507
202050050508
202050050510
202050050605
202050050606
202050050607
202050050610
202050051301
202050051302
202050051303
202050051305
202050051307
202050051309
202050051310
202050051403
202050051404
202050051405
202050051408
202050051409
202050051410
202050051411
202050051501
202050051503
202050051510
202050051511
202050052002
202050052003
202050052006
202050052007
202050052008
202050052009
202050052010
202050052105
202050052108
202050052109
202050052112
202050052203
202050052206
202050052207
202050052208
202050052209
202050052210
202050052211
202050052701
202050052703
202050052704
202050052707
202050052708
202050052709
202050052710
202050052711
202050052712
202050052802
202050052803
202050052804
202050052808
202050052810
202050052904
202050052906
202050052911
202050060303
202050060305
202050060306
202050060311
202050060402
202050060405
202050060406
202050060407
202050060408
202050060409
202050060410
202050060412
202050060504
202050060505
202050060506
202050060510
202050060511
202050061001
202050061004
202050061007
202050061010
202050061012
202050061102
202050061103
202050061104
202050061107
202050061110
202050061111
202050061202
202050061203
202050061204
202050061207
202050061208
202050061209
202050061210
202050061211
202050061701
202050061702
202050061703
202050061705
202050061707
202050061710
202050061711
202050061712
202050061803
202050061806
202050061807
202050061808
202050061810
202050061811
202050061812
202050061902
202050061904
202050061905
202050061907
202050061910
202050061911
202050061912
202050062402
202050062403
202050062404
202050062406
202050062407
202050062409
202050062411
202050062501
202050062503
202050062504
202050062506
202050062509
202050062605
202050062607
202050062611
202050062612
202050070102
202050070110
202050070111
202050070202
202050070204
202050070205
202050070206
202050070207
202050070209
202050070210
202050070211
202050070212
202050070305
202050070307
202050070308
202050070309
202050070311
202050070312
202050070803
202050070804
202050070805
202050070811
202050070812
202050070903
202050070906
202050070907
202050070910
202050070912
202050071003
202050071004
202050071005
202050071007
202050071008
202050071009
202050071502
202050071505
202050071509
202050071510
202050071512
202050071602
202050071604
202050071608
202050071609
202050071611
202050071702
202050071706
202050071708
202050071709
202050071710
202050071711
202050071712
202050072203
202050072204
202050072205
202050072208
202050072210
202050072211
202050072212
202050072306
202050072308
202050072310
202050072401
202050072404
202050072406
202050072409
202050072410
202050072411
202050072412
202050072901
202050072902
202050072903
202050072906
202050072908
202050072909
202050072910
202050072911
202050073001
202050073003
202050073004
202050073006
202050073008
202050073009
202050073010
202050073012
202050073101
202050073102
202050073104
202050073105
202050073106
202050073108
202050073109
202050073110
202050080502
202050080503
202050080505
202050080506
202050080507
202050080508
202050080509
202050080510
202050080602
202050080606
202050080607
202050080609
202050080610
202050080611
202050080701
202050080702
202050080708
202050080709
202050080712
202050081201
202050081202
202050081204
202050081205
202050081208
202050081210
202050081302
202050081304
202050081305
202050081307
202050081308
202050081309
202050081310
202050081311
202050081312
202050081401
202050081402
202050081407
202050081409
202050081410
202050081412
202050081902
202050081903
202050081906
202050081907
202050081910
202050081911
202050082002
202050082004
202050082005
202050082006
202050082007
202050082008
202050082009
202050082010
202050082011
202050082012
202050082104
202050082105
202050082106
202050082107
202050082108
202050082110
202050082111
202050082601
202050082602
202050082605
202050082607
202050082610
202050082704
202050082705
202050082708
202050082710
202050082711
202050082802
202050082804
202050082805
202050082806
202050082808
202050082809
202050082810
202050082811
202050082812
202050090201
202050090202
202050090203
202050090204
202050090207
202050090208
202050090209
202050090210
202050090211
202050090302
202050090303
202050090304
202050090305
202050090306
202050090308
202050090309
202050090311
202050090312
202050090402
202050090404
202050090406
202050090407
202050090410
202050090411
202050090412
202050090902
202050090903
202050090905
202050090906
202050090908
202050090909
202050090910
202050090911
202050090912
202050091003
202050091004
202050091005
202050091007
202050091010
202050091011
202050091012
202050091101
202050091102
202050091105
202050091106
202050091108
202050091109
202050091110
202050091111
202050091112
202050091601
202050091602
202050091606
202050091608
202050091609
202050091610
202050091612
202050091701
202050091702
202050091703
202050091704
202050091705
202050091706
202050091709
202050091711
202050091712
202050091804
202050091805
202050091807
202050091809
202050091810
202050091811
202050092302
202050092303
202050092304
202050092305
202050092307
202050092308
202050092309
202050092310
202050092311
202050092312
202050092402
202050092404
202050092405
202050092406
202050092407
202050092410
202050092411
202050092412
202050092502
202050092504
202050092506
202050092507
202050092508
202050092510
202050092512
202050093001
202050093002
202050093003
202050093004
202050093005
202050093006
202050093007
202050093008
202050093009
202050093010
202050093011
202050093012
202050100102
202050100103
202050100108
202050100109
202050100202
202050100206
202050100210
202050100211
202050100212
202050100703
202050100706
202050100707
202050100708
202050100709
202050100710
202050100711
202050100712
202050100801
202050100803
202050100804
202050100805
202050100806
202050100807
202050100810
202050100812
202050100904
202050100905
202050100906
202050100907
202050100909
202050100910
202050100911
202050101402
202050101404
202050101405
202050101406
202050101407
202050101408
202050101409
202050101410
202050101411
202050101412
202050101501
202050101502
202050101503
202050101504
202050101505
202050101506
202050101507
202050101508
202050101510
202050101511
202050101602
202050101607
202050101608
202050101610
202050101611
202050101612
202050102101
202050102102
202050102103
202050102105
202050102109
202050102110
202050102111
202050102112
202050102201
202050102202
202050102203
202050102204
202050102205
202050102206
202050102207
202050102208
202050102209
202050102211
202050102212
202050102302
202050102303
202050102305
202050102308
202050102310
202050102311
202050102312
202050102802
202050102804
202050102805
202050102806
202050102807
202050102808
202050102809
202050102811
202050102812
202050102901
202050102903
202050102904
202050102905
202050102907
202050102908
202050102909
202050102910
202050102912
202050103001
202050103002
202050103003
202050103005
202050103007
202050103008
202050103009
202050103010
202050103011
202050103012
202050110302
202050110304
202050110305
202050110306
202050110307
202050110308
202050110309
202050110310
202050110311
202050110312
202050110402
202050110403
202050110404
202050110407
202050110408
202050110409
202050110410
202050110411
202050110412
202050110501
202050110503
202050110505
202050110507
202050110508
202050110509
202050110510
202050110511
202050110512
202050111002
202050111004
202050111008
202050111009
202050111010
202050111011
202050111103
202050111104
202050111105
202050111106
202050111107
202050111109
202050111110
202050111112
202050111201
202050111202
202050111203
202050111204
202050111205
202050111206
202050111207
202050111208
202050111209
202050111210
202050111212
202050111701
202050111704
202050111706
202050111708
202050111709
202050111710
202050111711
202050111712
202050111802
202050111803
202050111804
202050111806
202050111807
202050111808
202050111809
202050111810
202050111901
202050111903
202050111906
202050111907
202050111908
202050111909
202050111910
202050111911
202050111912
202050112402
202050112404
202050112405
202050112406
202050112407
202050112408
202050112409
202050112410
202050112411
202050112412
202050112501
202050112503
202050112504
202050112505
202050112506
202050112507
202050112508
202050112510
202050112511
202050112512
202050112602
202050112603
202050112605
202050112606
202050112607
202050112608
202050112609
202050112611
202050120102
202050120103
202050120107
202050120108
202050120109
202050120110
202050120111
202050120112
202050120202
202050120203
202050120205
202050120206
202050120207
202050120208
202050120210
202050120211
202050120212
202050120301
202050120305
202050120306
202050120307
202050120308
202050120309
202050120311
202050120402
202050120403
202050120404
202050120405
202050120406
202050120408
202050120409
202050120410
202050120411
202050120802
202050120803
202050120804
202050120805
202050120808
202050120809
202050120810
202050120904
202050120907
202050120908
202050120909
202050120910
202050120911
202050120912
202050121002
202050121003
202050121005
202050121006
202050121007
202050121008
202050121009
202050121010
202050121502
202050121503
202050121507
202050121508
202050121509
202050121511
202050121601
202050121602
202050121604
202050121605
202050121606
202050121607
202050121608
202050121609
202050121610
202050121611
202050121701
202050121704
202050121705
202050121706
202050121707
202050121708
202050121709
202050121710
202050121801
202050121802
202050121804
202050121805
202050121806
202050121807
202050121808
202050121809
202050121810
202050121811
202050121812
202050122203
202050122205
202050122207
202050122208
202050122209
202050122210
202050122211
202050122212
202050122301
202050122304
202050122306
202050122307
202050122309
202050122310
202050122401
202050122402
202050122405
202050122407
202050122408
202050122410
202050122411
202050122802
202050122807
202050122808
202050122809
202050122811
202050122901
202050122902
202050122903
202050122907
202050122908
202050122909
202050122910
202050122911
202050123004
202050123006
202050123007
202050123009
202050123011
202050123102
202050123103
202050123108
202050123109
202050123110
202050123111
202051011503
202051011504
202051011507
202051011512
202051011604
202051011605
202051011610
202051011704
202051011708
202051011709
202051011710
202051012104
202051012106
202051012109
202051012110
202051012204
202051012205
202051012206
202051012207
202051012210
202051012211
202051012301
202051012302
202051012307
202051012308
202051012309
202051012310
202051012311
202051012805
202051012806
202051012810
202051012903
202051012904
202051012905
202051012907
202051012908
202051012909
202051012910
202051012911
202051013001
202051013002
202051013005
202051020405
202051020406
202051020407
202051020503
202051020504
202051020507
202051020508
202051020509
202051020602
202051020605
202051020606
202051020608
202051020609
202051020611
202054010109
202054011204
202054011211
202054011404
202054011503
202054011509
202054011903
202054011907
202054012201
202054012602
202054012606
202054012902
202054012903
202054012907
202054020202
202054020206
202054020401
202054020507
202054020512
202054020901
202054020910
202054021204
202054021602
202054021603
202054021604
202054021606
202054021801
202054021901
202054021911
202054022301
202054022302
202054022306
202054022307
202054022603
202054022606
202054030102
202054030103
202054030301
202054030802
202054030805
202054031005
202054031104
202054031105
202054031106
202054031501
202054031503
202054031504
202054031701
202054031801
202054032204
202054032205
202054032206
202054032401
202054032402
202054032501
202054032504
202054032505
202054032907
202054032910
202054032912
202054033010
202054033102
202054041105
202054041201
202054041210
202054041806
202054041808
202054041812
202054041901
202054041903
202054042505
202054042610
202054050305
202054050306
202054050307
202054050401
202054050403
202054050411
202054050906
202054051009
202054051010
202054051606
202054051607
202054051609
202054051611
202054051701
202054051702
202054051704
202054051709
202054052305
202054052312
202054052401
202054052410
202054053005
202054053006
202054053008
202054053012
202054053101
202054053102
202054053107
202054053112
202054061305
202054061402
202054061403
202054061407
202054062001
202054062002
202054062003
202054062005
202054062007
202054062008
202054062009
202054062101
202054062108
202054062109
202054062111
202054062705
202054062801
202054062803
202054062810
202054070401
202054070402
202054070405
202054070407
202054070408
202054070409
202054070411
202054070412
202054070501
202054070503
202054070510
202054070512
202054071104
202054071201
202054071202
202054071210
202054071805
202054071807
202054071810
202054071903
202054071904
202054071906
202054071907
202054071911
202054071912
202054072505
202054072601
202054072602
202054072604
202054072605
202054072610
202054080801
202054080802
202054080803
202054080805
202054080806
202054080808
202054080810
202054080902
202054080903
202054080907
202054080909
202054081504
202054081505
202054081506
202054081507
202054081602
202054081603
202054081610
202054082201
202054082202
202054082203
202054082205
202054082208
202054082305
202054082307
202054082903
202054082905
202054082908
202054082912
202054090501
202054090503
202054090507
202054090510
202054090512
202054090602
202054090603
202054090610
202054090612
202054091204
202054091207
202054091209
202054091211
202054091302
202054091307
202054092101
202054092102
202054092107
202054092109
202054092111
202054092202
202054092205
202054092209
202054092211
202054092212
202054100305
202054100306
202054100307
202054100308
202054100312
202054100401
202054100402
202054101006
202054101009
202054101010
202054101102
202054101104
202054101105
202054101109
202054101704
202054101705
202054101708
202054101710
202054101711
202054101804
202054102402
202054102404
202054102405
202054102407
202054102410
202054102502
202054102506
202054102507
202054102508
202054102512
202054103105
202054103106
202054103109
202054103110
202054110104
202054110105
202054110107
202054110702
202054110704
202054110710
202054110712
202054110803
202054110804
202054110807
202054110809
202054110811
202054111404
202054111408
202054111411
202054111412
202054111502
202054111505
202054111506
202054111507
202054112202
202054112205
202054112303
202054112304
202054112307
202054112804
202054112806
202054112808
202054112809
202054112810
202054112811
202054112812
202054112901
202054112902
202054112904
202054112905
202054112907
202054120502
202054120503
202054120504
202054120506
202054120510
202054120512
202054120602
202054120603
202054120607
202054120611
202054121204
202054121205
202054121208
202054121211
202054121301
202054121302
202054121305
202054121306
202054121310
202054121311
202054121903
202054121904
202054121906
202054121908
202054122003
202054122011
202054122605
202054122608
202054122611
202054122612
202054122701
202054122703
202054122704
202054122706
202054122707
202054122711
202054123103
202054123104
202054123105
202054123107
202054123108
202054123112
202055010305
202055010608
202055010610
202055011304
202055011307
202055011809
202055011903
202055011907
202055011909
202055012504
202055012603
202055012604
202055012606
202055020103
202055021104
202055021108
202055021109
202055021505
202055021507
202055021601
202055021605
202055021608
202055022209
202055022702
202055022706
202055022909
202055030107
202055030707
202055030812
202055031210
202055031403
202055031505
202055032010
202055032011
202055032606
202055032807
202055032907
202055032909
202055040412
202055040510
202055041104
202055041205
202055041207
202055041912
202055042604
202055042605
202055042606
202055050309
202055050401
202055050408
202055051001
202055051006
202055051008
202055051605
202055051610
202055051701
202055051706
202055051708
202055052404
202055052406
202055052407
202055053002
202055053011
202055053107
202055053109
202055060609
202055060705
202055060707
202055060708
202055061304
202055061311
202055061312
202055061401
202055061403
202055062005
202055062105
202055062108
202055062111
202055062703
202055062705
202055062706
202055062710
202055062808
202055062812
202055070412
202055070506
202055070512
202055071102
202055071103
202055071111
202055071112
202055071208
202055071806
202055071812
202055071905
202055071909
202055081004
202055081007
202055081008
202055081205
202055081206
202055081207
202055081209
202055081609
202055081610
202055081809
202055082209
202055082904
202055082909
202055083004
202055083006
202055083010
202055083011
202055090502
202055090509
202055091208
202055091209
202055091903
202055091908
202055091909
202055091912
202055092001
202055092006
202055092009
202055092011
202055092707
202055092708
202055092711
202055100301
202055100303
202055100305
202055100410
202055101001
202055101008
202055101106
202055101109
202055101701
202055101704
202055101711
202055101806
202055102409
202055102507
202055102510
202055103103
202055103110
202055103111
202055110611
202055110704
202055110801
202055110805
202055110810
202055111407
202055111408
202055111410
202055111501
202055111509
202055112104
202055112109
202055112112
202055112204
202055112206
202055112304
202055112306
202055112311
202055112807
202055112808
202055112908
202055112910
202055112911
202055120401
202055120509
202055120511
202055120601
202055120605
202055120606
202055120609
202055121201
202055121203
202055121207
202055121211
202055121302
202055121308
202055121802
202055121808
202055121809
202055121810
202055121909
202055121910
202055122001
202055122009
202055122011
202055122603
202055122703
202055122706
202055122709
202101010101
202101010102
202101010103
202101010104
202101010105
202101010106
202101010107
202101010108
202101010109
202101010110
202101010111
202101010201
202101010202
202101010203
202101010205
202101010206
202101010207
202101010208
202101010209
202101010211
202101010212
202101010301
202101010302
202101010303
202101010304
202101010305
202101010306
202101010307
202101010308
202101010309
202101010310
202101010311
202101010312
202101010401
202101010402
202101010403
202101010404
202101010405
202101010406
202101010407
202101010408
202101010409
202101010410
202101010411
202101010412
202101010501
202101010502
202101010503
202101010504
202101010505
202101010506
202101010507
202101010508
202101010509
202101010510
202101010511
202101010512
202101010601
202101010602
202101010603
202101010604
202101010605
202101010606
202101010607
202101010609
202101010610
202101010611
202101010612
202101020101
202101020102
202101020103
202101020104
202101020105
202101020106
202101020107
202101020108
202101020109
202101020110
202101020111
202101020112
202101020201
202101020202
202101020203
202101020204
202101020205
202101020206
202101020207
202101020208
202101020209
202101020210
202101020211
202101020212
202101020301
202101020302
202101020304
202101020305
202101020306
202101020307
202101020308
202101020309
202101020310
202101020311
202101020312
202101020401
202101020402
202101020403
202101020404
202101020405
202101020406
202101020407
202101020408
202101020409
202101020410
202101020411
202101020412
202101020501
202101020502
202101020503
202101020504
202101020505
202101020506
202101020507
202101020508
202101020509
202101020510
202101020511
202101020512
202101020601
202101020602
202101020603
202101020604
202101020605
202101020606
202101020607
202101020608
202101020609
202101020610
202101020611
202101020612
202101020701
202101020702
202101020703
202101020704
202101020705
202101020706
202101020707
202101020708
202101020709
202101020710
202101020711
202101020712
202101020801
202101020802
202101020803
202101020804
202101020805
202101020806
202101020807
202101020808
202101020809
202101020810
202101020811
202101020812
202102010101
202102010102
202102010103
202102010104
202102010105
202102010107
202102010108
202102010109
202102010110
202102010111
202102010201
202102010202
202102010203
202102010204
202102010205
202102010206
202102010207
202102010208
202102010209
202102010210
202102010211
202102010212
202102010301
202102010302
202102010303
202102010304
202102010305
202102010306
202102010307
202102010308
202102010309
202102010310
202102010311
202102010312
202102010401
202102010402
202102010403
202102010404
202102010405
202102010406
202102010407
202102010408
202102010409
202102010410
202102010411
202102010501
202102010502
202102010503
202102010504
202102010505
202102010506
202102010507
202102010508
202102010509
202102010510
202102010511
202102010601
202102010602
202102010603
202102010604
202102010605
202102010606
202102010607
202102010608
202102010609
202102010610
202102010611
202102010612
202102010701
202102010702
202102010703
202102010704
202102010705
202102010706
202102010707
202102010708
202102010709
202102010710
202102010711
202102010712
202102010801
202102010802
202102010803
202102010804
202102010805
202102010806
202102010807
202102010808
202102010809
202102010810
202102010811
202102010812
202102010901
202102010902
202102010903
202102010904
202102010905
202102010906
202102010907
202102010908
202102010909
202102010910
202102010911
202102010912
202102011001
202102011002
202102011003
202102011004
202102011005
202102011006
202102011007
202102011008
202102011009
202102011010
202102011012
202102011101
202102011102
202102011103
202102011104
202102011105
202102011106
202102011107
202102011108
202102011109
202102011110
202102011111
202102011112
202102011201
202102011202
202102011203
202102011204
202102011205
202102011206
202102011207
202102011208
202102011209
202102011210
202102011211
202102011212
202103010101
202103010102
202103010103
202103010104
202103010105
202103010106
202103010107
202103010108
202103010109
202103010110
202103010111
202103010112
202103010201
202103010202
202103010203
202103010204
202103010205
202103010206
202103010207
202103010208
202103010209
202103010210
202103010211
202103010212
202103010301
202103010302
202103010304
202103010305
202103010306
202103010307
202103010308
202103010309
202103010310
202103010311
202103010312
202103010401
202103010402
202103010403
202103010404
202103010405
202103010406
202103010407
202103010408
202103010410
202103010411
202103010412
202103010502
202103010503
202103010504
202103010505
202103010506
202103010507
202103010508
202103010509
202103010510
202103010511
202103010512
202103010601
202103010602
202103010603
202103010605
202103010606
202103010607
202103010608
202103010609
202103010611
202103010612
202103020101
202103020102
202103020103
202103020104
202103020105
202103020106
202103020107
202103020108
202103020109
202103020110
202103020111
202103020112
202103020201
202103020202
202103020203
202103020204
202103020205
202103020206
202103020207
202103020208
202103020209
202103020210
202103020211
202103020212
202103020301
202103020302
202103020303
202103020304
202103020305
202103020306
202103020307
202103020308
202103020309
202103020310
202103020311
202103020312
202103020401
202103020402
202103020403
202103020404
202103020405
202103020406
202103020407
202103020408
202103020409
202103020410
202103020411
202103020412
202103020501
202103020502
202103020503
202103020504
202103020505
202103020506
202103020507
202103020508
202103020509
202103020510
202103020511
202103020512
202103020601
202103020602
202103020603
202103020604
202103020606
202103020607
202103020608
202103020609
202103020610
202103020611
202104010101
202104010102
202104010103
202104010104
202104010105
202104010107
202104010108
202104010109
202104010110
202104010111
202104010112
202104010201
202104010202
202104010203
202104010204
202104010205
202104010206
202104010207
202104010208
202104010209
202104010210
202104010211
202104010212
202104010301
202104010302
202104010303
202104010304
202104010305
202104010306
202104010307
202104010309
202104010310
202104010311
202104010401
202104010402
202104010403
202104010404
202104010405
202104010406
202104010407
202104010408
202104010409
202104010411
202104010412
202104010501
202104010502
202104010503
202104010504
202104010505
202104010506
202104010507
202104010508
202104010509
202104010510
202104010601
202104010602
202104010603
202104010604
202104010605
202104010606
202104010608
202104010609
202104010610
202104010611
202104010612
202104010701
202104010702
202104010703
202104010704
202104010705
202104010706
202104010707
202104010708
202104010709
202104010710
202104010711
202104010712
202104010801
202104010802
202104010803
202104010804
202104010805
202104010806
202104010808
202104010810
202104010811
202104010812
202104020101
202104020102
202104020103
202104020104
202104020105
202104020106
202104020107
202104020108
202104020109
202104020110
202104020111
202104020112
202104020201
202104020202
202104020203
202104020205
202104020206
202104020209
202104020210
202104020211
202104020212
202104020301
202104020302
202104020304
202104020305
202104020306
202104020307
202104020309
202104020310
202104020311
202104020312
202104020401
202104020402
202104020403
202104020404
202104020405
202104020406
202104020407
202104020408
202104020409
202104020410
202104020411
202104020412
202104020501
202104020502
202104020503
202104020504
202104020505
202104020506
202104020507
202104020508
202104020509
202104020510
202104020511
202104020512
202104020601
202104020602
202104020603
202104020604
202104020605
202104020606
202104020607
202104020608
202104020609
202104020610
202104020611
202104020612
202104030101
202104030102
202104030103
202104030104
202104030105
202104030106
202104030107
202104030108
202104030109
202104030110
202104030111
202104030112
202104030201
202104030202
202104030203
202104030204
202104030205
202104030206
202104030207
202104030208
202104030209
202104030210
202104030211
202104030212
202104030301
202104030302
202104030303
202104030304
202104030305
202104030306
202104030307
202104030308
202104030309
202104030310
202104030311
202104030312
202104030401
202104030402
202104030404
202104030405
202104030406
202104030407
202104030408
202104030409
202104030410
202104030411
202104030412
202104030501
202104030502
202104030503
202104030504
202104030505
202104030506
202104030507
202104030508
202104030509
202104030510
202104030511
202104030512
202104030601
202104030602
202104030603
202104030604
202104030605
202104030606
202104030607
202104030608
202104030609
202104030610
202104030611
202104030612
202104040101
202104040102
202104040103
202104040104
202104040105
202104040106
202104040107
202104040108
202104040109
202104040110
202104040111
202104040201
202104040202
202104040203
202104040204
202104040205
202104040206
202104040207
202104040208
202104040209
202104040211
202104040212
202104040301
202104040302
202104040303
202104040304
202104040305
202104040306
202104040307
202104040308
202104040309
202104040310
202104040311
202104040312
202104040401
202104040402
202104040403
202104040404
202104040405
202104040406
202104040407
202104040408
202104040409
202104040410
202104040411
202104040412
202104040501
202104040502
202104040503
202104040504
202104040505
202104040506
202104040507
202104040508
202104040509
202104040510
202104040511
202104040512
202104040601
202104040602
202104040603
202104040604
202104040605
202104040606
202104040607
202104040608
202104040610
202104040611
202104040612
202104040701
202104040702
202104040703
202104040704
202104040705
202104040706
202104040707
202104040708
202104040709
202104040710
202104040711
202104040712
202104040801
202104040802
202104040803
202104040804
202104040805
202104040806
202104040807
202104040808
202104040810
202104040811
202104040812
202104050101
202104050102
202104050103
202104050104
202104050105
202104050106
202104050107
202104050108
202104050109
202104050110
202104050111
202104050112
202104050201
202104050202
202104050203
202104050204
202104050205
202104050206
202104050207
202104050208
202104050209
202104050210
202104050211
202104050212
202104050301
202104050302
202104050303
202104050304
202104050305
202104050306
202104050307
202104050308
202104050309
202104050310
202104050311
202104050312
202104050401
202104050402
202104050403
202104050404
202104050405
202104050406
202104050407
202104050408
202104050409
202104050410
202104050411
202104050412
202104050502
202104050503
202104050505
202104050506
202104050507
202104050508
202104050509
202104050510
202104050511
202104050512
202104050601
202104050602
202104050603
202104050604
202104050605
202104050606
202104050607
202104050608
202104050609
202104050610
202104050612
202104050701
202104050702
202104050703
202104050704
202104050705
202104050706
202104050707
202104050708
202104050709
202104050710
202104050711
202104050712
202104050801
202104050802
202104050803
202104050804
202104050805
202104050806
202104050807
202104050808
202104050809
202104050810
202104050811
202104050812
202105010101
202105010102
202105010103
202105010104
202105010105
202105010106
202105010108
202105010109
202105010110
202105010111
202105010112
202105010201
202105010202
202105010203
202105010204
202105010205
202105010206
202105010207
202105010208
202105010209
202105010210
202105010211
202105010212
202105010301
202105010302
202105010303
202105010304
202105010305
202105010306
202105010307
202105010308
202105010309
202105010310
202105010312
202105010401
202105010402
202105010403
202105010404
202105010405
202105010406
202105010407
202105010409
202105010410
202105010411
202105010412
202105010501
202105010502
202105010503
202105010504
202105010505
202105010506
202105010507
202105010508
202105010509
202105010510
202105010512
202105010601
202105010602
202105010603
202105010604
202105010605
202105010606
202105010607
202105010608
202105010610
202105010611
202105010701
202105010702
202105010703
202105010704
202105010705
202105010706
202105010707
202105010708
202105010709
202105010710
202105010711
202105010712
202105010801
202105010802
202105010803
202105010804
202105010805
202105010806
202105010808
202105010809
202105010810
202105010811
202105010812
202105020101
202105020102
202105020103
202105020104
202105020105
202105020106
202105020107
202105020108
202105020110
202105020111
202105020112
202105020201
202105020202
202105020203
202105020204
202105020205
202105020206
202105020208
202105020209
202105020210
202105020212
202105020301
202105020302
202105020303
202105020305
202105020306
202105020307
202105020308
202105020309
202105020310
202105020311
202105020312
202105020401
202105020402
202105020403
202105020404
202105020405
202105020406
202105020407
202105020408
202105020410
202105020411
202105020412
202105020501
202105020502
202105020503
202105020504
202105020505
202105020506
202105020507
202105020508
202105020509
202105020510
202105020511
202105020512
202105020601
202105020602
202105020603
202105020604
202105020605
202105020606
202105020607
202105020609
202105020610
202105020611
202105020612
202105020701
202105020702
202105020703
202105020704
202105020705
202105020706
202105020707
202105020708
202105020709
202105020710
202105020711
202105020712
202105020801
202105020802
202105020803
202105020804
202105020805
202105020807
202105020808
202105020810
202105020812
202105020901
202105020902
202105020903
202105020904
202105020905
202105020906
202105020908
202105020910
202105020911
202105020912
202105021001
202105021002
202105021003
202105021004
202105021005
202105021006
202105021007
202105021008
202105021009
202105021010
202105021011
202105021012
202105021101
202105021102
202105021103
202105021104
202105021105
202105021106
202105021108
202105021109
202105021111
202105021112
202105021201
202105021202
202105021203
202105021204
202105021205
202105021206
202105021207
202105021208
202105021209
202105021210
202105021211
202105021212
202105030101
202105030102
202105030103
202105030104
202105030105
202105030106
202105030107
202105030108
202105030109
202105030110
202105030111
202105030112
202105030201
202105030202
202105030203
202105030205
202105030206
202105030207
202105030208
202105030209
202105030210
202105030211
202105030301
202105030302
202105030303
202105030304
202105030305
202105030306
202105030307
202105030308
202105030309
202105030310
202105030311
202105030312
202105030401
202105030402
202105030403
202105030404
202105030405
202105030406
202105030407
202105030408
202105030409
202105030410
202105030411
202105030501
202105030502
202105030503
202105030504
202105030505
202105030506
202105030507
202105030508
202105030509
202105030510
202105030511
202105030512
202105030601
202105030602
202105030603
202105030604
202105030605
202105030606
202105030607
202105030608
202105030609
202105030610
202105030611
202105030612
202105030701
202105030702
202105030703
202105030704
202105030705
202105030706
202105030707
202105030708
202105030709
202105030710
202105030711
202105030712
202105030801
202105030802
202105030803
202105030805
202105030806
202105030807
202105030808
202105030809
202105030810
202105030811
202105030812
202105040101
202105040102
202105040103
202105040104
202105040105
202105040106
202105040107
202105040108
202105040109
202105040110
202105040111
202105040112
202105040201
202105040202
202105040203
202105040204
202105040205
202105040206
202105040207
202105040208
202105040209
202105040210
202105040211
202105040212
202105040301
202105040302
202105040303
202105040304
202105040305
202105040306
202105040307
202105040308
202105040309
202105040310
202105040312
202105040401
202105040402
202105040403
202105040404
202105040405
202105040406
202105040407
202105040408
202105040409
202105040410
202105040411
202105040412
202105040501
202105040502
202105040503
202105040504
202105040505
202105040506
202105040507
202105040508
202105040509
202105040510
202105040511
202105040512
202105040601
202105040602
202105040603
202105040604
202105040605
202105040606
202105040607
202105040608
202105040609
202105040610
202105040611
202105040612
202105040701
202105040702
202105040703
202105040704
202105040705
202105040706
202105040707
202105040708
202105040709
202105040710
202105040711
202105040712
202105040801
202105040802
202105040803
202105040804
202105040805
202105040806
202105040807
202105040808
202105040809
202105040810
202105040811
202105040812
202105050101
202105050102
202105050103
202105050104
202105050105
202105050106
202105050107
202105050108
202105050109
202105050110
202105050111
202105050112
202105050201
202105050202
202105050203
202105050204
202105050205
202105050206
202105050207
202105050208
202105050209
202105050210
202105050211
202105050212
202105050301
202105050302
202105050303
202105050304
202105050305
202105050306
202105050307
202105050308
202105050309
202105050310
202105050311
202105050401
202105050402
202105050403
202105050404
202105050405
202105050406
202105050407
202105050408
202105050409
202105050411
202105050412
202105050501
202105050502
202105050503
202105050504
202105050505
202105050506
202105050507
202105050508
202105050509
202105050510
202105050511
202105050512
202105050601
202105050602
202105050603
202105050604
202105050605
202105050606
202105050607
202105050608
202105050609
202105050610
202105050611
202105050612
202105050701
202105050702
202105050703
202105050704
202105050705
202105050706
202105050707
202105050708
202105050709
202105050710
202105050711
202105050712
202105050801
202105050802
202105050803
202105050804
202105050805
202105050806
202105050807
202105050808
202105050809
202105050810
202105050811
202105050812
202106010101
202106010102
202106010103
202106010104
202106010105
202106010106
202106010107
202106010108
202106010109
202106010110
202106010111
202106010112
202106010202
202106010203
202106010204
202106010205
202106010206
202106010207
202106010208
202106010209
202106010210
202106010211
202106010212
202106010301
202106010302
202106010303
202106010304
202106010305
202106010306
202106010307
202106010308
202106010309
202106010310
202106010311
202106010312
202106010401
202106010402
202106010403
202106010404
202106010405
202106010406
202106010407
202106010408
202106010409
202106010410
202106010411
202106010412
202106010501
202106010502
202106010503
202106010504
202106010505
202106010506
202106010507
202106010508
202106010509
202106010510
202106010511
202106010601
202106010602
202106010603
202106010604
202106010605
202106010606
202106010607
202106010608
202106010609
202106010610
202106010611
202106010612
202106010701
202106010702
202106010703
202106010704
202106010705
202106010706
202106010707
202106010708
202106010709
202106010711
202106010712
202106010801
202106010802
202106010803
202106010804
202106010805
202106010806
202106010807
202106010808
202106010809
202106010810
202106010811
202106010812
202106020101
202106020102
202106020103
202106020104
202106020106
202106020107
202106020108
202106020109
202106020110
202106020111
202106020112
202106020201
202106020202
202106020203
202106020204
202106020205
202106020206
202106020207
202106020208
202106020209
202106020210
202106020211
202106020212
202106020301
202106020302
202106020303
202106020304
202106020305
202106020306
202106020307
202106020309
202106020310
202106020311
202106020312
202106020401
202106020402
202106020403
202106020404
202106020405
202106020406
202106020407
202106020408
202106020410
202106020411
202106020412
202106020501
202106020502
202106020503
202106020504
202106020505
202106020506
202106020507
202106020508
202106020509
202106020510
202106020511
202106020512
202106020601
202106020602
202106020603
202106020604
202106020605
202106020606
202106020607
202106020608
202106020610
202106020611
202106020612
202106020701
202106020702
202106020703
202106020704
202106020705
202106020706
202106020707
202106020708
202106020709
202106020710
202106020711
202106020712
202106020801
202106020802
202106020803
202106020804
202106020805
202106020806
202106020807
202106020808
202106020809
202106020810
202106020811
202106020812
202106030101
202106030102
202106030103
202106030104
202106030105
202106030106
202106030107
202106030108
202106030109
202106030110
202106030111
202106030112
202106030201
202106030202
202106030203
202106030204
202106030205
202106030206
202106030207
202106030208
202106030210
202106030211
202106030212
202106030301
202106030302
202106030303
202106030304
202106030305
202106030306
202106030307
202106030308
202106030309
202106030310
202106030311
202106030312
202106030401
202106030402
202106030403
202106030404
202106030405
202106030406
202106030407
202106030408
202106030409
202106030410
202106030411
202106030412
202106030501
202106030502
202106030503
202106030504
202106030505
202106030506
202106030507
202106030508
202106030510
202106030511
202106030512
202106030602
202106030603
202106030604
202106030605
202106030606
202106030607
202106030608
202106030609
202106030610
202106030611
202106030612
202106030701
202106030702
202106030703
202106030704
202106030705
202106030706
202106030707
202106030709
202106030710
202106030711
202106030712
202106030801
202106030802
202106030803
202106030804
202106030805
202106030806
202106030807
202106030808
202106030809
202106030810
202106030811
202106030812
202106040101
202106040102
202106040103
202106040104
202106040105
202106040106
202106040107
202106040108
202106040109
202106040110
202106040111
202106040112
202106040201
202106040202
202106040203
202106040204
202106040205
202106040206
202106040207
202106040209
202106040211
202106040212
202106040301
202106040302
202106040303
202106040304
202106040305
202106040306
202106040307
202106040308
202106040309
202106040310
202106040311
202106040312
202106040401
202106040402
202106040403
202106040404
202106040405
202106040406
202106040407
202106040408
202106040409
202106040410
202106040411
202106040412
202106040501
202106040502
202106040503
202106040504
202106040505
202106040506
202106040507
202106040508
202106040509
202106040510
202106040511
202106040512
202106040601
202106040602
202106040603
202106040604
202106040605
202106040606
202106040607
202106040608
202106040609
202106040610
202106040611
202106040612
202106040701
202106040702
202106040703
202106040704
202106040705
202106040706
202106040707
202106040708
202106040709
202106040710
202106040711
202106040712
202106040801
202106040802
202106040803
202106040804
202106040805
202106040806
202106040807
202106040808
202106040809
202106040810
202106040811
202106040812
202106040901
202106040902
202106040903
202106040904
202106040905
202106040906
202106040907
202106040908
202106040910
202106040911
202106040912
202106050101
202106050102
202106050103
202106050104
202106050105
202106050106
202106050107
202106050108
202106050109
202106050110
202106050111
202106050112
202106050201
202106050202
202106050203
202106050204
202106050205
202106050206
202106050207
202106050208
202106050209
202106050210
202106050211
202106050212
202106050301
202106050302
202106050303
202106050304
202106050305
202106050306
202106050307
202106050308
202106050309
202106050310
202106050311
202106050401
202106050402
202106050403
202106050404
202106050405
202106050406
202106050407
202106050408
202106050409
202106050410
202106050411
202106050412
202106050501
202106050502
202106050503
202106050504
202106050505
202106050506
202106050507
202106050508
202106050509
202106050510
202106050511
202106050512
202106050601
202106050602
202106050603
202106050604
202106050605
202106050606
202106050607
202106050608
202106050609
202106050610
202106050611
202106050612
202106050701
202106050702
202106050703
202106050704
202106050705
202106050706
202106050707
202106050708
202106050709
202106050710
202106050711
202106050712
202106050801
202106050802
202106050803
202106050804
202106050805
202106050806
202106050807
202106050808
202106050809
202106050810
202106050811
202106050812
202106050901
202106050902
202106050903
202106050904
202106050905
202106050906
202106050907
202106050908
202106050909
202106050910
202106050911
202106050912
202107010101
202107010102
202107010103
202107010104
202107010105
202107010106
202107010107
202107010108
202107010109
202107010110
202107010111
202107010112
202107010201
202107010202
202107010203
202107010204
202107010205
202107010206
202107010207
202107010209
202107010210
202107010211
202107010212
202107010301
202107010302
202107010303
202107010304
202107010305
202107010306
202107010307
202107010309
202107010310
202107010311
202107010312
202107010401
202107010402
202107010403
202107010404
202107010405
202107010406
202107010407
202107010408
202107010409
202107010410
202107010411
202107010412
202107010501
202107010502
202107010503
202107010504
202107010505
202107010506
202107010507
202107010508
202107010509
202107010510
202107010512
202107010601
202107010602
202107010603
202107010604
202107010605
202107010606
202107010607
202107010608
202107010609
202107010610
202107010611
202107010612
202107010701
202107010702
202107010703
202107010704
202107010705
202107010706
202107010707
202107010708
202107010709
202107010710
202107010711
202107010712
202107010801
202107010802
202107010803
202107010804
202107010805
202107010806
202107010807
202107010808
202107010810
202107010811
202107010812
202107010901
202107010902
202107010903
202107010904
202107010905
202107010906
202107010907
202107010908
202107010909
202107010910
202107010911
202107010912
202107011001
202107011002
202107011003
202107011004
202107011005
202107011006
202107011007
202107011008
202107011009
202107011010
202107011011
202107011012
202107011101
202107011102
202107011103
202107011104
202107011105
202107011106
202107011107
202107011108
202107011109
202107011111
202107011112
202107011201
202107011202
202107011203
202107011204
202107011205
202107011206
202107011207
202107011208
202107011209
202107011210
202107011211
202107011212
202107020101
202107020102
202107020103
202107020104
202107020105
202107020107
202107020108
202107020109
202107020110
202107020111
202107020112
202107020201
202107020202
202107020203
202107020204
202107020205
202107020206
202107020207
202107020208
202107020209
202107020210
202107020211
202107020212
202107020301
202107020302
202107020303
202107020304
202107020305
202107020306
202107020307
202107020308
202107020309
202107020310
202107020311
202107020312
202107020401
202107020402
202107020403
202107020404
202107020405
202107020406
202107020407
202107020409
202107020410
202107020501
202107020502
202107020503
202107020504
202107020505
202107020506
202107020507
202107020508
202107020509
202107020510
202107020511
202107020512
202107020601
202107020602
202107020603
202107020604
202107020605
202107020606
202107020607
202107020608
202107020609
202107020610
202107020611
202107020612
202107030101
202107030102
202107030103
202107030104
202107030106
202107030108
202107030109
202107030110
202107030111
202107030112
202107030201
202107030202
202107030203
202107030204
202107030205
202107030206
202107030207
202107030208
202107030209
202107030210
202107030211
202107030212
202107030301
202107030302
202107030303
202107030304
202107030305
202107030306
202107030307
202107030309
202107030310
202107030311
202107030312
202107030401
202107030402
202107030403
202107030404
202107030405
202107030406
202107030407
202107030410
202107030411
202107030412
202107030501
202107030502
202107030503
202107030504
202107030505
202107030506
202107030508
202107030509
202107030511
202107030601
202107030602
202107030603
202107030604
202107030605
202107030606
202107030607
202107030608
202107030610
202107030611
202107030612
202107030701
202107030702
202107030703
202107030704
202107030706
202107030708
202107030709
202107030710
202107030711
202107030712
202107030801
202107030802
202107030803
202107030805
202107030806
202107030807
202107030808
202107030809
202107030810
202107030811
202107030812
202107040101
202107040102
202107040103
202107040104
202107040105
202107040106
202107040107
202107040108
202107040109
202107040110
202107040112
202107040201
202107040202
202107040203
202107040204
202107040205
202107040206
202107040207
202107040208
202107040209
202107040210
202107040211
202107040212
202107040301
202107040302
202107040303
202107040304
202107040305
202107040306
202107040307
202107040309
202107040310
202107040311
202107040401
202107040402
202107040403
202107040404
202107040405
202107040406
202107040408
202107040409
202107040410
202107040411
202107040412
202107050101
202107050102
202107050103
202107050104
202107050105
202107050106
202107050107
202107050108
202107050109
202107050110
202107050111
202107050112
202107050201
202107050202
202107050203
202107050204
202107050205
202107050206
202107050207
202107050209
202107050210
202107050211
202107050212
202107050301
202107050302
202107050303
202107050304
202107050305
202107050306
202107050307
202107050308
202107050309
202107050310
202107050311
202107050312
202107050401
202107050402
202107050403
202107050404
202107050405
202107050406
202107050408
202107050409
202107050410
202107050411
202107050412
202107050501
202107050502
202107050503
202107050504
202107050505
202107050506
202107050507
202107050508
202107050509
202107050510
202107050511
202107050512
202107050601
202107050602
202107050603
202107050604
202107050605
202107050606
202107050607
202107050608
202107050609
202107050611
202107050612
202107050701
202107050702
202107050703
202107050704
202107050705
202107050706
202107050707
202107050708
202107050709
202107050710
202107050711
202107050712
202107050801
202107050802
202107050803
202107050805
202107050806
202107050807
202107050808
202107050809
202107050810
202107050811
202107050812
202107050901
202107050902
202107050903
202107050904
202107050905
202107050906
202107050907
202107050908
202107050909
202107050910
202107050911
202107050912
202107060101
202107060102
202107060103
202107060104
202107060105
202107060106
202107060107
202107060108
202107060109
202107060111
202107060112
202107060201
202107060202
202107060203
202107060204
202107060205
202107060206
202107060207
202107060208
202107060209
202107060210
202107060211
202107060212
202107060301
202107060302
202107060303
202107060304
202107060305
202107060306
202107060307
202107060308
202107060309
202107060310
202107060311
202107060312
202107060401
202107060402
202107060403
202107060404
202107060405
202107060406
202107060407
202107060408
202107060409
202107060410
202107060411
202107060412
202107060501
202107060502
202107060503
202107060504
202107060505
202107060506
202107060507
202107060508
202107060509
202107060510
202107060511
202107060512
202107060601
202107060602
202107060603
202107060604
202107060605
202107060606
202107060607
202107060608
202107060609
202107060610
202107060611
202107060612
202109010101
202109010102
202109010103
202109010104
202109010105
202109010106
202109010107
202109010109
202109010110
202109010111
202109010112
202109010201
202109010202
202109010203
202109010204
202109010205
202109010206
202109010207
202109010208
202109010209
202109010210
202109010212
202109010302
202109010303
202109010304
202109010305
202109010306
202109010307
202109010308
202109010309
202109010310
202109010312
202109010401
202109010402
202109010403
202109010404
202109010405
202109010406
202109010407
202109010408
202109010409
202109010410
202109010411
202109010412
202109010502
202109010503
202109010504
202109010505
202109010506
202109010507
202109010509
202109010510
202109010511
202109010512
202109010601
202109010602
202109010603
202109010604
202109010605
202109010606
202109010607
202109010609
202109010610
202109010611
202109010612
202109010701
202109010702
202109010703
202109010704
202109010705
202109010706
202109010707
202109010709
202109010710
202109010712
202109010801
202109010802
202109010803
202109010804
202109010805
202109010806
202109010808
202109010809
202109010810
202109010812
202109010902
202109010903
202109010904
202109010905
202109010906
202109010907
202109010909
202109010910
202109010911
202109010912
202109011001
202109011002
202109011003
202109011004
202109011005
202109011006
202109011007
202109011008
202109011009
202109011010
202109011011
202109011012
202109011101
202109011102
202109011103
202109011104
202109011105
202109011106
202109011107
202109011108
202109011109
202109011110
202109011111
202109011112
202109011201
202109011202
202109011203
202109011204
202109011205
202109011206
202109011209
202109011210
202109011211
202109011212
202109020102
202109020103
202109020104
202109020105
202109020106
202109020107
202109020108
202109020109
202109020110
202109020111
202109020112
202109020201
202109020202
202109020203
202109020204
202109020205
202109020206
202109020208
202109020210
202109020211
202109020212
202109020301
202109020302
202109020303
202109020304
202109020305
202109020307
202109020308
202109020309
202109020311
202109020312
202109020401
202109020402
202109020403
202109020404
202109020405
202109020406
202109020408
202109020409
202109020410
202109020411
202109020412
202109020501
202109020502
202109020503
202109020504
202109020505
202109020506
202109020507
202109020508
202109020509
202109020510
202109020511
202109020512
202109020601
202109020602
202109020603
202109020604
202109020605
202109020606
202109020608
202109020609
202109020610
202109020612
202109020701
202109020702
202109020703
202109020704
202109020705
202109020706
202109020707
202109020709
202109020710
202109020711
202109020712
202109020801
202109020802
202109020803
202109020806
202109020807
202109020808
202109020810
202109020811
202109020812
202109020902
202109020903
202109020905
202109020906
202109020907
202109020908
202109020909
202109020910
202109020911
202109020912
202109021001
202109021002
202109021003
202109021004
202109021005
202109021006
202109021007
202109021008
202109021009
202109021010
202109021011
202109021012
202109021101
202109021102
202109021103
202109021104
202109021105
202109021106
202109021107
202109021108
202109021109
202109021110
202109021111
202109021112
202109021202
202109021203
202109021206
202109021207
202109021209
202109021210
202109021211
202109021212
202109030101
202109030102
202109030103
202109030104
202109030105
202109030106
202109030107
202109030108
202109030109
202109030110
202109030111
202109030112
202109030201
202109030202
202109030203
202109030204
202109030205
202109030206
202109030207
202109030208
202109030209
202109030210
202109030212
202109030301
202109030302
202109030303
202109030304
202109030305
202109030306
202109030307
202109030308
202109030309
202109030310
202109030311
202109030312
202109030401
202109030402
202109030403
202109030404
202109030405
202109030406
202109030407
202109030408
202109030409
202109030410
202109030412
202109040101
202109040102
202109040103
202109040104
202109040105
202109040106
202109040107
202109040109
202109040110
202109040111
202109040112
202109040201
202109040202
202109040203
202109040204
202109040205
202109040206
202109040207
202109040208
202109040209
202109040210
202109040211
202109040212
202109040301
202109040302
202109040303
202109040304
202109040305
202109040306
202109040307
202109040308
202109040309
202109040310
202109040311
202109040401
202109040402
202109040403
202109040404
202109040405
202109040406
202109040407
202109040408
202109040409
202109040410
202109040411
202109040412
202109040501
202109040502
202109040503
202109040504
202109040505
202109040507
202109040508
202109040509
202109040511
202109040512
202109040601
202109040602
202109040603
202109040604
202109040605
202109040606
202109040607
202109040608
202109040609
202109040610
202109040611
202109040612
202109040701
202109040702
202109040703
202109040704
202109040705
202109040706
202109040707
202109040708
202109040709
202109040710
202109040711
202109040712
202109040801
202109040802
202109040803
202109040804
202109040805
202109040806
202109040807
202109040808
202109040809
202109040810
202109040811
202109040812
202109050101
202109050102
202109050103
202109050104
202109050105
202109050106
202109050107
202109050108
202109050109
202109050110
202109050111
202109050112
202109050201
202109050202
202109050203
202109050204
202109050205
202109050206
202109050207
202109050208
202109050209
202109050210
202109050211
202109050212
202109050301
202109050302
202109050303
202109050304
202109050305
202109050306
202109050307
202109050308
202109050309
202109050310
202109050311
202109050312
202109050401
202109050402
202109050403
202109050404
202109050405
202109050406
202109050407
202109050408
202109050409
202109050410
202109050412
202109050501
202109050502
202109050503
202109050504
202109050505
202109050506
202109050507
202109050508
202109050509
202109050510
202109050511
202109050512
202109050601
202109050602
202109050603
202109050604
202109050605
202109050606
202109050607
202109050608
202109050609
202109050610
202109050611
202109050612
202109050701
202109050702
202109050703
202109050704
202109050705
202109050706
202109050707
202109050708
202109050709
202109050710
202109050711
202109050712
202109050801
202109050802
202109050803
202109050804
202109050806
202109050807
202109050808
202109050809
202109050810
202109050811
202109060101
202109060102
202109060103
202109060104
202109060105
202109060106
202109060107
202109060108
202109060109
202109060110
202109060111
202109060201
202109060202
202109060203
202109060204
202109060205
202109060206
202109060207
202109060208
202109060209
202109060210
202109060211
202109060212
202109060301
202109060302
202109060303
202109060304
202109060305
202109060306
202109060307
202109060308
202109060309
202109060310
202109060311
202109060312
202109060401
202109060402
202109060403
202109060404
202109060405
202109060406
202109060407
202109060408
202109060409
202109060410
202109060411
202109060412
202109060501
202109060502
202109060503
202109060504
202109060505
202109060506
202109060507
202109060508
202109060509
202109060510
202109060511
202109060512
202109060601
202109060602
202109060603
202109060604
202109060605
202109060606
202109060607
202109060608
202109060609
202109060610
202109060611
202109060612
202109060701
202109060702
202109060703
202109060704
202109060705
202109060706
202109060707
202109060708
202109060709
202109060710
202109060711
202109060712
202109060801
202109060802
202109060803
202109060804
202109060805
202109060806
202109060807
202109060808
202109060809
202109060810
202109060811
202109060812
202109060901
202109060902
202109060903
202109060904
202109060905
202109060906
202109060907
202109060908
202109060909
202109060910
202109060911
202109060912
202110010101
202110010102
202110010103
202110010104
202110010105
202110010106
202110010108
202110010110
202110010111
202110010202
202110010204
202110010205
202110010206
202110010207
202110010208
202110010209
202110010210
202110010211
202110010212
202110010301
202110010302
202110010303
202110010306
202110010307
202110010308
202110010309
202110010310
202110010311
202110010312
202110010401
202110010403
202110010404
202110010405
202110010406
202110010407
202110010408
202110010410
202110010411
202110010412
202110010501
202110010502
202110010503
202110010504
202110010505
202110010506
202110010507
202110010508
202110010509
202110010510
202110010511
202110010512
202110010601
202110010602
202110010603
202110010604
202110010605
202110010606
202110010608
202110010609
202110010610
202110010611
202110010612
202110010701
202110010702
202110010703
202110010704
202110010705
202110010706
202110010707
202110010709
202110010710
202110010711
202110010712
202110010801
202110010802
202110010803
202110010804
202110010805
202110010806
202110010807
202110010809
202110010810
202110010811
202110020101
202110020102
202110020103
202110020106
202110020107
202110020109
202110020110
202110020111
202110020112
202110020201
202110020202
202110020203
202110020205
202110020206
202110020207
202110020208
202110020209
202110020210
202110020211
202110020301
202110020302
202110020303
202110020304
202110020305
202110020306
202110020307
202110020308
202110020309
202110020310
202110020311
202110020401
202110020402
202110020403
202110020404
202110020405
202110020406
202110020407
202110020408
202110020409
202110020410
202110020411
202110020412
202110020501
202110020502
202110020503
202110020504
202110020505
202110020506
202110020507
202110020508
202110020509
202110020510
202110020511
202110020512
202110020601
202110020602
202110020604
202110020605
202110020606
202110020607
202110020609
202110020610
202110020612
202110020701
202110020702
202110020703
202110020704
202110020705
202110020706
202110020707
202110020709
202110020710
202110020711
202110020712
202110020801
202110020802
202110020803
202110020805
202110020806
202110020807
202110020808
202110020809
202110020810
202110020811
202110020812
202110030101
202110030102
202110030103
202110030104
202110030105
202110030106
202110030107
202110030108
202110030109
202110030110
202110030111
202110030112
202110030202
202110030203
202110030204
202110030205
202110030206
202110030207
202110030208
202110030210
202110030211
202110030212
202110030301
202110030302
202110030303
202110030305
202110030307
202110030308
202110030309
202110030310
202110030311
202110030312
202110030401
202110030402
202110030403
202110030404
202110030405
202110030406
202110030407
202110030408
202110030409
202110030410
202110030411
202110030412
202110030501
202110030502
202110030503
202110030504
202110030506
202110030507
202110030508
202110030509
202110030510
202110030511
202110030512
202110030601
202110030602
202110030603
202110030604
202110030605
202110030606
202110030607
202110030608
202110030609
202110030610
202110030611
202110030612
202110040102
202110040103
202110040105
202110040106
202110040107
202110040108
202110040109
202110040111
202110040112
202110040201
202110040202
202110040204
202110040205
202110040206
202110040207
202110040208
202110040209
202110040210
202110040211
202110040212
202110040301
202110040302
202110040303
202110040304
202110040305
202110040306
202110040307
202110040308
202110040309
202110040310
202110040311
202110040312
202110040401
202110040402
202110040403
202110040404
202110040405
202110040406
202110040407
202110040408
202110040409
202110040410
202110040411
202110040412
202110040502
202110040503
202110040504
202110040505
202110040506
202110040507
202110040508
202110040509
202110040511
202110040512
202110040601
202110040602
202110040603
202110040604
202110040605
202110040606
202110040607
202110040608
202110040609
202110040610
202110040611
202110040612
202110040701
202110040702
202110040703
202110040704
202110040705
202110040706
202110040708
202110040709
202110040710
202110040711
202110040712
202110040801
202110040802
202110040803
202110040804
202110040805
202110040806
202110040807
202110040808
202110040809
202110040810
202110040811
202110040812
202130041402
202130041403
202130041406
202130041407
202130041408
202130041410
202130041411
202130041412
202130041501
202130041502
202130041503
202130041505
202130041506
202130041507
202130041508
202130041509
202130041511
202130042101
202130042102
202130042103
202130042104
202130042105
202130042108
202130042109
202130042111
202130042201
202130042202
202130042203
202130042204
202130042205
202130042207
202130042208
202130042209
202130042210
202130042211
202130042802
202130042803
202130042804
202130042805
202130042806
202130042807
202130042808
202130042810
202130042811
202130042812
202130042902
202130042904
202130042905
202130042908
202130042909
202130042911
202130042912
202130050401
202130050402
202130050404
202130050405
202130050406
202130050407
202130050409
202130050410
202130050411
202130050412
202130050501
202130050502
202130050503
202130050504
202130050505
202130050507
202130050509
202130050510
202130050511
202130051202
202130051203
202130051204
202130051205
202130051206
202130051208
202130051209
202130051210
202130051212
202130051301
202130051303
202130051305
202130051306
202130051307
202130051309
202130051310
202130051311
202130051312
202130051901
202130051902
202130051903
202130051904
202130051905
202130051906
202130051909
202130051910
202130051912
202130052001
202130052002
202130052004
202130052005
202130052006
202130052007
202130052010
202130052011
202130052012
202130052502
202130052503
202130052504
202130052505
202130052507
202130052508
202130052509
202130052510
202130052511
202130052601
202130052602
202130052603
202130052604
202130052605
202130052606
202130052607
202130052608
202130052609
202130052611
202130052612
202130052703
202130052704
202130052705
202130052706
202130052707
202130052708
202130052709
202130052711
202130052712
202130060201
202130060202
202130060203
202130060204
202130060205
202130060207
202130060208
202130060210
202130060211
202130060212
202130060301
202130060302
202130060303
202130060304
202130060306
202130060307
202130060308
202130060309
202130060310
202130060311
202130060312
202130060801
202130060805
202130060806
202130060807
202130060808
202130060809
202130060811
202130060812
202130060901
202130060902
202130060903
202130060904
202130060905
202130060906
202130060907
202130060908
202130060909
202130060911
202130060912
202130061001
202130061002
202130061003
202130061004
202130061005
202130061006
202130061009
202130061012
202130061601
202130061602
202130061603
202130061604
202130061605
202130061606
202130061608
202130061609
202130061611
202130061701
202130061702
202130061703
202130061704
202130061705
202130061706
202130061707
202130061708
202130061709
202130061710
202130061711
202130061712
202130062201
202130062202
202130062203
202130062204
202130062205
202130062206
202130062207
202130062208
202130062211
202130062212
202130062301
202130062302
202130062304
202130062305
202130062306
202130062308
202130062309
202130062310
202130062312
202130062401
202130062402
202130062403
202130062404
202130062405
202130062406
202130062407
202130062408
202130062410
202130062411
202130062412
202130062901
202130062902
202130062903
202130062904
202130062905
202130062906
202130062907
202130062908
202130062909
202130062910
202130062911
202130063001
202130063002
202130063003
202130063004
202130063005
202130063006
202130063007
202130063008
202130063009
202130063011
202130070101
202130070102
202130070104
202130070105
202130070106
202130070107
202130070108
202130070109
202130070110
202130070111
202130070112
202130070601
202130070602
202130070603
202130070604
202130070606
202130070607
202130070608
202130070610
202130070611
202130070702
202130070703
202130070704
202130070705
202130070707
202130070708
202130070709
202130070711
202130070712
202130070801
202130070805
202130070806
202130070808
202130070809
202130070811
202130070812
202130071301
202130071302
202130071303
202130071304
202130071305
202130071306
202130071307
202130071308
202130071309
202130071310
202130071312
202130071401
202130071402
202130071403
202130071404
202130071405
202130071406
202130071407
202130071408
202130071409
202130071410
202130071411
202130071412
202130071501
202130071502
202130071503
202130071504
202130071505
202130071506
202130071507
202130071508
202130071509
202130071510
202130071511
202130072001
202130072002
202130072004
202130072005
202130072006
202130072007
202130072008
202130072009
202130072010
202130072011
202130072102
202130072103
202130072104
202130072106
202130072107
202130072108
202130072109
202130072111
202130072202
202130072204
202130072205
202130072206
202130072207
202130072208
202130072209
202130072211
202130072701
202130072702
202130072703
202130072704
202130072705
202130072706
202130072707
202130072708
202130072709
202130072710
202130072711
202130072712
202130072801
202130072802
202130072803
202130072804
202130072805
202130072806
202130072807
202130072808
202130072809
202130072810
202130072811
202130072812
202130072901
202130072902
202130072903
202130072905
202130072906
202130072907
202130072908
202130072909
202130072910
202130080301
202130080302
202130080303
202130080306
202130080307
202130080308
202130080309
202130080310
202130080311
202130080312
202130080401
202130080403
202130080404
202130080405
202130080406
202130080407
202130080408
202130080409
202130080410
202130080503
202130080504
202130080505
202130080507
202130080508
202130080509
202130080511
202130080512
202130081001
202130081002
202130081003
202130081004
202130081006
202130081007
202130081008
202130081009
202130081010
202130081012
202130081101
202130081102
202130081103
202130081104
202130081105
202130081106
202130081107
202130081108
202130081109
202130081110
202130081111
202130081112
202130081201
202130081202
202130081203
202130081205
202130081206
202130081207
202130081208
202130081209
202130081211
202130081212
202130081701
202130081702
202130081703
202130081704
202130081705
202130081706
202130081707
202130081708
202130081709
202130081710
202130081711
202130081712
202130081801
202130081803
202130081804
202130081807
202130081808
202130081809
202130081810
202130081811
202130081812
202130081902
202130081903
202130081904
202130081905
202130081906
202130081907
202130081908
202130081909
202130081910
202130081911
202130082401
202130082402
202130082403
202130082404
202130082405
202130082406
202130082407
202130082408
202130082409
202130082410
202130082411
202130082412
202130082501
202130082502
202130082503
202130082505
202130082506
202130082507
202130082508
202130082509
202130082510
202130082511
202130082601
202130082602
202130082603
202130082604
202130082605
202130082607
202130082608
202130082610
202130082611
202130082612
202130083101
202130083102
202130083103
202130083104
202130083105
202130083106
202130083107
202130083108
202130083110
202130083111
202130090101
202130090102
202130090104
202130090105
202130090106
202130090107
202130090108
202130090109
202130090110
202130090111
202130090112
202130090202
202130090203
202130090204
202130090206
202130090207
202130090208
202130090209
202130090210
202130090212
202130090701
202130090702
202130090703
202130090706
202130090707
202130090708
202130090709
202130090710
202130090711
202130090712
202130090801
202130090802
202130090803
202130090804
202130090805
202130090806
202130090807
202130090808
202130090809
202130090810
202130090811
202130090812
202130090901
202130090902
202130090903
202130090904
202130090905
202130090906
202130090907
202130090908
202130090909
202130090910
202130090912
202130091401
202130091402
202130091404
202130091405
202130091406
202130091407
202130091408
202130091409
202130091410
202130091411
202130091412
202130091501
202130091502
202130091503
202130091504
202130091505
202130091506
202130091508
202130091509
202130091510
202130091511
202130091512
202130091602
202130091603
202130091604
202130091605
202130091606
202130091607
202130091608
202130091609
202130091610
202130091611
202130091612
202130092101
202130092102
202130092104
202130092105
202130092106
202130092107
202130092108
202130092109
202130092110
202130092111
202130092112
202130092201
202130092202
202130092203
202130092204
202130092205
202130092206
202130092207
202130092208
202130092209
202130092210
202130092212
202130092301
202130092302
202130092303
202130092304
202130092305
202130092306
202130092307
202130092308
202130092309
202130092310
202130092311
202130092312
202130092801
202130092802
202130092803
202130092804
202130092805
202130092806
202130092808
202130092809
202130092810
202130092811
202130092812
202130092901
202130092902
202130092904
202130092905
202130092906
202130092907
202130092908
202130092909
202130092910
202130092911
202130092912
202130093003
202130093004
202130093005
202130093006
202130093007
202130093008
202130093009
202130093010
202130093011
202130093012
202130100501
202130100502
202130100503
202130100504
202130100506
202130100507
202130100509
202130100510
202130100511
202130100512
202130100601
202130100602
202130100603
202130100604
202130100605
202130100606
202130100607
202130100608
202130100609
202130100610
202130100612
202130100701
202130100702
202130100703
202130100705
202130100706
202130100707
202130100708
202130100709
202130100710
202130100711
202130100712
202130101201
202130101202
202130101204
202130101205
202130101206
202130101207
202130101208
202130101209
202130101210
202130101211
202130101212
202130101301
202130101302
202130101303
202130101306
202130101307
202130101309
202130101310
202130101311
202130101402
202130101403
202130101404
202130101405
202130101406
202130101407
202130101408
202130101409
202130101410
202130101411
202130101412
202130101901
202130101902
202130101903
202130101904
202130101905
202130101906
202130101907
202130101908
202130101910
202130101911
202130101912
202130102001
202130102002
202130102003
202130102004
202130102005
202130102006
202130102007
202130102008
202130102009
202130102010
202130102011
202130102012
202130102101
202130102102
202130102103
202130102104
202130102105
202130102106
202130102107
202130102108
202130102110
202130102111
202130102112
202130102601
202130102602
202130102603
202130102607
202130102609
202130102610
202130102611
202130102612
202130102701
202130102702
202130102703
202130102704
202130102705
202130102707
202130102708
202130102711
202130102712
202130102802
202130102803
202130102804
202130102806
202130102807
202130102808
202130102810
202130102811
202130102812
202130110201
202130110202
202130110203
202130110204
202130110205
202130110206
202130110207
202130110208
202130110209
202130110210
202130110211
202130110212
202130110301
202130110302
202130110303
202130110304
202130110305
202130110306
202130110307
202130110308
202130110309
202130110310
202130110311
202130110312
202130110401
202130110402
202130110404
202130110405
202130110406
202130110407
202130110408
202130110410
202130110411
202130110412
202135062701
202135062702
202135062704
202135062706
202135062707
202135062708
202135062710
202135062711
202135062804
202135062806
202135062810
202135062812
202135062903
202135062904
202135062905
202135062907
202135062908
202135062909
202135062912
202135070402
202135070403
202135070404
202135070408
202135070410
202135070501
202135070502
202135070503
202135070509
202135070511
202135070512
202135070601
202135070602
202135070608
202135070609
202135070610
202135070611
202135070612
202135071102
202135071105
202135071106
202135071107
202135071109
202135071110
202135071111
202135071201
202135071202
202135071207
202135071209
202135071210
202135071211
202135071212
202135071306
202135071307
202135071308
202135071309
202135071310
202135071311
202135071312
202135071801
202135071802
202135071803
202135071808
202135071809
202135071811
202135071903
202135071904
202135071908
202135071910
202135071912
202135072001
202135072002
202135072004
202135072005
202135072006
202135072007
202135072008
202135072010
202135072011
202135072012
202135072502
202135072506
202135072508
202135072510
202135072602
202135072605
202135072606
202135072607
202135072609
202135072610
202135072611
202135072612
202135072706
202135072709
202135072710
202135072711
202135080101
202135080102
202135080103
202135080105
202135080108
202135080110
202135080111
202135080201
202135080202
202135080204
202135080205
202135080209
202135080210
202135080211
202135080212
202135080301
202135080305
202135080306
202135080307
202135080308
202135080309
202135080310
202135080311
202135080805
202135080806
202135080807
202135080808
202135080809
202135080810
202135080811
202135080903
202135080906
202135080907
202135080908
202135080909
202135080910
202135080911
202135081003
202135081006
202135081007
202135081008
202135081010
202135081011
202135081501
202135081502
202135081506
202135081507
202135081509
202135081510
202135081603
202135081604
202135081605
202135081607
202135081608
202135081611
202135081612
202135081701
202135081703
202135081704
202135081706
202135081708
202135081709
202135081710
202135081711
202135081712
202135082201
202135082205
202135082206
202135082207
202135082211
202135082305
202135082306
202135082307
202135082308
202135082309
202135082401
202135082402
202135082405
202135082406
202135082407
202135082408
202135082409
202135082410
202135082411
202135082903
202135082904
202135082905
202135082906
202135082907
202135082909
202135082910
202135082911
202135082912
202135083003
202135083004
202135083009
202135083011
202135083012
202135083101
202135083102
202135083103
202135083105
202135083106
202135083107
202135083109
202135083110
202135083111
202135090501
202135090503
202135090504
202135090505
202135090508
202135090509
202135090510
202135090511
202135090601
202135090603
202135090604
202135090605
202135090607
202135090608
202135090610
202135090611
202135090701
202135090704
202135090705
202135090706
202135090707
202135090708
202135090709
202135090710
202135090711
202135091201
202135091202
202135091204
202135091205
202135091206
202135091207
202135091208
202135091209
202135091210
202135091211
202135091304
202135091305
202135091308
202135091309
202135091310
202135091311
202135091402
202135091403
202135091404
202135091405
202135091407
202135091409
202135091410
202135091411
202135091901
202135091902
202135091903
202135091904
202135091905
202135091907
202135091908
202135091909
202135091910
202135091911
202135092001
202135092002
202135092003
202135092004
202135092006
202135092007
202135092009
202135092010
202135092011
202135092101
202135092102
202135092103
202135092104
202135092106
202135092107
202135092108
202135092109
202135092110
202135092111
202135092112
202135092601
202135092606
202135092608
202135092610
202135092611
202135092702
202135092703
202135092704
202135092705
202135092706
202135092707
202135092708
202135092709
202135092710
202135092712
202135092801
202135092803
202135092808
202135092809
202135092810
202135092811
202135100301
202135100302
202135100303
202135100304
202135100305
202135100306
202135100307
202135100308
202135100310
202135100311
202135100402
202135100403
202135100404
202135100405
202135100406
202135100408
202135100409
202135100410
202135100411
202135100412
202135100501
202135100502
202135100503
202135100505
202135100506
202135100507
202135100508
202135100509
202135100511
202135101001
202135101002
202135101003
202135101004
202135101005
202135101008
202135101009
202135101010
202135101011
202135101102
202135101103
202135101105
202135101107
202135101108
202135101109
202135101110
202135101111
202135101112
202135101202
202135101203
202135101204
202135101206
202135101207
202135101209
202135101210
202135101211
202135101212
202135101701
202135101702
202135101703
202135101704
202135101705
202135101707
202135101709
202135101710
202135101711
202135101801
202135101802
202135101803
202135101806
202135101807
202135101809
202135101810
202135101811
202135101902
202135101905
202135101906
202135101907
202135101908
202135101909
202135101910
202135101911
202135102404
202135102405
202135102406
202135102407
202135102408
202135102409
202135102411
202135102412
202135102502
202135102503
202135102504
202135102505
202135102507
202135102508
202135102509
202135102511
202135102512
202135102601
202135102602
202135102603
202135102604
202135102605
202135102606
202135102607
202135102608
202135102609
202135102612
202135103101
202135103103
202135103104
202135103105
202135103108
202135103109
202135103110
202135103111
202135110103
202135110104
202135110106
202135110107
202135110108
202135110109
202135110110
202135110111
202135110112
202135110203
202135110204
202135110205
202135110206
202135110207
202135110208
202135110209
202135110210
202135110211
202135110701
202135110702
202135110704
202135110705
202135110706
202135110707
202135110708
202135110710
202135110802
202135110803
202135110804
202135110805
202135110806
202135110808
202135110809
202135110811
202135110812
202135110901
202135110902
202135110903
202135110905
202135110907
202135110909
202135110911
202135111401
202135111402
202135111404
202135111405
202135111406
202135111407
202135111408
202135111409
202135111410
202135111411
202135111503
202135111504
202135111506
202135111507
202135111508
202135111509
202135111511
202135111512
202135111601
202135111604
202135111606
202135111607
202135111608
202135111609
202135111610
202135111611
202135112101
202135112103
202135112105
202135112106
202135112107
202135112109
202135112110
202135112111
202135112112
202135112203
202135112204
202135112206
202135112207
202135112208
202135112304
202135112305
202135112306
202135112307
202135112308
202135112309
202135112312
202136010207
202136010208
202136010210
202136010305
202136010308
202136010310
202136010904
202136010905
202136010906
202136010907
202136010910
202136011001
202136011002
202136011003
202136011006
202136011007
202136011008
202136011009
202136011101
202136011102
202136011103
202136011104
202136011109
202136011110
202136031201
202136031204
202136031205
202136031206
202136031209
202136031211
202136031303
202136031305
202136031306
202136031307
202136031308
202136031309
202136031310
202136031312
202136031407
202136031409
202136031411
202136031501
202136031503
202136031506
202136031507
202136031508
202136031512
202136032002
202136032003
202136032009
202136032010
202136032102
202136032107
202136032108
202136032109
202136032204
202136032206
202136032208
202136032209
202136032701
202136032707
202136032708
202136032709
202136032710
202136032711
202136032801
202136032807
202136032808
202136032902
202136032911
202136040406
202136040408
202136040411
202136040508
202136040509
202136040511
202136040601
202136040602
202136040606
202136040608
202136040609
202136040610
202136040611
202136041107
202136041109
202136041111
202136041202
202136041203
202136041208
202136041212
202136041301
202136041302
202136041304
202136041307
202136041309
202136041311
202136041312
202136041806
202136041808
202136041809
202136041811
202136041907
202136041908
202136041910
202136041912
202136042002
202136042005
202136042006
202136042007
202136042008
202136042009
202136042501
202136042508
202136042509
202136042601
202136042603
202136042606
202136042607
202136042609
202136042610
202136042611
202136042706
202136042707
202136042708
202136042711
202136050208
202136050210
202136050211
202136050304
202136050308
202136050309
202136050310
202136050312
202136050505
202136050506
202136050507
202136050508
202136050510
202136050511
202136050512
202136050908
202136050911
202136051001
202136051004
202136051007
202136051008
202136051010
202136051012
202136051101
202136051102
202136051105
202136051106
202136051107
202136051109
202136051111
202136051112
202136051601
202136051606
202136051609
202136051610
202136051611
202136051707
202136051708
202136051711
202136051803
202136051804
202136051805
202136051806
202136051807
202136051808
202136051809
202136051810
202136051811
202136052301
202136052302
202136052303
202136052304
202136052308
202136052310
202136052311
202136052402
202136052403
202136052405
202136052408
202136052411
202136052412
202136052503
202136052505
202136052506
202136052510
202136052511
202136052512
202136053001
202136053006
202136053007
202136053008
202136053010
202136053011
202136053101
202136053102
202136053106
202136053107
202136053108
202136053110
202136060105
202136060106
202136060108
202136060112
202136060601
202136060602
202136060603
202136060608
202136060610
202136060611
202136060706
202136060707
202136060708
202136060709
202136060710
202136060711
202136060712
202136060802
202136060805
202136060806
202136060809
202136060811
202136060812
202136061304
202136061305
202136061306
202136061307
202136061308
202136061311
202136061401
202136061407
202136061411
202136061501
202136061503
202136061505
202136061506
202136061507
202136061510
202136061511
202136061512
202136062001
202136062002
202136062003
202136062010
202136062011
202136062105
202136062106
202136062108
202136062109
202136062110
202136062111
202136062112
202136062201
202136062204
202136062208
202136062209
202136062212
202136112801
202136112805
202136112806
202136112807
202136112808
202136112809
202136112810
202136112811
202136112902
202136112903
202136112904
202136112905
202136112906
202136112907
202136112909
202136112910
202136112911
202136113003
202136113004
202136113005
202136113006
202136113007
202136113008
202136113009
202136113010
202136113011
202136120503
202136120504
202136120505
202136120507
202136120509
202136120510
202136120511
202136120603
202136120604
202136120605
202136120607
202136120608
202136120611
202136120701
202136120702
202136120704
202136120706
202136120710
202136120711
202136121201
202136121203
202136121204
202136121205
202136121206
202136121207
202136121208
202136121209
202136121210
202136121211
202136121301
202136121302
202136121303
202136121304
202136121305
202136121306
202136121308
202136121309
202136121311
202136121401
202136121402
202136121403
202136121404
202136121405
202136121406
202136121407
202136121408
202136121409
202136121410
202136121411
202136121901
202136121902
202136121905
202136121906
202136121907
202136121911
202136122003
202136122004
202136122005
202136122006
202136122009
202136122010
202136122011
202136122102
202136122105
202136122106
202136122107
202136122110
202136122111
202136122603
202136122604
202136122606
202136122607
202136122608
202136122609
202136122610
202136122702
202136122703
202136122705
202136122708
202136122709
202136123002
202136123004
202136123005
202136123006
202136123007
202136123009
202136123010
202136123101
202136123102
202136123103
202136123104
202136123105
202136123108
202136123109
202136123110
202142010601
202142010602
202142010604
202142010605
202142010606
202142010607
202142010608
202142010609
202142010610
202142010611
202142010612
202142010701
202142010702
202142010703
202142010704
202142010705
202142010707
202142010708
202142010710
202142010711
202142010804
202142010806
202142010808
202142010809
202142010810
202142010811
202142010812
202142020102
202142020103
202142020104
202142020105
202142020106
202142020108
202142020109
202142020110
202142020111
202142020112
202142020201
202142020202
202142020203
202142020204
202142020207
202142020208
202142020209
202142020210
202142020211
202142020212
202142020301
202142020302
202142020303
202142020304
202142020305
202142020306
202142020307
202142020309
202142020310
202142020311
202142020312
202142020401
202142020402
202142020404
202142020405
202142020407
202142020408
202142020409
202142020411
202142020412
202142020503
202142020505
202142020507
202142020508
202142020509
202142020510
202142022201
202142022202
202142022204
202142022205
202142022208
202142022209
202142022210
202142022212
202142022301
202142022302
202142022304
202142022306
202142022307
202142022308
202142022309
202142022310
202142022311
202142022312
202142022401
202142022402
202142022403
202142022404
202142022405
202142022406
202142022407
202142022408
202142022409
202142022410
202142022411
202142022412
202142022502
202142022503
202142022504
202142022505
202142022506
202142022507
202142022508
202142022509
202142022510
202142022511
202142022512
202142022601
202142022603
202142022605
202142022606
202142022609
202142022610
202142032902
202142032903
202142032904
202142032905
202142032906
202142032908
202142032910
202142033002
202142033004
202142033005
202142033006
202142033007
202142033008
202142033009
202142033010
202142033012
202142033101
202142033102
202142033103
202142033104
202142033107
202142033108
202142033109
202142033110
202142033111
202142033112
202142040101
202142040103
202142040104
202142040105
202142040106
202142040107
202142040108
202142040109
202142040110
202142040111
202142040202
202142040203
202142040205
202142040208
202142040209
202142040210
202142040211
202142040212
202142051001
202142051002
202142051003
202142051004
202142051006
202142051007
202142051009
202142051011
202142051012
202142051101
202142051102
202142051104
202142051105
202142051106
202142051107
202142051108
202142051109
202142051111
202142051112
202142051201
202142051203
202142051205
202142051206
202142051207
202142051208
202142051209
202142051210
202142051211
202142051212
202142051301
202142051302
202142051303
202142051305
202142051306
202142051307
202142051308
202142051309
202142051310
202142051311
202142051312
202142051401
202142051403
202142051404
202142051405
202142051406
202142051409
202142051410
202142051411
202142051412
202142053101
202142053102
202142053103
202142053104
202142053105
202142053107
202142053108
202142053109
202142053110
202142053111
202142060101
202142060102
202142060103
202142060105
202142060106
202142060107
202142060108
202142060109
202142060110
202142060111
202142060112
202142060201
202142060202
202142060204
202142060205
202142060206
202142060207
202142060208
202142060209
202142060210
202142060211
202142060301
202142060303
202142060304
202142060306
202142060307
202142060309
202142060310
202142060311
202142060312
202142060401
202142060403
202142060404
202142060405
202142060406
202142060407
202142060408
202142060409
202142060411
202142060412
202142062801
202142062803
202142062804
202142062805
202142062806
202142062807
202142062808
202142062809
202142062810
202142062811
202142062812
202142070101
202142070102
202142070103
202142070104
202142070105
202142070106
202142070107
202142070109
202142070110
202142070111
202142070112
202142070201
202142070202
202142070204
202142070205
202142070207
202142070208
202142070209
202142070210
202142072201
202142072202
202142072204
202142072205
202142072206
202142072208
202142072209
202142072210
202142072211
202142072212
202142072301
202142072302
202142072303
202142072304
202142072305
202142072307
202142072309
202142072311
202142072312
202142072601
202142072602
202142072604
202142072605
202142072606
202142072607
202142072608
202142072609
202142072610
202142072611
202142072612
202142072701
202142072702
202142072704
202142072705
202142072706
202142072707
202142072708
202142072709
202142072710
202142072712
202142082302
202142082303
202142082305
202142082306
202142082308
202142082310
202142082311
202142082312
202142082401
202142082402
202142082403
202142082404
202142082405
202142082406
202142082407
202142082409
202142082411
202142082412
202142082501
202142082502
202142082503
202142082504
202142082505
202142082506
202142082507
202142082508
202142082509
202142082510
202142082511
202142082512
202142082601
202142082602
202142082603
202142082604
202142082605
202142082606
202142082607
202142082608
202142082609
202142082610
202142082611
202142082612
202142092101
202142092102
202142092103
202142092104
202142092105
202142092106
202142092108
202142092109
202142092110
202142092111
202142092112
202142092202
202142092203
202142092204
202142092205
202142092206
202142092207
202142092208
202142092209
202142092210
202142092211
202142092212
202142092301
202142092302
202142092303
202142092305
202142092307
202142092308
202142092309
202142092311
202142092312
202142092401
202142092403
202142092404
202142092405
202142092406
202142092407
202142092408
202142092409
202142092410
202142092411
202142092412
202142101801
202142101802
202142101805
202142101806
202142101807
202142101808
202142101809
202142101810
202142101811
202142101812
202142101901
202142101902
202142101903
202142101904
202142101905
202142101906
202142101907
202142101908
202142101909
202142101910
202142101911
202142101912
202142102001
202142102002
202142102003
202142102005
202142102007
202142102008
202142102009
202142102010
202142102011
202142102012
202142102101
202142102103
202142102104
202142102105
202142102106
202142102107
202142102108
202142102109
202142102110
202142102111
202142102112
202142102201
202142102204
202142102205
202142102206
202142102207
202142102208
202142102209
202142102210
202142102211
202142102212
202142112201
202142112202
202142112203
202142112204
202142112205
202142112206
202142112207
202142112208
202142112209
202142112210
202142112211
202142112302
202142112303
202142112304
202142112305
202142112306
202142112307
202142112308
202142112309
202142112310
202142112311
202142112401
202142112402
202142112403
202142112404
202142112405
202142112406
202142112407
202142112408
202142112409
202142112410
202142112411
202142112501
202142112502
202142112503
202142112504
202142112505
202142112506
202142112507
202142112508
202142112509
202142112510
202142112511
202142112603
202142112604
202142112605
202142112606
202142112607
202142112608
202142112609
202142112611
202142122001
202142122003
202142122004
202142122005
202142122006
202142122007
202142122008
202142122009
202142122010
202142122011
202142122012
202142122102
202142122103
202142122104
202142122105
202142122106
202142122107
202142122108
202142122109
202142122110
202142122111
202142122112
202142122201
202142122202
202142122203
202142122204
202142122205
202142122206
202142122207
202142122208
202142122209
202142122210
202142122211
202142122212
202142122301
202142122302
202142122303
202142122304
202142122305
202142122306
202142122307
202142122308
202142122309
202142122310
202142122311
202142122312
202142122401
202142122402
202142122403
202142122404
202142122405
202142122406
202142122407
202142122408
202142122409
202142122410
202142122411
202143011101
202143011102
202143011103
202143011104
202143011105
202143011106
202143011107
202143011108
202143011109
202143011110
202143011111
202143011112
202143011201
202143011202
202143011203
202143011204
202143011205
202143011206
202143011207
202143011208
202143011209
202143011210
202143011211
202143011212
202143011302
202143011303
202143011304
202143011306
202143011307
202143011308
202143011309
202143011311
202143011312
202143011402
202143011407
202143011408
202143011409
202143011410
202143011411
202143011412
202143011501
202143011502
202143011503
202143011504
202143011505
202143011507
202143011508
202143011509
202143011510
202143011511
202143020801
202143020803
202143020804
202143020805
202143020806
202143020807
202143020808
202143020809
202143020811
202143020812
202143020901
202143020902
202143020903
202143020904
202143020905
202143020906
202143020907
202143020908
202143020909
202143020910
202143020911
202143021001
202143021002
202143021003
202143021005
202143021006
202143021007
202143021010
202143021101
202143021102
202143021103
202143021105
202143021107
202143021109
202143021110
202143021111
202143021112
202143021203
202143021204
202143021205
202143021206
202143021208
202143021209
202143021211
202143021212
202143031502
202143031503
202143031505
202143031506
202143031507
202143031508
202143031509
202143031510
202143031601
202143031602
202143031603
202143031604
202143031605
202143031606
202143031607
202143031608
202143031609
202143031610
202143031611
202143031612
202143031701
202143031702
202143031705
202143031706
202143031707
202143031708
202143031709
202143031710
202143031711
202143031712
202143031801
202143031802
202143031804
202143031806
202143031808
202143031809
202143031810
202143031811
202143031901
202143031904
202143031905
202143031906
202143031907
202143031908
202143031909
202143031910
202143031911
202143031912
202143040501
202143040502
202143040503
202143040505
202143040506
202143040507
202143040508
202143040509
202143040510
202143040512
202143040603
202143040604
202143040605
202143040606
202143040607
202143040608
202143040609
202143040610
202143040611
202143040612
202143040702
202143040703
202143040704
202143040706
202143040707
202143040708
202143040709
202143040710
202143040804
202143040806
202143040807
202143040808
202143040809
202143040810
202143040811
202143040812
202143040901
202143040902
202143040904
202143040905
202143040906
202143040908
202143040909
202143040910
202143040911
202143050301
202143050302
202143050305
202143050307
202143050308
202143050310
202143050311
202143050312
202143050401
202143050402
202143050405
202143050406
202143050407
202143050408
202143050409
202143050410
202143050411
202143050412
202143050501
202143050502
202143050503
202143050504
202143050505
202143050506
202143050507
202143050508
202143050509
202143050511
202143050512
202143050601
202143050602
202143050603
202143050604
202143050605
202143050607
202143050608
202143050609
202143050610
202143050611
202143050612
202143050701
202143050702
202143050703
202143050704
202143050705
202143050706
202143050707
202143050708
202143050709
202143050711
202143062101
202143062103
202143062105
202143062106
202143062108
202143062110
202143062111
202143062112
202143062201
202143062205
202143062206
202143062208
202143062210
202143062211
202143062302
202143062303
202143062304
202143062305
202143062306
202143062307
202143062308
202143062309
202143062310
202143062311
202143062312
202143062401
202143062402
202143062405
202143062406
202143062407
202143062408
202143062410
202143062411
202143062501
202143062502
202143062503
202143062504
202143062506
202143062507
202143062508
202143062509
202143062510
202143062511
202143071701
202143071702
202143071704
202143071705
202143071706
202143071707
202143071708
202143071709
202143071710
202143071711
202143071712
202143071801
202143071802
202143071804
202143071805
202143071806
202143071807
202143071808
202143071809
202143071810
202143071812
202143071901
202143071902
202143071903
202143071904
202143071907
202143071908
202143071909
202143071910
202143071911
202143071912
202143072001
202143072002
202143072003
202143072004
202143072005
202143072006
202143072007
202143072008
202143072009
202143072010
202143072011
202143072012
202143072101
202143072102
202143072103
202143072104
202143072105
202143072106
202143072107
202143072108
202143072109
202143072110
202143072111
202143080901
202143080904
202143080905
202143080906
202143080907
202143080908
202143080909
202143080910
202143080911
202143080912
202143081001
202143081002
202143081003
202143081004
202143081005
202143081006
202143081007
202143081008
202143081009
202143081010
202143081011
202143081101
202143081103
202143081104
202143081105
202143081106
202143081107
202143081108
202143081109
202143081110
202143081111
202143081112
202143081201
202143081203
202143081204
202143081205
202143081206
202143081207
202143081208
202143081209
202143081210
202143081301
202143081302
202143081303
202143081305
202143081306
202143081307
202143081308
202143081309
202143081310
202143081311
202143081312
202143090102
202143090103
202143090104
202143090105
202143090106
202143090107
202143090108
202143090109
202143090110
202143090111
202143090112
202143090201
202143090203
202143090205
202143090206
202143090207
202143090208
202143090209
202143090210
202143090212
202143090301
202143090302
202143090303
202143090304
202143090305
202143090306
202143090307
202143090308
202143090309
202143090311
202143090312
202143090401
202143090402
202143090403
202143090404
202143090405
202143090407
202143090408
202143090409
202143090410
202143090412
202143092702
202143092704
202143092706
202143092707
202143092708
202143092709
202143092710
202143092711
202143092801
202143092802
202143092803
202143092804
202143092806
202143092807
202143092808
202143092809
202143092810
202143092811
202143092812
202143092901
202143092902
202143092904
202143092905
202143092906
202143092907
202143092908
202143092909
202143092910
202143092911
202143092912
202143093001
202143093003
202143093007
202143093008
202143093009
202143093010
202143093011
202143100101
202143100103
202143100104
202143100105
202143100106
202143100107
202143100108
202143100109
202143100110
202143100111
202143102501
202143102502
202143102503
202143102504
202143102505
202143102506
202143102507
202143102509
202143102510
202143102511
202143102512
202143102601
202143102602
202143102603
202143102604
202143102605
202143102606
202143102608
202143102609
202143102610
202143102611
202143102612
202143102701
202143102702
202143102703
202143102704
202143102705
202143102706
202143102707
202143102709
202143102710
202143102711
202143102801
202143102802
202143102803
202143102804
202143102805
202143102806
202143102807
202143102808
202143102809
202143102810
202143102811
202143102812
202143102902
202143102903
202143102906
202143102907
202143102908
202143102909
202143102910
202143102911
202143102912
202143112901
202143112902
202143112903
202143112904
202143112905
202143112906
202143112907
202143112908
202143112909
202143112910
202143112911
202143112912
202143113001
202143113002
202143113003
202143113004
202143113005
202143113006
202143113007
202143113008
202143113009
202143113010
202143113011
202143113012
202143120101
202143120102
202143120103
202143120105
202143120106
202143120107
202143120108
202143120109
202143120110
202143120111
202143120112
202143120201
202143120202
202143120204
202143120205
202143120206
202143120207
202143120208
202143120209
202143120210
202143120211
202143120301
202143120302
202143120303
202143120304
202143120305
202143120306
202143120307
202143120308
202143120309
202143120310
202143120311
202143120312
202144011801
202144011802
202144011803
202144011806
202144011807
202144011808
202144011810
202144011812
202144011901
202144011902
202144011904
202144011905
202144011906
202144011907
202144011908
202144011909
202144011910
202144011911
202144011912
202144012001
202144012002
202144012003
202144012004
202144012005
202144012008
202144012009
202144012010
202144012011
202144012101
202144012102
202144012103
202144012104
202144012105
202144012106
202144012107
202144012108
202144012109
202144012110
202144012112
202144012201
202144012202
202144012203
202144012204
202144012205
202144012206
202144012207
202144012208
202144012209
202144012210
202144012211
202144012212
202144021502
202144021503
202144021504
202144021505
202144021507
202144021508
202144021509
202144021510
202144021511
202144021512
202144021601
202144021603
202144021604
202144021606
202144021607
202144021608
202144021609
202144021610
202144021611
202144021612
202144021701
202144021702
202144021703
202144021704
202144021705
202144021706
202144021707
202144021708
202144021709
202144021710
202144021711
202144021712
202144021801
202144021802
202144021803
202144021804
202144021805
202144021806
202144021807
202144021809
202144021810
202144021811
202144021901
202144021902
202144021904
202144021905
202144021907
202144021908
202144021909
202144021910
202144021911
202144021912
202144030802
202144030803
202144030805
202144030806
202144030808
202144030810
202144030811
202144030812
202144030902
202144030903
202144030904
202144030906
202144030907
202144030908
202144030909
202144030910
202144030911
202144030912
202144031002
202144031003
202144031004
202144031005
202144031006
202144031007
202144031008
202144031009
202144031010
202144031011
202144031012
202144031101
202144031102
202144031103
202144031104
202144031105
202144031106
202144031108
202144031109
202144031110
202144031111
202144031112
202144031201
202144031202
202144031204
202144031205
202144031206
202144031207
202144031208
202144031209
202144031210
202144031211
202144031212
202144032201
202144032202
202144032203
202144032204
202144032206
202144032207
202144032208
202144032209
202144032210
202144032211
202144032301
202144032302
202144032304
202144032305
202144032306
202144032309
202144032310
202144032311
202144032312
202144032402
202144032404
202144032405
202144032406
202144032407
202144032408
202144032409
202144032410
202144032411
202144032412
202144032501
202144032502
202144032503
202144032504
202144032505
202144032506
202144032508
202144032510
202144032511
202144032512
202144032601
202144032602
202144032603
202144032604
202144032605
202144032606
202144032607
202144032608
202144032609
202144032610
202144032612
202144041201
202144041202
202144041203
202144041204
202144041205
202144041206
202144041207
202144041208
202144041210
202144041212
202144041301
202144041302
202144041303
202144041305
202144041306
202144041308
202144041309
202144041310
202144041311
202144041312
202144041402
202144041404
202144041405
202144041406
202144041407
202144041408
202144041409
202144041410
202144041411
202144041412
202144041501
202144041502
202144041503
202144041504
202144041505
202144041506
202144041508
202144041511
202144041512
202144041601
202144041602
202144041603
202144041604
202144041606
202144041607
202144041608
202144041609
202144041610
202144041611
202144041612
202144042601
202144042602
202144042603
202144042604
202144042606
202144042608
202144042609
202144042610
202144042611
202144042702
202144042703
202144042704
202144042705
202144042706
202144042707
202144042708
202144042709
202144042710
202144042711
202144042712
202144042801
202144042802
202144042804
202144042806
202144042807
202144042808
202144042809
202144042810
202144042811
202144042812
202144042902
202144042903
202144042904
202144042905
202144042906
202144042907
202144042908
202144042909
202144042910
202144042911
202144042912
202144043001
202144043002
202144043003
202144043005
202144043006
202144043007
202144043008
202144043009
202144043010
202144043011
202144050101
202144050102
202144050103
202144050104
202144050105
202144050106
202144050107
202144050108
202144051701
202144051703
202144051704
202144051705
202144051706
202144051707
202144051708
202144051709
202144051710
202144051711
202144051801
202144051802
202144051804
202144051805
202144051807
202144051808
202144051809
202144051810
202144051811
202144051812
202144051901
202144051902
202144051903
202144051904
202144051906
202144051907
202144051908
202144051909
202144051910
202144051911
202144051912
202144052002
202144052003
202144052005
202144052006
202144052007
202144052008
202144052009
202144052010
202144052011
202144052012
202144052101
202144052102
202144052103
202144052104
202144052106
202144052107
202144052108
202144052109
202144052112
202144060702
202144060704
202144060706
202144060707
202144060708
202144060709
202144060710
202144060712
202144060801
202144060803
202144060804
202144060805
202144060807
202144060808
202144060809
202144060810
202144060811
202144060812
202144060901
202144060902
202144060904
202144060906
202144060907
202144060908
202144060909
202144060911
202144060912
202144061002
202144061003
202144061004
202144061005
202144061006
202144061007
202144061008
202144061009
202144061010
202144061011
202144061012
202144061101
202144061103
202144061104
202144061105
202144061106
202144061107
202144061108
202144061109
202144061110
202144061111
202144061112
202144062802
202144062803
202144062804
202144062805
202144062806
202144062807
202144062808
202144062810
202144062811
202144062812
202144062901
202144062902
202144062903
202144062904
202144062905
202144062906
202144062907
202144062909
202144062910
202144062911
202144062912
202144063001
202144063002
202144063003
202144063004
202144063005
202144063006
202144063007
202144063008
202144063009
202144063010
202144063011
202144063012
202144070101
202144070102
202144070103
202144070104
202144070106
202144070107
202144070108
202144070109
202144070110
202144070111
202144070112
202144070201
202144070202
202144070203
202144070204
202144070207
202144070208
202144070209
202144070210
202144070211
202144070212
202144071201
202144071202
202144071203
202144071204
202144071205
202144071206
202144071208
202144071209
202144071211
202144071212
202144071301
202144071302
202144071303
202144071304
202144071305
202144071306
202144071307
202144071308
202144071309
202144071310
202144071311
202144071312
202144071401
202144071402
202144071403
202144071404
202144071405
202144071406
202144071407
202144071408
202144071409
202144071410
202144071411
202144071412
202144071501
202144071502
202144071503
202144071504
202144071505
202144071506
202144071507
202144071508
202144071509
202144071510
202144071511
202144071512
202144071601
202144071602
202144071603
202144071604
202144071605
202144071606
202144071607
202144071608
202144071609
202144071610
202144071611
202144071612
202144080202
202144080203
202144080204
202144080205
202144080206
202144080207
202144080208
202144080209
202144080210
202144080211
202144080212
202144080301
202144080302
202144080303
202144080304
202144080305
202144080306
202144080307
202144080308
202144080309
202144080310
202144080311
202144080312
202144080401
202144080402
202144080403
202144080404
202144080405
202144080406
202144080407
202144080408
202144080409
202144080410
202144080411
202144080412
202144080501
202144080502
202144080503
202144080504
202144080506
202144080507
202144080508
202144080509
202144080510
202144080511
202144080512
202144080601
202144080602
202144080603
202144080604
202144080605
202144080606
202144080607
202144080608
202144080609
202144080610
202144080611
202144080612
202144081601
202144081602
202144081603
202144081604
202144081605
202144081606
202144081607
202144081608
202144081609
202144081610
202144081611
202144081612
202144081701
202144081702
202144081703
202144081704
202144081705
202144081706
202144081707
202144081708
202144081709
202144081710
202144081711
202144081712
202144081801
202144081802
202144081803
202144081804
202144081805
202144081806
202144081807
202144081808
202144081809
202144081810
202144081811
202144081812
202144081901
202144081902
202144081903
202144081905
202144081906
202144081909
202144081910
202144081912
202144082002
202144082003
202144082004
202144082005
202144082006
202144082007
202144082008
202144082009
202144082011
202144082012
202144090601
202144090602
202144090603
202144090604
202144090606
202144090607
202144090608
202144090609
202144090610
202144090611
202144090612
202144090701
202144090702
202144090703
202144090704
202144090705
202144090706
202144090707
202144090708
202144090709
202144090710
202144090711
202144090712
202144090801
202144090802
202144090803
202144090804
202144090805
202144090807
202144090808
202144090810
202144090811
202144090812
202144090901
202144090902
202144090903
202144090904
202144090905
202144090906
202144090907
202144090908
202144090909
202144090910
202144090911
202144090912
202144091001
202144091002
202144091004
202144091005
202144091006
202144091007
202144091008
202144091009
202144091010
202144091011
202144091012
202144091801
202144091802
202144091803
202144091804
202144091805
202144091806
202144091807
202144091808
202144091809
202144091810
202144091811
202144091812
202144091901
202144091902
202144091903
202144091904
202144091905
202144091906
202144091908
202144091909
202144091910
202144091911
202144091912
202144092001
202144092003
202144092004
202144092005
202144092006
202144092007
202144092008
202144092009
202144092010
202144092011
202144092012
202144092101
202144092102
202144092103
202144092104
202144092105
202144092106
202144092107
202144092108
202144092109
202144092110
202144092111
202144092201
202144092202
202144092203
202144092204
202144092205
202144092206
202144092208
202144092209
202144092210
202144092211
202144092212
202144100401
202144100402
202144100403
202144100405
202144100406
202144100407
202144100408
202144100409
202144100410
202144100411
202144100412
202144100501
202144100502
202144100503
202144100504
202144100505
202144100506
202144100507
202144100508
202144100509
202144100511
202144100512
202144100601
202144100602
202144100603
202144100604
202144100605
202144100606
202144100608
202144100609
202144100610
202144100612
202144100701
202144100702
202144100703
202144100704
202144100705
202144100706
202144100707
202144100708
202144100709
202144100710
202144100711
202144100712
202144100801
202144100802
202144100803
202144100805
202144100806
202144100807
202144100808
202144100809
202144100810
202144100811
202144100812
202144103101
202144103102
202144103103
202144103104
202144103105
202144103106
202144103107
202144103108
202144103109
202144103110
202144110101
202144110102
202144110103
202144110104
202144110105
202144110106
202144110107
202144110108
202144110109
202144110110
202144110111
202144110201
202144110202
202144110203
202144110204
202144110205
202144110206
202144110207
202144110208
202144110209
202144110210
202144110211
202144110212
202144110302
202144110303
202144110304
202144110305
202144110306
202144110307
202144110308
202144110309
202144110310
202144110311
202144110401
202144110402
202144110403
202144110404
202144110405
202144110406
202144110407
202144110408
202144110409
202144110410
202144110411
202144110412
202144110501
202144110502
202144110503
202144110504
202144110505
202144110506
202144110507
202144110508
202144110509
202144110510
202144110511
202144111501
202144111502
202144111503
202144111504
202144111505
202144111506
202144111507
202144111508
202144111509
202144111510
202144111511
202144111512
202144111601
202144111602
202144111603
202144111604
202144111605
202144111606
202144111607
202144111608
202144111609
202144111610
202144111611
202144111612
202144111701
202144111702
202144111703
202144111704
202144111705
202144111706
202144111707
202144111708
202144111710
202144111711
202144111712
202144111801
202144111802
202144111803
202144111804
202144111805
202144111806
202144111807
202144111809
202144111810
202144111811
202144111812
202144111901
202144111902
202144111903
202144111904
202144111905
202144111906
202144111907
202144111908
202144111909
202144111911
202144111912
202144120602
202144120603
202144120604
202144120605
202144120606
202144120607
202144120608
202144120609
202144120610
202144120611
202144120612
202144120701
202144120702
202144120703
202144120704
202144120705
202144120706
202144120707
202144120708
202144120709
202144120710
202144120711
202144120712
202144120801
202144120802
202144120803
202144120804
202144120805
202144120806
202144120807
202144120808
202144120809
202144120810
202144120811
202144120812
202144120901
202144120902
202144120903
202144120904
202144120905
202144120906
202144120907
202144120908
202144120909
202144120910
202144120911
202144120912
202144121001
202144121002
202144121003
202144121004
202144121005
202144121006
202144121007
202144121008
202144121009
202144121010
202144121011
202144121012
202144122401
202144122402
202144122403
202144122404
202144122405
202144122406
202144122407
202144122408
202144122409
202144122410
202144122701
202144122702
202144122703
202144122704
202144122705
202144122707
202144122708
202144122709
202144122710
202144122711
202144122712
202144122801
202144122802
202144122803
202144122804
202144122805
202144122806
202144122807
202144122808
202144122809
202144122810
202144122901
202144122902
202144122903
202144122904
202144122905
202144122906
202144122907
202144122908
202144122909
202144122910
202144122911
202144122912
202144123001
202144123002
202144123003
202144123004
202144123005
202144123006
202144123007
202144123008
202144123009
202144123010
202144123011
202144123012
202144123101
202144123102
202144123104
202144123105
202144123106
202144123107
202144123108
202144123109
202144123110
202144123111
202144123112
202145010101
202145010102
202145010103
202145010104
202145010105
202145010106
202145010107
202145010109
202145010110
202145010111
202145010112
202145010202
202145010204
202145010205
202145010207
202145010209
202145010210
202145010211
202145010212
202145010303
202145010304
202145010306
202145010307
202145010308
202145010310
202145010311
202145010312
202145010401
202145010402
202145010403
202145010404
202145010405
202145010406
202145010407
202145010409
202145010410
202145010412
202145012503
202145012504
202145012507
202145012508
202145012509
202145012510
202145012511
202145012601
202145012602
202145012603
202145012604
202145012606
202145012607
202145012608
202145012609
202145012610
202145012611
202145012701
202145012703
202145012704
202145012705
202145012706
202145012707
202145012708
202145012709
202145012711
202145012802
202145012803
202145012804
202145012805
202145012806
202145012807
202145012808
202145012809
202145012810
202145012811
202145012812
202145012901
202145012902
202145012903
202145012904
202145012905
202145012906
202145012907
202145012909
202145012910
202145012912
202145030102
202145030103
202145030106
202145030107
202145030108
202145030109
202145030110
202145030111
202145030112
202145030201
202145030202
202145030203
202145030205
202145030206
202145030207
202145030208
202145030209
202145030210
202145030211
202145030212
202145030301
202145030302
202145030305
202145030306
202145030307
202145030308
202145030310
202145030311
202145030312
202145030402
202145030403
202145030404
202145030405
202145030407
202145030408
202145030410
202145030411
202145030412
202145030502
202145030503
202145030504
202145030505
202145030506
202145030507
202145030508
202145030509
202145030510
202145030511
202145030512
202145041901
202145041902
202145041903
202145041904
202145041905
202145041907
202145041909
202145041910
202145041911
202145041912
202145042001
202145042002
202145042003
202145042005
202145042006
202145042007
202145042008
202145042009
202145042011
202145042012
202145042103
202145042104
202145042105
202145042106
202145042107
202145042108
202145042109
202145042110
202145042111
202145042112
202145042201
202145042202
202145042203
202145042204
202145042205
202145042206
202145042207
202145042208
202145042209
202145042210
202145042211
202145042212
202145042302
202145042303
202145042304
202145042305
202145042307
202145042308
202145042310
202145042311
202145052403
202145052404
202145052405
202145052406
202145052407
202145052408
202145052409
202145052412
202145052501
202145052502
202145052504
202145052506
202145052507
202145052508
202145052509
202145052510
202145052511
202145052512
202145052601
202145052602
202145052603
202145052605
202145052606
202145052608
202145052609
202145052610
202145052611
202145052612
202145052706
202145052707
202145052708
202145052709
202145052710
202145052711
202145052712
202145052801
202145052802
202145052803
202145052804
202145052805
202145052806
202145052809
202145052811
202145052812
202145061403
202145061404
202145061405
202145061406
202145061407
202145061408
202145061409
202145061410
202145061411
202145061412
202145061501
202145061502
202145061503
202145061504
202145061505
202145061506
202145061507
202145061509
202145061510
202145061511
202145061512
202145061601
202145061602
202145061604
202145061605
202145061606
202145061608
202145061609
202145061610
202145061611
202145061612
202145061703
202145061705
202145061706
202145061707
202145061708
202145061709
202145061710
202145061711
202145061801
202145061802
202145061804
202145061805
202145061807
202145061808
202145061809
202145061811
202145061812
202145070501
202145070504
202145070505
202145070509
202145070511
202145070512
202145070604
202145070605
202145070606
202145070607
202145070608
202145070609
202145070610
202145070611
202145070612
202145070702
202145070703
202145070705
202145070706
202145070708
202145070709
202145070710
202145070711
202145070712
202145070803
202145070804
202145070805
202145070806
202145070807
202145070808
202145070809
202145070810
202145070811
202145070812
202145070901
202145070902
202145070903
202145070904
202145070905
202145070907
202145070908
202145070909
202145070910
202145070911
202145070912
202145072801
202145072802
202145072803
202145072805
202145072806
202145072807
202145072808
202145072809
202145072810
202145072811
202145072812
202145072904
202145072905
202145072907
202145072909
202145072910
202145072911
202145072912
202145073003
202145073004
202145073005
202145073006
202145073007
202145073008
202145073009
202145073010
202145073011
202145073012
202145073101
202145073102
202145073104
202145073105
202145073106
202145073107
202145073108
202145073109
202145073110
202145082702
202145082703
202145082704
202145082705
202145082706
202145082708
202145082709
202145082710
202145082711
202145082712
202145082902
202145082904
202145082905
202145082906
202145082907
202145082908
202145082909
202145082910
202145082911
202145083001
202145083002
202145083003
202145083004
202145083005
202145083006
202145083008
202145083009
202145083010
202145083011
202145083012
202145083101
202145083102
202145083103
202145083104
202145083105
202145083106
202145083107
202145083108
202145083109
202145083110
202145083111
202145091302
202145091303
202145091304
202145091306
202145091307
202145091308
202145091309
202145091310
202145091311
202145091401
202145091402
202145091403
202145091404
202145091405
202145091406
202145091407
202145091408
202145091409
202145091410
202145091411
202145091412
202145091501
202145091502
202145091504
202145091505
202145091506
202145091507
202145091508
202145091509
202145091510
202145091511
202145091512
202145091601
202145091602
202145091603
202145091604
202145091605
202145091606
202145091607
202145091608
202145091609
202145091610
202145091611
202145091702
202145091703
202145091705
202145091706
202145091707
202145091709
202145091710
202145091711
202145101101
202145101102
202145101104
202145101105
202145101106
202145101107
202145101108
202145101109
202145101110
202145101111
202145101112
202145101201
202145101202
202145101203
202145101205
202145101206
202145101207
202145101208
202145101209
202145101210
202145101211
202145101301
202145101302
202145101303
202145101304
202145101305
202145101306
202145101307
202145101308
202145101309
202145101310
202145101311
202145101401
202145101402
202145101403
202145101404
202145101405
202145101406
202145101407
202145101408
202145101409
202145101410
202145101411
202145101412
202145101501
202145101502
202145101503
202145101504
202145101505
202145101506
202145101507
202145101509
202145101510
202145101511
202145101512
202145110801
202145110802
202145110803
202145110804
202145110805
202145110806
202145110809
202145110810
202145110812
202145110901
202145110902
202145110904
202145110905
202145110906
202145110907
202145110908
202145110909
202145110910
202145110911
202145110912
202145111001
202145111002
202145111005
202145111006
202145111007
202145111008
202145111009
202145111010
202145111011
202145111012
202145111101
202145111102
202145111103
202145111104
202145111105
202145111106
202145111107
202145111108
202145111109
202145111110
202145111111
202145111112
202145111201
202145111202
202145111203
202145111204
202145111205
202145111206
202145111207
202145111208
202145111209
202145111210
202145111211
202145121301
202145121302
202145121303
202145121304
202145121305
202145121306
202145121307
202145121308
202145121309
202145121310
202145121311
202145121312
202145121401
202145121402
202145121403
202145121404
202145121405
202145121406
202145121407
202145121408
202145121409
202145121410
202145121411
202145121412
202145121501
202145121502
202145121503
202145121504
202145121505
202145121506
202145121507
202145121508
202145121509
202145121510
202145121511
202145121512
202145121601
202145121604
202145121605
202145121606
202145121607
202145121608
202145121609
202145121610
202145121611
202145121612
202145121701
202145121702
202145121703
202145121704
202145121705
202145121706
202145121707
202145121708
202145121709
202145121710
202145121711
202145121712
202146031401
202146031402
202146031404
202146031407
202146031409
202146031410
202146031502
202146031504
202146031506
202146031509
202146031510
202146031512
202146031603
202146031605
202146031608
202146031609
202146031611
202146031612
202146032101
202146032104
202146032106
202146032107
202146032109
202146032303
202146032304
202146032305
202146032308
202146032310
202146032801
202146032802
202146032803
202146032804
202146032807
202146032808
202146032809
202146033006
202146033008
202146033009
202146040403
202146040406
202146040407
202146040408
202146040410
202146040602
202146040604
202146040609
202146040611
202146041101
202146041102
202146041103
202146041108
202146041110
202146041303
202146041305
202146041307
202146041308
202146041309
202146041310
202146041311
202146041802
202146041803
202146041807
202146041808
202146041810
202146041811
202146042001
202146042002
202146042006
202146042007
202146042009
202146042010
202146042011
202146042502
202146042504
202146042505
202146042506
202146042507
202146042511
202146042704
202146042705
202146042706
202146042708
202146042710
202146050207
202146050208
202146050209
202146050210
202146050301
202146050302
202146050303
202146050305
202146050306
202146050307
202146050309
202146050401
202146050402
202146050403
202146050404
202146050409
202146050411
202146050502
202146050505
202146050507
202146050509
202146051001
202146051007
202146051008
202146051009
202146051010
202146051102
202146051103
202146051105
202146051106
202146051108
202146051109
202146051110
202146051111
202146051602
202146051604
202146051605
202146051606
202146051608
202146051609
202146051610
202146051611
202146051802
202146051803
202146051804
202146051807
202146051811
202146052304
202146052305
202146052306
202146052308
202146052309
202146052310
202146052501
202146052502
202146052503
202146052504
202146052505
202146052507
202146052509
202146052510
202146052511
202146052512
202146053001
202146053003
202146053006
202146053010
202146053011
202146060101
202146060103
202146060104
202146060107
202146060110
202146060112
202146060602
202146060604
202146060607
202146060608
202146060610
202146060611
202146060801
202146060804
202146060805
202146060806
202146060808
202146060809
202146060810
202146060812
202146061301
202146061302
202146061303
202146061307
202146061308
202146061309
202146061311
202146061505
202146061507
202146061509
202146061510
202146061511
202146061512
202146062001
202146062005
202146062006
202146062007
202146062008
202146062010
202146062011
202146062204
202146062205
202146062208
202146062209
202146062210
202146062211
202146062212
202146062701
202146062702
202146062703
202146062704
202146062706
202146062707
202146062708
202146062709
202146062711
202146062903
202146062904
202146062905
202146062906
202146062907
202146062909
202146062911
202146062912
202146070402
202146070403
202146070405
202146070407
202146070408
202146070409
202146070410
202146070411
202146070603
202146070604
202146070605
202146070606
202146070607
202146070608
202146070609
202146070610
202146070611
202146070612
202146071101
202146071103
202146071105
202146071107
202146071109
202146071110
202146071111
202146071301
202146071305
202146071306
202146071308
202146071309
202146071311
202146071312
202146071801
202146071804
202146071807
202146071808
202146071809
202146071810
202146071811
202146072002
202146072003
202146072005
202146072007
202146072008
202146072011
202146072012
202146072504
202146072507
202146072508
202146072509
202146072511
202146072701
202146072703
202146072704
202146072706
202146072707
202146072708
202146072711
202146072712
202146080102
202146080103
202146080104
202146080106
202146080107
202146080109
202146080110
202146080111
202146081502
202146081503
202146081504
202146081505
202146081506
202146081508
202146081509
202146081510
202146081511
202146081704
202146081705
202146081706
202146081708
202146081709
202146081711
202146081712
202146082201
202146082202
202146082204
202146082205
202146082211
202146082212
202146082405
202146082406
202146082407
202146082408
202146082409
202146082410
202146082411
202146082412
202146082904
202146082906
202146082907
202146082908
202146082910
202146082911
202146083102
202146083103
202146083104
202146083105
202146083107
202146083108
202146083109
202146083110
202146083111
202146083112
202146090503
202146090504
202146090505
202146090507
202146090509
202146090511
202146090703
202146090706
202146090709
202146090710
202146090711
202146090712
202146091201
202146091206
202146091207
202146091208
202146091209
202146091210
202146091401
202146091402
202146091404
202146091406
202146091407
202146091409
202146091410
202146092102
202146092104
202146092105
202146092106
202146092107
202146092108
202146092109
202146092201
202146092203
202146092204
202146092206
202146092208
202146092209
202146092301
202146092302
202146092304
202146092306
202146092308
202146092309
202146092310
202146092806
202146092807
202146092808
202146092810
202146092811
202146092902
202146092903
202146092907
202146092908
202146092909
202146092910
202146092911
202146100401
202146100402
202146100403
202146100404
202146100405
202146100406
202146100407
202146100408
202146100409
202146100410
202146100411
202146100501
202146100502
202146100503
202146100504
202146100507
202146100510
202146100511
202146101107
202146101108
202146101109
202146101110
202146101111
202146101112
202146101201
202146101204
202146101205
202146101206
202146101209
202146101211
202146101212
202146101701
202146101702
202146101705
202146101706
202146101708
202146101710
202146101711
202146101903
202146101904
202146101905
202146101906
202146101907
202146101909
202146101910
202146101911
202146101912
202146102401
202146102406
202146102407
202146102408
202146102409
202146102410
202146102602
202146102604
202146102607
202146102608
202146102609
202146102610
202146103101
202146103102
202146103105
202146103106
202146103107
202146103108
202146103109
202146110101
202146110102
202146110104
202146110105
202146110108
202146110109
202146110110
202146110301
202146110303
202146110304
202146110305
202146110306
202146110307
202146110308
202146110309
202146110310
202146110803
202146110805
202146110806
202146110807
202146110808
202146110809
202146110810
202146110902
202146110907
202146110908
202146110909
202146110910
202146111402
202146111404
202146111406
202146111407
202146111409
202146111410
202146111505
202146111506
202146111507
202146111509
202146111510
202146111603
202146111604
202146111605
202146111606
202146111607
202146111609
202146111610
202146112101
202146112104
202146112106
202146112108
202146112109
202146112301
202146112303
202146112306
202146112307
202146112308
202146112310
202146112803
202146112805
202146112806
202146112807
202146112809
202146112810
202146112902
202146112904
202146112905
202146112906
202146112908
202146112909
202146113002
202146113003
202146113004
202146113006
202146113007
202146113008
202146113009
202146113010
202146120501
202146120506
202146120507
202146120508
202146120701
202146120704
202146120705
202146120707
202146120708
202146120709
202146120710
202146120711
202146121201
202146121202
202146121203
202146121205
202146121207
202146121208
202146121209
202146121210
202146121401
202146121402
202146121403
202146121404
202146121405
202146121406
202146121407
202146121411
202146122104
202146122105
202146122107
202146122109
202146122110
202146122203
202146122205
202146122206
202146122207
202146122208
202146122209
202146122302
202146122303
202146122304
202146122305
202146122308
202146122309
202146122310
202146122701
202146122704
202146122705
202146122706
202146122707
202146122710
202146122801
202146122804
202146122805
202146122806
202146122807
202146122810
202147010604
202147010605
202147010701
202147010707
202147010708
202147010709
202147010802
202147010805
202147010808
202147010810
202147010812
202147011201
202147011205
202147011206
202147011207
202147011208
202147011209
202147011210
202147011903
202147011904
202147011905
202147011908
202147011909
202147011911
202147012003
202147012006
202147012009
202147012010
202147012101
202147012105
202147012106
202147012107
202147012108
202147012109
202147012110
202147090801
202147090802
202147090803
202147090805
202147090809
202147090811
202147090812
202147090901
202147090904
202147090907
202147090908
202147090909
202147090910
202147090911
202147091001
202147091002
202147091003
202147091004
202147091005
202147091006
202147091007
202147091008
202147091011
202147091012
202147092101
202147092103
202147092105
202147092109
202147092110
202147092201
202147092202
202147092203
202147092206
202147092207
202147092208
202147092209
202147092210
202147092301
202147092302
202147092305
202147092306
202147092308
202147092309
202147092311
202147092401
202147092403
202147092404
202147092405
202147092406
202147092409
202147092411
202147100502
202147100503
202147100504
202147100505
202147100507
202147100508
202147100509
202147100510
202147100601
202147100603
202147100604
202147100605
202147100609
202147100610
202147100701
202147100702
202147100703
202147100704
202147100705
202147100709
202147100801
202147100802
202147100803
202147100804
202147100805
202147100808
202147100810
202147102601
202147102604
202147102606
202147102607
202147102608
202147102609
202147102610
202147102701
202147102704
202147102706
202147102708
202147102709
202147102710
202147102801
202147102802
202147102803
202147102804
202147102805
202147102807
202147102809
202147102810
202147102811
202147102901
202147102902
202147102903
202147102909
202147102911
202147110803
202147110804
202147110805
202147110806
202147110807
202147110808
202147110809
202147110810
202147111001
202147111003
202147111004
202147111007
202147111008
202147111009
202147111010
202147111011
202147111101
202147111103
202147111104
202147111105
202147111106
202147111108
202147111109
202147111110
202147111111
202147111201
202147111202
202147111206
202147111208
202147111210
202147111211
202147112302
202147112304
202147112305
202147112306
202147112307
202147112308
202147112309
202147112310
202147112311
202147112401
202147112402
202147112405
202147112406
202147112408
202147112410
202147112501
202147112502
202147112504
202147112506
202147112507
202147112508
202147112509
202147112510
202147112511
202147112601
202147112602
202147112603
202147112604
202147112605
202147112606
202147112610
202147112611
202147121403
202147121404
202147121405
202147121406
202147121407
202147121408
202147121409
202147121411
202147121501
202147121503
202147121505
202147121506
202147121507
202147121509
202147121510
202147121511
202147121604
202147121605
202147121606
202147121608
202147121609
202147121610
202147121701
202147121704
202147121705
202147121706
202147121707
202147121710
202147121711
202147122701
202147122703
202147122706
202147122707
202147122708
202147122709
202147122711
202147122712
202147122903
202147122905
202147122906
202147122907
202147122908
202147122911
202147123003
202147123004
202147123005
202147123008
202147123009
202147123010
202147123101
202147123102
202147123104
202147123106
202147123107
202147123108
202147123110
202147123111
202148010101
202148010105
202148010108
202148010109
202148010111
202148010112
202148010201
202148010203
202148010204
202148010206
202148010207
202148010209
202148010210
202148010211
202148010301
202148010302
202148010306
202148010310
202148010401
202148010402
202148010407
202148010408
202148010410
202148010411
202148011301
202148011303
202148011305
202148011310
202148011312
202148011402
202148011403
202148011407
202148011408
202148011409
202148011411
202148011501
202148011508
202148011511
202148011512
202148011805
202148011806
202148011808
202148011809
202148011811
202148012604
202148012606
202148012607
202148012608
202148012609
202148012610
202148012611
202148012701
202148012705
202148012706
202148012708
202148012710
202148012711
202148012712
202148012801
202148012802
202148012807
202148012809
202148012810
202148012812
202148012902
202148012903
202148012904
202148012906
202148012908
202148012912
202148020804
202148020805
202148020807
202148020810
202148020901
202148020902
202148020903
202148020904
202148020906
202148020908
202148020909
202148020910
202148021001
202148021004
202148021007
202148021009
202148021010
202148021101
202148021108
202148021110
202148021202
202148021206
202148021207
202148021209
202148021211
202148022201
202148022204
202148022206
202148022209
202148022301
202148022305
202148022306
202148022307
202148022308
202148022309
202148022310
202148022404
202148022407
202148022410
202148022502
202148022503
202148022504
202148022508
202148022602
202148022603
202148022606
202148022608
202148022609
202148022610
202148022611
202148030901
202148030903
202148030905
202148030906
202148030907
202148030910
202148030911
202148030912
202148031002
202148031005
202148031007
202148031009
202148031010
202148031011
202148031012
202148031101
202148031102
202148031103
202148031110
202148031111
202148031201
202148031204
202148031206
202148031207
202148031208
202148031209
202148031210
202148031212
202148032302
202148032305
202148032306
202148032308
202148032311
202148032312
202148032402
202148032410
202148032501
202148032502
202148032503
202148032504
202148032508
202148032509
202148032510
202148032511
202148032603
202148032604
202148032605
202148032607
202148032608
202148032609
202148032610
202148032612
202148040501
202148040506
202148040508
202148040509
202148040510
202148040511
202148040512
202148040701
202148040702
202148040704
202148040705
202148040711
202148040801
202148040802
202148040804
202148040805
202148040806
202148040807
202148040808
202148040903
202148040904
202148040905
202148040909
202148040910
202148040911
202148040912
202148041902
202148041903
202148041907
202148041908
202148041912
202148042103
202148042105
202148042108
202148042109
202148042110
202148042111
202148042203
202148042204
202148042205
202148042206
202148042208
202148042210
202148042303
202148042305
202148042306
202148042308
202148042309
202148042310
202148042311
202148050301
202148050302
202148050303
202148050304
202148050308
202148050309
202148050311
202148050312
202148050402
202148050409
202148050410
202148050411
202148050501
202148050503
202148050506
202148050507
202148050509
202148050511
202148050702
202148050704
202148050705
202148050706
202148050707
202148050708
202148050709
202148050710
202148050712
202148051801
202148051806
202148051807
202148051809
202148051811
202148051812
202148051901
202148051902
202148051903
202148051911
202148051912
202148052001
202148052002
202148052004
202148052005
202148052007
202148052008
202148052009
202148052102
202148052106
202148052107
202148052110
202148052111
202148052112
202148060201
202148060206
202148060207
202148060208
202148060209
202148060212
202148060301
202148060302
202148060303
202148060308
202148060310
202148060311
202148060312
202148060402
202148060403
202148060407
202148060409
202148060411
202148060702
202148060703
202148060704
202148060706
202148060707
202148060708
202148060709
202148060710
202148060711
202148060712
202148061504
202148061507
202148061509
202148061510
202148061511
202148061601
202148061603
202148061606
202148061608
202148061611
202148061612
202148061701
202148061702
202148061703
202148061704
202148061706
202148061708
202148061711
202148061802
202148061803
202148061804
202148061805
202148061806
202148061807
202148061809
202148061811
202148062901
202148062904
202148062908
202148062909
202148062912
202148063001
202148063002
202148063003
202148063004
202148063007
202148063009
202148063010
202148063011
202148070101
202148070102
202148070104
202148070110
202148070111
202148070112
202148070202
202148070203
202148070204
202148070205
202148070206
202148070207
202148070208
202148070211
202148070212
202148070701
202148070703
202148070707
202148070709
202148070710
202148070711
202148070802
202148070803
202148070804
202148070805
202148070809
202148070810
202148070811
202148070903
202148070904
202148070905
202148070910
202148070911
202148070912
202148071201
202148071202
202148071203
202148071204
202148071205
202148071206
202148071207
202148071208
202148071212
202148072002
202148072003
202148072006
202148072010
202148072011
202148072012
202148072101
202148072102
202148072103
202148072104
202148072108
202148072109
202148072110
202148072112
202148072201
202148072202
202148072203
202148072204
202148072206
202148072209
202148072210
202148072211
202148072212
202148072304
202148072305
202148072306
202148072307
202148072308
202148080302
202148080303
202148080304
202148080306
202148080309
202148080311
202148080312
202148080402
202148080403
202148080408
202148080409
202148080410
202148080411
202148080501
202148080502
202148080505
202148080508
202148080509
202148080510
202148080511
202148080512
202148080602
202148080603
202148080605
202148080606
202148080608
202148080609
202148080611
202148081701
202148081702
202148081705
202148081706
202148081707
202148081709
202148081710
202148081711
202148081712
202148081801
202148081802
202148081804
202148081807
202148081810
202148081811
202148081901
202148081902
202148081903
202148081904
202148081905
202148081907
202148081909
202148081910
202148081911
202148082001
202148082002
202148082003
202148082004
202148082005
202148082007
202148082008
202148082009
202148082010
202148082011
202148083101
202148083102
202148083105
202148083106
202148083107
202148083109
202148083110
202148083111
202148083112
202148090101
202148090102
202148090103
202148090104
202148090107
202148090109
202148090111
202148090201
202148090202
202148090204
202148090205
202148090207
202148090208
202148090210
202148090211
202148090212
202148090302
202148090303
202148090304
202148090306
202148090309
202148090310
202148090311
202148090312
202148091401
202148091402
202148091404
202148091407
202148091408
202148091410
202148091411
202148091501
202148091502
202148091503
202148091504
202148091505
202148091507
202148091508
202148091510
202148091601
202148091602
202148091603
202148091604
202148091605
202148091608
202148091609
202148091610
202148091611
202148091702
202148091703
202148091706
202148091707
202148091709
202148091710
202148091711
202148092801
202148092803
202148092805
202148092806
202148092807
202148092808
202148092810
202148092811
202148092812
202148092901
202148092902
202148092904
202148092908
202148092910
202148092911
202148093001
202148093002
202148093003
202148093005
202148093006
202148093007
202148093008
202148093009
202148093010
202148093011
202148093012
202148100101
202148100102
202148100103
202148100105
202148100106
202148100107
202148100112
202148101101
202148101104
202148101105
202148101106
202148101108
202148101109
202148101110
202148101111
202148101112
202148101301
202148101302
202148101303
202148101304
202148101305
202148101306
202148101307
202148101308
202148101309
202148101310
202148101311
202148101312
202148101401
202148101402
202148101403
202148101404
202148101406
202148101407
202148101408
202148101409
202148101410
202148101411
202148101501
202148101502
202148101503
202148101504
202148101506
202148101508
202148101509
202148101510
202148101511
202148102003
202148102005
202148102008
202148102009
202148102010
202148102012
202148102101
202148102103
202148102104
202148102105
202148102108
202148102110
202148102111
202148102201
202148102202
202148102203
202148102204
202148102205
202148102207
202148102208
202148102209
202148102210
202148102211
202148102501
202148102502
202148102503
202148102505
202148102506
202148102507
202148102509
202148102510
202148102512
202148110102
202148110104
202148110107
202148110108
202148110110
202148110111
202148110112
202148110201
202148110202
202148110203
202148110204
202148110205
202148110209
202148110210
202148110401
202148110402
202148110405
202148110407
202148110408
202148110409
202148110410
202148110411
202148110412
202148110501
202148110503
202148110504
202148110510
202148110511
202148110512
202148111504
202148111506
202148111508
202148111509
202148111510
202148111602
202148111603
202148111605
202148111606
202148111607
202148111608
202148111609
202148111610
202148111701
202148111702
202148111703
202148111705
202148111706
202148111707
202148111710
202148111711
202148111801
202148111802
202148111806
202148111809
202148111810
202148111901
202148111902
202148111903
202148111904
202148111905
202148111910
202148111911
202148113005
202148113006
202148113009
202148113010
202148113011
202148113012
202148120101
202148120102
202148120103
202148120104
202148120105
202148120107
202148120108
202148120110
202148120111
202148120112
202148120201
202148120202
202148120203
202148120206
202148120212
202148120301
202148120302
202148120303
202148120304
202148120306
202148120307
202148120308
202148120311
202148120804
202148120805
202148120806
202148120807
202148120809
202148120810
202148120811
202148120812
202148120901
202148120902
202148120903
202148120904
202148120905
202148120906
202148120907
202148120908
202148120909
202148120911
202148120912
202148121001
202148121002
202148121004
202148121008
202148121010
202148121011
202148121012
202148121301
202148121302
202148121303
202148121304
202148121306
202148121307
202148121308
202148121310
202148121311
202148121312
202148122004
202148122005
202148122007
202148122008
202148122009
202148122010
202148122201
202148122202
202148122204
202148122205
202148122206
202148122207
202148122208
202148122209
202148122211
202148122212
202148122301
202148122304
202148122305
202148122306
202148122311
202148122312
202148122401
202148122402
202148122404
202148122405
202148122406
202148122408
202148122411
202148122412
202150010201
202150010202
202150010204
202150010206
202150010207
202150010208
202150010209
202150010210
202150010211
202150010304
202150010305
202150010307
202150010308
202150010309
202150010310
202150010311
202150010312
202150010602
202150010603
202150010607
202150010608
202150010609
202150010610
202150010611
202150010612
202150010701
202150010702
202150010703
202150010705
202150010706
202150010707
202150010709
202150010710
202150010711
202150010712
202150041302
202150041304
202150041306
202150041309
202150041311
202150041401
202150041402
202150041403
202150041404
202150041406
202150041407
202150041408
202150041409
202150041410
202150041411
202150041502
202150041504
202150041505
202150041506
202150041507
202150041508
202150041509
202150041510
202150041511
202150041512
202150041603
202150041604
202150041605
202150041606
202150041607
202150041608
202150041609
202150041610
202150041612
202150042004
202150042006
202150042007
202150042008
202150042009
202150042010
202150042011
202150042102
202150042103
202150042104
202150042105
202150042106
202150042107
202150042110
202150042111
202150042112
202150042204
202150042205
202150042206
202150042207
202150042208
202150042209
202150042210
202150042211
202150042212
202150042702
202150042703
202150042704
202150042705
202150042706
202150042707
202150042708
202150042709
202150042710
202150042711
202150042801
202150042802
202150042804
202150042805
202150042806
202150042807
202150042808
202150042809
202150042810
202150042811
202150042812
202150042904
202150042905
202150042907
202150042908
202150042909
202150042910
202150042911
202150042912
202150050305
202150050307
202150050309
202150050310
202150050311
202150050402
202150050403
202150050404
202150050405
202150050406
202150050407
202150050408
202150050409
202150050410
202150050411
202150050412
202150050502
202150050504
202150050505
202150050506
202150050507
202150050508
202150050509
202150050510
202150050511
202150050512
202150050601
202150050602
202150050603
202150050604
202150050606
202150050607
202150050608
202150050610
202150050611
202150050612
202150051201
202150051203
202150051204
202150051205
202150051206
202150051207
202150051208
202150051209
202150051210
202150051212
202150051302
202150051303
202150051305
202150051306
202150051307
202150051308
202150051309
202150051310
202150051311
202150051312
202150051403
202150051404
202150051406
202150051408
202150051409
202150051410
202150051411
202150051412
202150051901
202150051902
202150051903
202150051904
202150051905
202150051907
202150051908
202150051909
202150051910
202150051911
202150051912
202150052001
202150052002
202150052004
202150052006
202150052007
202150052008
202150052009
202150052011
202150052012
202150052101
202150052103
202150052104
202150052105
202150052106
202150052107
202150052108
202150052109
202150052110
202150052111
202150052112
202150052601
202150052602
202150052603
202150052604
202150052606
202150052609
202150052610
202150052611
202150052612
202150052703
202150052704
202150052705
202150052707
202150052708
202150052709
202150052710
202150052711
202150052803
202150052805
202150052806
202150052807
202150052808
202150052809
202150052810
202150052811
202150052812
202150060201
202150060202
202150060206
202150060207
202150060208
202150060209
202150060211
202150060302
202150060304
202150060305
202150060306
202150060307
202150060309
202150060310
202150060312
202150060401
202150060402
202150060404
202150060405
202150060406
202150060407
202150060408
202150060410
202150060411
202150060412
202150060901
202150060902
202150060903
202150060906
202150060908
202150060909
202150060910
202150060912
202150061002
202150061004
202150061005
202150061006
202150061007
202150061008
202150061009
202150061010
202150061011
202150061012
202150061101
202150061102
202150061103
202150061104
202150061105
202150061106
202150061107
202150061108
202150061109
202150061110
202150061111
202150061112
202150061602
202150061603
202150061605
202150061606
202150061607
202150061608
202150061609
202150061610
202150061612
202150061701
202150061702
202150061704
202150061705
202150061706
202150061707
202150061708
202150061709
202150061710
202150061711
202150061712
202150061802
202150061803
202150061805
202150061806
202150061808
202150061809
202150061810
202150061811
202150061812
202150062301
202150062302
202150062303
202150062305
202150062306
202150062307
202150062308
202150062309
202150062310
202150062311
202150062312
202150062403
202150062404
202150062406
202150062407
202150062408
202150062409
202150062410
202150062411
202150062501
202150062502
202150062504
202150062505
202150062506
202150062507
202150062508
202150062509
202150062510
202150062511
202150062512
202150063001
202150063002
202150063005
202150063006
202150063007
202150063008
202150063010
202150063011
202150063012
202150070102
202150070104
202150070106
202150070107
202150070108
202150070109
202150070110
202150070111
202150070112
202150070204
202150070205
202150070207
202150070210
202150070211
202150070212
202150070701
202150070702
202150070703
202150070704
202150070706
202150070707
202150070708
202150070709
202150070710
202150070711
202150070712
202150070801
202150070802
202150070803
202150070804
202150070805
202150070807
202150070808
202150070809
202150070810
202150070811
202150070812
202150070902
202150070903
202150070904
202150070905
202150070907
202150070908
202150070909
202150070910
202150070911
202150070912
202150071402
202150071405
202150071406
202150071407
202150071408
202150071409
202150071410
202150071411
202150071412
202150071502
202150071503
202150071504
202150071505
202150071506
202150071507
202150071508
202150071509
202150071510
202150071511
202150071512
202150071601
202150071602
202150071604
202150071605
202150071607
202150071608
202150071609
202150071610
202150071611
202150071612
202150072101
202150072102
202150072105
202150072106
202150072107
202150072108
202150072109
202150072110
202150072111
202150072112
202150072201
202150072204
202150072205
202150072206
202150072207
202150072208
202150072210
202150072211
202150072302
202150072303
202150072304
202150072305
202150072306
202150072307
202150072308
202150072309
202150072310
202150072311
202150072312
202150072801
202150072804
202150072806
202150072807
202150072808
202150072809
202150072810
202150072811
202150072901
202150072902
202150072904
202150072905
202150072906
202150072907
202150072908
202150072909
202150072910
202150072911
202150072912
202150073001
202150073002
202150073003
202150073004
202150073005
202150073006
202150073008
202150073009
202150073012
202150080401
202150080403
202150080404
202150080405
202150080406
202150080407
202150080408
202150080409
202150080410
202150080411
202150080412
202150080502
202150080503
202150080504
202150080505
202150080508
202150080509
202150080510
202150080511
202150080512
202150080602
202150080603
202150080606
202150080607
202150080608
202150080609
202150080610
202150080611
202150080612
202150081101
202150081103
202150081105
202150081106
202150081108
202150081109
202150081110
202150081111
202150081112
202150081201
202150081203
202150081204
202150081205
202150081206
202150081207
202150081208
202150081209
202150081210
202150081211
202150081212
202150081302
202150081303
202150081304
202150081305
202150081307
202150081309
202150081310
202150081311
202150081312
202150081802
202150081805
202150081806
202150081808
202150081809
202150081810
202150081811
202150081812
202150081901
202150081902
202150081903
202150081904
202150081905
202150081907
202150081908
202150081909
202150081911
202150081912
202150082001
202150082002
202150082003
202150082004
202150082005
202150082008
202150082009
202150082010
202150082011
202150082012
202150082501
202150082502
202150082503
202150082504
202150082505
202150082506
202150082507
202150082508
202150082509
202150082510
202150082511
202150082512
202150082601
202150082602
202150082603
202150082605
202150082606
202150082607
202150082608
202150082609
202150082610
202150082611
202150082612
202150082701
202150082702
202150082703
202150082706
202150082707
202150082709
202150082710
202150082711
202150082712
202150090101
202150090102
202150090103
202150090104
202150090105
202150090108
202150090109
202150090110
202150090111
202150090112
202150090202
202150090204
202150090205
202150090206
202150090207
202150090208
202150090209
202150090210
202150090211
202150090212
202150090302
202150090304
202150090305
202150090306
202150090307
202150090308
202150090309
202150090310
202150090311
202150090312
202150090801
202150090802
202150090803
202150090804
202150090806
202150090807
202150090808
202150090809
202150090810
202150090811
202150090812
202150090901
202150090902
202150090903
202150090904
202150090905
202150090906
202150090907
202150090908
202150090909
202150090910
202150090911
202150090912
202150091001
202150091002
202150091003
202150091005
202150091006
202150091007
202150091008
202150091009
202150091010
202150091011
202150091501
202150091502
202150091503
202150091504
202150091505
202150091506
202150091507
202150091508
202150091509
202150091510
202150091511
202150091512
202150091601
202150091602
202150091603
202150091605
202150091606
202150091608
202150091609
202150091610
202150091611
202150091612
202150091702
202150091705
202150091706
202150091707
202150091708
202150091709
202150091710
202150091711
202150091712
202150092201
202150092202
202150092203
202150092205
202150092206
202150092208
202150092209
202150092210
202150092211
202150092212
202150092302
202150092303
202150092304
202150092305
202150092306
202150092307
202150092308
202150092309
202150092310
202150092311
202150092312
202150092402
202150092403
202150092405
202150092406
202150092407
202150092408
202150092409
202150092410
202150092412
202150092901
202150092903
202150092904
202150092905
202150092906
202150092907
202150092908
202150092909
202150092910
202150092912
202150093003
202150093004
202150093005
202150093007
202150093008
202150093009
202150093010
202150093011
202150093012
202150100102
202150100103
202150100104
202150100105
202150100106
202150100107
202150100108
202150100110
202150100111
202150100112
202150100601
202150100602
202150100604
202150100605
202150100606
202150100607
202150100608
202150100609
202150100610
202150100611
202150100612
202150100701
202150100702
202150100703
202150100704
202150100705
202150100706
202150100708
202150100709
202150100710
202150100711
202150100712
202150100802
202150100804
202150100807
202150100808
202150100809
202150100810
202150100811
202150100812
202150101301
202150101302
202150101304
202150101306
202150101307
202150101308
202150101310
202150101311
202150101312
202150101401
202150101402
202150101404
202150101405
202150101406
202150101407
202150101408
202150101409
202150101410
202150101411
202150101412
202150101503
202150101504
202150101505
202150101506
202150101507
202150101508
202150101509
202150101510
202150101511
202150101512
202150102001
202150102002
202150102003
202150102005
202150102006
202150102007
202150102008
202150102009
202150102010
202150102012
202150102101
202150102102
202150102103
202150102104
202150102105
202150102106
202150102107
202150102108
202150102109
202150102110
202150102111
202150102112
202150102201
202150102202
202150102203
202150102204
202150102205
202150102206
202150102207
202150102208
202150102209
202150102210
202150102212
202150102701
202150102702
202150102703
202150102704
202150102706
202150102707
202150102708
202150102709
202150102710
202150102711
202150102712
202150102802
202150102803
202150102804
202150102805
202150102806
202150102807
202150102808
202150102809
202150102811
202150102812
202150102902
202150102904
202150102905
202150102906
202150102908
202150102909
202150102910
202150102911
202150102912
202150110201
202150110202
202150110203
202150110205
202150110206
202150110207
202150110208
202150110209
202150110210
202150110211
202150110212
202150110301
202150110303
202150110304
202150110305
202150110306
202150110307
202150110401
202150110402
202150110403
202150110404
202150110405
202150110406
202150110407
202150110408
202150110409
202150110410
202150110411
202150110412
202150110901
202150110902
202150110904
202150110905
202150110906
202150110907
202150110909
202150110910
202150110911
202150110912
202150111001
202150111002
202150111004
202150111005
202150111006
202150111007
202150111008
202150111009
202150111010
202150111011
202150111012
202150111102
202150111103
202150111106
202150111107
202150111108
202150111109
202150111110
202150111111
202150111112
202150111601
202150111602
202150111603
202150111604
202150111606
202150111607
202150111608
202150111609
202150111610
202150111611
202150111612
202150111702
202150111703
202150111705
202150111706
202150111707
202150111708
202150111709
202150111710
202150111711
202150111712
202150111801
202150111802
202150111803
202150111804
202150111806
202150111807
202150111808
202150111809
202150111810
202150111811
202150111812
202150112301
202150112302
202150112303
202150112304
202150112305
202150112306
202150112307
202150112308
202150112309
202150112310
202150112311
202150112312
202150112403
202150112404
202150112405
202150112406
202150112407
202150112408
202150112409
202150112410
202150112411
202150112412
202150112501
202150112502
202150112503
202150112504
202150112506
202150112507
202150112508
202150112509
202150112510
202150112511
202150112512
202150113002
202150113003
202150113004
202150113005
202150113006
202150113007
202150113008
202150113009
202150113010
202150113011
202150113012
202150120101
202150120102
202150120104
202150120106
202150120107
202150120108
202150120109
202150120110
202150120112
202150120202
202150120203
202150120204
202150120205
202150120206
202150120207
202150120208
202150120209
202150120210
202150120211
202150120212
202150120301
202150120302
202150120303
202150120306
202150120307
202150120308
202150120309
202150120310
202150120311
202150120312
202150120702
202150120704
202150120705
202150120706
202150120707
202150120708
202150120709
202150120710
202150120711
202150120801
202150120804
202150120805
202150120806
202150120807
202150120808
202150120809
202150120810
202150120811
202150120901
202150120902
202150120903
202150120904
202150120907
202150120908
202150120909
202150120910
202150120911
202150120912
202150121401
202150121402
202150121403
202150121404
202150121405
202150121406
202150121407
202150121408
202150121409
202150121410
202150121411
202150121501
202150121502
202150121503
202150121504
202150121505
202150121507
202150121508
202150121509
202150121510
202150121511
202150121512
202150121602
202150121603
202150121604
202150121605
202150121606
202150121607
202150121608
202150121609
202150121610
202150121611
202150121612
202150121701
202150121702
202150121703
202150121704
202150121706
202150121707
202150121708
202150121709
202150121710
202150121711
202150121712
202150122101
202150122102
202150122103
202150122104
202150122105
202150122106
202150122107
202150122108
202150122109
202150122110
202150122111
202150122112
202150122202
202150122203
202150122204
202150122205
202150122206
202150122207
202150122208
202150122210
202150122211
202150122212
202150122302
202150122303
202150122304
202150122305
202150122306
202150122307
202150122308
202150122309
202150122310
202150122311
202150122312
202150122901
202150122902
202150122903
202150122904
202150122907
202150122908
202150122909
202150122910
202150122911
202150122912
202150123002
202150123003
202150123006
202150123007
202150123008
202150123009
202150123010
202150123011
202150123012
202150123101
202150123102
202150123103
202150123104
202150123106
202150123107
202150123108
202150123109
202150123110
202150123111
202150123112
202151011301
202151011302
202151011304
202151011306
202151011307
202151011308
202151011309
202151011310
202151011311
202151011312
202151011401
202151011404
202151011405
202151011408
202151011409
202151011410
202151011411
202151011412
202151011504
202151011505
202151011506
202151011508
202151011509
202151011510
202151011511
202151011512
202151011902
202151011904
202151011905
202151011906
202151011907
202151011908
202151011909
202151011911
202151011912
202151012003
202151012004
202151012006
202151012007
202151012008
202151012009
202151012010
202151012011
202151012101
202151012102
202151012103
202151012104
202151012105
202151012106
202151012107
202151012108
202151012109
202151012110
202151012112
202151012602
202151012603
202151012604
202151012605
202151012606
202151012607
202151012608
202151012609
202151012610
202151012611
202151012612
202151012702
202151012704
202151012707
202151012708
202151012709
202151012710
202151012711
202151012712
202151012801
202151012802
202151012804
202151012805
202151012806
202151012807
202151012808
202151012809
202151012810
202151012811
202151012812
202151020202
202151020204
202151020206
202151020207
202151020208
202151020209
202151020210
202151020211
202151020212
202151020302
202151020303
202151020304
202151020305
202151020306
202151020307
202151020308
202151020309
202151020310
202151020311
202151020402
202151020403
202151020406
202151020407
202151020408
202151020409
202151020410
202151020411
202151020412
202151020902
202151020903
202151020904
202151020905
202151020906
202151020907
202151020908
202151020909
202151020910
202151020912
202151021003
202151021005
202151021007
202151021008
202151021009
202151021010
202151021011
202151021101
202151021102
202151021103
202151021104
202151021106
202151021107
202151021108
202151021109
202151021110
202151021112
202151021602
202151021604
202151021605
202151021606
202151021608
202151021609
202151021611
202151021612
202151021701
202151021702
202151021703
202151021704
202151021705
202151021706
202151021707
202151021709
202151021710
202151021711
202151021801
202151021802
202151021803
202151021805
202151021806
202151021807
202151021808
202151021809
202151021810
202151021811
202151021812
202151022303
202151022304
202151022305
202151022306
202151022307
202151022308
202151022309
202151022310
202151022311
202151022312
202151022402
202151022403
202151022404
202151022406
202151022407
202151022408
202151022409
202151022410
202151022411
202151022412
202151022501
202151022502
202151022503
202151022504
202151022506
202151022507
202151022508
202151022509
202151022510
202151022512
202151030202
202151030203
202151030205
202151030206
202151030207
202151030208
202151030209
202151030210
202151030211
202151030212
202151030301
202151030302
202151030303
202151030304
202151030305
202151030306
202151030307
202151030308
202151030309
202151030310
202151030311
202151030401
202151030404
202151030405
202151030406
202151030407
202151030408
202151030409
202151030410
202151030411
202151030412
202151030906
202151030907
202151030908
202151030909
202151030910
202151030911
202151030912
202151031001
202151031005
202151031006
202151031007
202151031008
202151031009
202151031010
202151031011
202151031012
202151031102
202151031104
202151031105
202151031106
202151031107
202151031108
202151031109
202151031110
202151031111
202151031112
202151031602
202151031603
202151031604
202151031605
202151031606
202151031607
202151031608
202151031609
202151031610
202151031611
202151031701
202151031702
202151031704
202151031705
202151031706
202151031707
202151031708
202151031709
202151031710
202151031711
202151031802
202151031803
202151031804
202151031805
202151031807
202151031808
202151031809
202151031811
202151031812
202151032301
202151032303
202151032304
202151032307
202151032308
202151032309
202151032311
202151032401
202151032402
202151032403
202151032404
202151032405
202151032406
202151032407
202151032408
202151032409
202151032410
202151032411
202151032412
202151032503
202151032504
202151032506
202151032507
202151032508
202151032509
202151032510
202151032511
202151033002
202151033005
202151033006
202151033007
202151033008
202151033010
202151033011
202151033012
202151033102
202151033103
202151033104
202151033106
202151033107
202151033108
202151033109
202151033110
202151033111
202151033112
202151040103
202151040104
202151040105
202151040106
202151040107
202151040108
202151040110
202151040111
202151040112
202151040602
202151040603
202151040604
202151040605
202151040606
202151040607
202151040608
202151040609
202151040610
202151040611
202151040612
202151040702
202151040704
202151040706
202151040707
202151040708
202151040709
202151040710
202151040711
202151040803
202151040804
202151040805
202151040806
202151040807
202151040808
202151040809
202151040810
202151040811
202154010101
202154010102
202154010107
202154010110
202154010903
202154010907
202154010908
202154010911
202154011005
202154011006
202154011010
202154011106
202154011109
202154011111
202154011206
202154011209
202154011702
202154011706
202154011709
202154011711
202154011901
202154011903
202154011904
202154011905
202154011907
202154011910
202154012001
202154012002
202154012007
202154012008
202154012010
202154012403
202154012404
202154012407
202154012411
202154012412
202154012602
202154012606
202154012607
202154012610
202154012701
202154012705
202154012707
202154012708
202154012710
202154013102
202154013103
202154013104
202154013109
202154013112
202154020201
202154020206
202154020208
202154020211
202154020301
202154020302
202154020307
202154020310
202154020311
202154020701
202154020703
202154020704
202154020706
202154020711
202154020901
202154020905
202154020906
202154020907
202154020908
202154020910
202154020911
202154021008
202154021010
202154021401
202154021402
202154021403
202154021404
202154021407
202154021409
202154021601
202154021603
202154021607
202154021701
202154021705
202154021706
202154021709
202154022102
202154022107
202154022110
202154022112
202154022302
202154022306
202154022309
202154022310
202154022311
202154022401
202154022406
202154022802
202154022805
202154022806
202154022808
202154030101
202154030102
202154030106
202154030107
202154030108
202154030109
202154030110
202154030111
202154030201
202154030204
202154030208
202154030210
202154030702
202154030704
202154030706
202154030711
202154030902
202154030905
202154030907
202154030909
202154030910
202154031001
202154031003
202154031008
202154031009
202154031401
202154031402
202154031403
202154031404
202154031410
202154031601
202154031603
202154031604
202154031607
202154031608
202154031610
202154031701
202154031702
202154031704
202154031705
202154031706
202154031709
202154032101
202154032102
202154032103
202154032106
202154032108
202154032301
202154032302
202154032303
202154032304
202154032306
202154032310
202154032401
202154032402
202154032404
202154032408
202154032803
202154032808
202154032809
202154032811
202154032812
202154033001
202154033003
202154033005
202154033006
202154033008
202154033009
202154033011
202154033101
202154033102
202154033103
202154033106
202154033109
202154033110
202154033111
202154041001
202154041002
202154041005
202154041006
202154041009
202154041011
202154041012
202154041102
202154041104
202154041106
202154041107
202154041108
202154041109
202154041111
202154041112
202154041702
202154041708
202154041709
202154041710
202154041711
202154041712
202154041801
202154041802
202154041804
202154041805
202154041806
202154041811
202154042405
202154042406
202154042410
202154042411
202154042501
202154042504
202154042505
202154042506
202154042507
202154042511
202154042512
202154050202
202154050207
202154050208
202154050209
202154050210
202154050211
202154050212
202154050303
202154050304
202154050306
202154050307
202154050308
202154050309
202154050310
202154050311
202154050801
202154050804
202154050805
202154050806
202154050809
202154050811
202154050901
202154050904
202154050906
202154050907
202154050908
202154050911
202154051501
202154051502
202154051503
202154051505
202154051506
202154051507
202154051509
202154051510
202154051511
202154051512
202154051602
202154051603
202154051605
202154051606
202154051607
202154051610
202154051611
202154052205
202154052206
202154052208
202154052209
202154052210
202154052211
202154052212
202154052301
202154052305
202154052309
202154052310
202154052311
202154052312
202154052901
202154052903
202154052905
202154052906
202154052908
202154052909
202154052911
202154052912
202154053001
202154053002
202154053003
202154053004
202154053005
202154053006
202154053007
202154053008
202154053010
202154053011
202154061201
202154061202
202154061204
202154061205
202154061211
202154061304
202154061305
202154061306
202154061307
202154061309
202154061310
202154061311
202154061312
202154061901
202154061902
202154061904
202154061905
202154061906
202154061909
202154061910
202154061912
202154062001
202154062002
202154062003
202154062004
202154062005
202154062006
202154062007
202154062008
202154062009
202154062010
202154062011
202154062012
202154062601
202154062603
202154062604
202154062606
202154062611
202154062701
202154062702
202154062705
202154062706
202154062708
202154062709
202154062710
202154062711
202154070301
202154070302
202154070303
202154070304
202154070305
202154070308
202154070309
202154070312
202154070401
202154070402
202154070403
202154070404
202154070405
202154070406
202154070407
202154070408
202154070410
202154071006
202154071007
202154071010
202154071011
202154071012
202154071101
202154071102
202154071103
202154071105
202154071107
202154071108
202154071110
202154071111
202154071701
202154071702
202154071703
202154071704
202154071705
202154071706
202154071709
202154071710
202154071801
202154071802
202154071803
202154071805
202154071806
202154071807
202154071808
202154071810
202154071811
202154071812
202154072405
202154072407
202154072408
202154072409
202154072410
202154072411
202154072501
202154072502
202154072503
202154072504
202154072506
202154072508
202154072509
202154072510
202154072511
202154072512
202154073101
202154073103
202154073104
202154073105
202154073106
202154073109
202154073110
202154073111
202154073112
202154080101
202154080102
202154080103
202154080104
202154080105
202154080106
202154080107
202154080109
202154080110
202154080111
202154080112
202154080801
202154080802
202154080803
202154080804
202154080805
202154080806
202154080807
202154080808
202154080809
202154080810
202154080811
202154080902
202154080903
202154080904
202154080905
202154080907
202154080908
202154080910
202154082101
202154082102
202154082104
202154082106
202154082108
202154082109
202154082110
202154082111
202154082112
202154082201
202154082202
202154082203
202154082204
202154082205
202154082206
202154082207
202154082209
202154082210
202154082211
202154082212
202154082802
202154082804
202154082807
202154082809
202154082811
202154082812
202154082901
202154082903
202154082904
202154082905
202154082906
202154082907
202154082908
202154082910
202154082911
202154082912
202154090401
202154090404
202154090405
202154090406
202154090407
202154090409
202154090412
202154090502
202154090503
202154090504
202154090505
202154090506
202154090507
202154090508
202154090509
202154090510
202154090511
202154090512
202154091101
202154091104
202154091105
202154091106
202154091107
202154091108
202154091109
202154091111
202154091112
202154091201
202154091204
202154091207
202154091208
202154091209
202154091210
202154091211
202154091212
202154091901
202154091902
202154091903
202154091904
202154091905
202154091907
202154091909
202154091910
202154091912
202154092003
202154092004
202154092005
202154092006
202154092007
202154092008
202154092011
202154092012
202154100201
202154100202
202154100203
202154100204
202154100205
202154100206
202154100208
202154100209
202154100210
202154100211
202154100212
202154100302
202154100303
202154100304
202154100305
202154100306
202154100308
202154100309
202154100310
202154100311
202154100901
202154100902
202154100903
202154100904
202154100905
202154100906
202154100907
202154100909
202154100910
202154100912
202154101001
202154101002
202154101003
202154101004
202154101007
202154101008
202154101009
202154101010
202154101012
202154101601
202154101603
202154101604
202154101605
202154101606
202154101608
202154101609
202154101610
202154101611
202154101612
202154101701
202154101703
202154101704
202154101705
202154101706
202154101707
202154101708
202154101709
202154101710
202154101711
202154101712
202154102301
202154102303
202154102304
202154102305
202154102306
202154102307
202154102310
202154102312
202154102401
202154102402
202154102403
202154102404
202154102405
202154102408
202154102409
202154102410
202154102411
202154103001
202154103002
202154103003
202154103004
202154103005
202154103006
202154103007
202154103008
202154103009
202154103010
202154103011
202154103012
202154103101
202154103102
202154103104
202154103107
202154103109
202154103110
202154103111
202154110601
202154110603
202154110604
202154110605
202154110606
202154110607
202154110608
202154110609
202154110610
202154110611
202154110701
202154110702
202154110703
202154110705
202154110706
202154110708
202154110711
202154111301
202154111302
202154111303
202154111304
202154111305
202154111306
202154111307
202154111308
202154111309
202154111310
202154111311
202154111312
202154111401
202154111404
202154111405
202154111406
202154111407
202154111409
202154111411
202154111412
202154112001
202154112002
202154112003
202154112004
202154112005
202154112006
202154112007
202154112009
202154112010
202154112011
202154112103
202154112105
202154112106
202154112108
202154112110
202154112111
202154112701
202154112702
202154112705
202154112706
202154112707
202154112708
202154112709
202154112710
202154112711
202154112712
202154112801
202154112803
202154112804
202154112805
202154112807
202154112808
202154112809
202154112810
202154112811
202154112812
202154120401
202154120404
202154120405
202154120406
202154120407
202154120408
202154120409
202154120410
202154120411
202154120502
202154120503
202154120506
202154120507
202154120508
202154120510
202154120511
202154121101
202154121103
202154121105
202154121106
202154121107
202154121108
202154121109
202154121110
202154121111
202154121202
202154121203
202154121205
202154121206
202154121207
202154121208
202154121209
202154121210
202154121211
202154121801
202154121802
202154121803
202154121805
202154121806
202154121807
202154121808
202154121809
202154121810
202154121811
202154121902
202154121903
202154121905
202154121906
202154121907
202154121908
202154121909
202154122801
202154122802
202154122803
202154122806
202154122808
202154122809
202154122810
202154122811
202154122902
202154122904
202154122905
202154122906
202154122908
202154122909
202154122910
202154122911
202154123102
202154123103
202154123104
202154123105
202154123106
202154123107
202154123109
202154123111
202155010307
202155010507
202155011108
202155011110
202155011601
202155011605
202155011609
202155011701
202155011704
202155011709
202155012305
202155012306
202155012308
202155012309
202155012408
202155012604
202155012606
202155012607
202155012609
202155013004
202155013010
202155013011
202155013012
202155013110
202155020604
202155020609
202155020611
202155020701
202155021102
202155021103
202155021104
202155021105
202155021106
202155021107
202155021111
202155021304
202155021306
202155021311
202155021409
202155022004
202155022008
202155022102
202155022106
202155022107
202155022505
202155022506
202155022507
202155022701
202155022703
202155022704
202155022710
202155022711
202155022712
202155022803
202155022806
202155030602
202155030604
202155030606
202155030609
202155030703
202155030707
202155030709
202155030802
202155030809
202155031302
202155031311
202155031402
202155031405
202155031406
202155031408
202155031410
202155031411
202155032003
202155032004
202155032007
202155032102
202155032104
202155032107
202155032110
202155032202
202155032205
202155032207
202155032209
202155032705
202155032706
202155032708
202155032711
202155032802
202155032807
202155032811
202155040203
202155040208
202155040303
202155040304
202155040307
202155040308
202155040309
202155040310
202155040311
202155040312
202155040405
202155041001
202155041006
202155041007
202155041101
202155041105
202155041107
202155041703
202155041709
202155041710
202155041806
202155041807
202155041808
202155042301
202155042302
202155042305
202155042306
202155042308
202155042309
202155042311
202155042401
202155042402
202155042403
202155042410
202155042505
202155042506
202155042507
202155042510
202155050301
202155050306
202155050308
202155050310
202155050401
202155050402
202155050403
202155050404
202155050405
202155050409
202155050802
202155050804
202155050807
202155050808
202155050809
202155050903
202155050904
202155050910
202155050912
202155051401
202155051402
202155051406
202155051408
202155051409
202155051410
202155051501
202155051502
202155051504
202155051507
202155051508
202155052204
202155052206
202155052210
202155052212
202155052302
202155052303
202155052308
202155052310
202155052901
202155052906
202155052908
202155053002
202155053006
202155053007
202155053009
202155053104
202155053105
202155053106
202155053109
202155053111
202155060501
202155060502
202155060504
202155060506
202155060508
202155060509
202155060601
202155060607
202155060608
202155060610
202155061201
202155061211
202155061301
202155061302
202155061305
202155061306
202155061309
202155061310
202155061401
202155061402
202155061407
202155061409
202155061904
202155061905
202155062001
202155062003
202155062008
202155062009
202155062504
202155062507
202155062508
202155062511
202155062601
202155062604
202155062605
202155062607
202155062701
202155062703
202155062710
202155070302
202155070304
202155070308
202155070311
202155070401
202155070402
202155070403
202155070405
202155070407
202155070409
202155071005
202155071006
202155071007
202155071010
202155071103
202155071106
202155071110
202155071701
202155071702
202155071705
202155071706
202155071708
202155071710
202155072004
202155072006
202155072007
202155072403
202155072404
202155072405
202155072406
202155072407
202155072409
202155072410
202155072501
202155072504
202155072506
202155072507
202155080704
202155080705
202155080706
202155080707
202155080709
202155080710
202155080803
202155080804
202155081102
202155081103
202155081105
202155081106
202155081110
202155081404
202155081405
202155081406
202155081407
202155081503
202155081506
202155081509
202155081510
202155082104
202155082105
202155082106
202155082107
202155082203
202155082206
202155082209
202155082210
202155082703
202155082706
202155082708
202155082709
202155082711
202155082801
202155082803
202155082804
202155082805
202155082807
202155082811
202155090101
202155090106
202155090107
202155090108
202155090110
202155090401
202155090404
202155090406
202155090409
202155090410
202155090504
202155090509
202155091101
202155091105
202155091106
202155091108
202155091110
202155091202
202155091203
202155091206
202155091207
202155091208
202155091209
202155091211
202155091801
202155091806
202155091810
202155092503
202155092504
202155092507
202155092510
202155092511
202155092605
202155092606
202155092607
202155100201
202155100203
202155100209
202155100210
202155100301
202155100302
202155100306
202155100307
202155100309
202155100310
202155100909
202155100910
202155101001
202155101002
202155101003
202155101005
202155101007
202155101008
202155101009
202155101011
202155101102
202155101103
202155101104
202155101106
202155101108
202155101109
202155101110
202155101601
202155101603
202155101604
202155101605
202155101607
202155101609
202155101611
202155101702
202155101703
202155101704
202155101706
202155101710
202155101802
202155101804
202155101806
202155101809
202155101811
202155102302
202155102307
202155102309
202155102310
202155102401
202155102405
202155102408
202155103004
202155103007
202155103009
202155103101
202155103102
202155103104
202155103105
202155103107
202155103108
202155110501
202155110505
202155110507
202155110508
202155110509
202155110512
202155110601
202155110602
202155110606
202155110607
202155110608
202155110609
202155110701
202155110702
202155110705
202155110707
202155110709
202155110710
202155111201
202155111202
202155111203
202155111205
202155111206
202155111207
202155111208
202155111209
202155111301
202155111304
202155111308
202155111403
202155111404
202155111406
202155111408
202155111409
202155111410
202155112001
202155112002
202155112003
202155112005
202155112007
202155112009
202155112010
202155112103
202155112106
202155112107
202155112601
202155112603
202155112605
202155112606
202155112609
202155112611
202155112701
202155112706
202155112709
202155112802
202155112804
202155112805
202155112806
202155112807
202155112810
202155120401
202155120403
202155120405
202155120409
202155120410
202155120501
202155120505
202155120507
202155120511
202155121101
202155121102
202155121103
202155121104
202155121106
202155121108
202155121110
202155121802
202155121804
202155121806
202155121807
202155121808
202155121809
202155121811
202155121904
202155121906
202155121907
202155121909
202155122507
202155122508
202155122509
202155122512
202155122604
202155122607
202155122610
202201010101
202201010102
202201010103
202201010104
202201010105
202201010106
202201010107
202201010108
202201010109
202201010110
202201010111
202201010112
202201010201
202201010202
202201010203
202201010204
202201010205
202201010206
202201010207
202201010208
202201010209
202201010210
202201010211
202201010212
202201010301
202201010302
202201010303
202201010304
202201010305
202201010306
202201010307
202201010308
202201010309
202201010310
202201010311
202201010312
202201010401
202201010402
202201010403
202201010404
202201010405
202201010406
202201010407
202201010408
202201010409
202201010410
202201010412
202201010501
202201010502
202201010503
202201010504
202201010505
202201010506
202201010507
202201010508
202201010509
202201010510
202201010511
202201010512
202201010601
202201010602
202201010603
202201010604
202201010605
202201010606
202201010607
202201010608
202201010609
202201010610
202201010611
202201010612
202201020101
202201020102
202201020103
202201020104
202201020105
202201020106
202201020107
202201020108
202201020109
202201020110
202201020111
202201020112
202201020201
202201020202
202201020203
202201020204
202201020205
202201020206
202201020207
202201020208
202201020209
202201020210
202201020211
202201020212
202201020301
202201020302
202201020303
202201020304
202201020305
202201020306
202201020307
202201020308
202201020309
202201020310
202201020311
202201020312
202201020401
202201020402
202201020403
202201020404
202201020405
202201020406
202201020407
202201020408
202201020409
202201020410
202201020411
202201020412
202201020501
202201020502
202201020503
202201020504
202201020505
202201020506
202201020507
202201020508
202201020509
202201020510
202201020511
202201020512
202201020601
202201020602
202201020603
202201020604
202201020605
202201020606
202201020607
202201020608
202201020609
202201020610
202201020611
202201020612
202201020701
202201020702
202201020703
202201020704
202201020705
202201020706
202201020707
202201020708
202201020709
202201020710
202201020711
202201020712
202201020801
202201020802
202201020803
202201020804
202201020805
202201020806
202201020807
202201020808
202201020809
202201020810
202201020811
202201020812
202202010101
202202010102
202202010103
202202010104
202202010105
202202010106
202202010107
202202010108
202202010109
202202010110
202202010111
202202010112
202202010201
202202010202
202202010203
202202010204
202202010205
202202010206
202202010207
202202010208
202202010209
202202010210
202202010211
202202010212
202202010301
202202010302
202202010303
202202010304
202202010305
202202010306
202202010307
202202010308
202202010309
202202010310
202202010311
202202010312
202202010401
202202010402
202202010403
202202010404
202202010405
202202010406
202202010407
202202010408
202202010409
202202010410
202202010411
202202010412
202202010501
202202010502
202202010503
202202010504
202202010505
202202010506
202202010507
202202010508
202202010509
202202010511
202202010512
202202010601
202202010602
202202010603
202202010604
202202010605
202202010606
202202010607
202202010608
202202010609
202202010610
202202010611
202202010612
202202010701
202202010702
202202010703
202202010704
202202010705
202202010706
202202010707
202202010708
202202010709
202202010710
202202010711
202202010712
202202010801
202202010802
202202010803
202202010804
202202010805
202202010806
202202010807
202202010808
202202010809
202202010810
202202010811
202202010812
202202010901
202202010902
202202010903
202202010904
202202010905
202202010906
202202010907
202202010908
202202010909
202202010910
202202010911
202202010912
202202011001
202202011002
202202011003
202202011004
202202011005
202202011006
202202011007
202202011008
202202011009
202202011010
202202011011
202202011012
202202011101
202202011102
202202011103
202202011104
202202011105
202202011106
202202011107
202202011108
202202011109
202202011110
202202011111
202202011112
202202011201
202202011202
202202011203
202202011204
202202011205
202202011206
202202011207
202202011208
202202011209
202202011210
202202011211
202202011212
202203010101
202203010102
202203010103
202203010104
202203010105
202203010106
202203010107
202203010108
202203010109
202203010110
202203010111
202203010112
202203010201
202203010202
202203010203
202203010204
202203010205
202203010206
202203010207
202203010208
202203010209
202203010210
202203010211
202203010212
202203010301
202203010302
202203010303
202203010304
202203010305
202203010306
202203010307
202203010308
202203010309
202203010310
202203010311
202203010312
202203010401
202203010402
202203010403
202203010404
202203010405
202203010406
202203010407
202203010408
202203010409
202203010410
202203010411
202203010412
202203010501
202203010502
202203010503
202203010504
202203010505
202203010506
202203010507
202203010508
202203010509
202203010510
202203010512
202203010601
202203010602
202203010603
202203010604
202203010605
202203010606
202203010607
202203010608
202203010609
202203010610
202203010611
202203010612
202203020101
202203020102
202203020103
202203020104
202203020105
202203020106
202203020107
202203020108
202203020109
202203020110
202203020111
202203020112
202203020201
202203020202
202203020203
202203020204
202203020205
202203020206
202203020207
202203020208
202203020209
202203020210
202203020211
202203020212
202203020301
202203020302
202203020303
202203020304
202203020305
202203020306
202203020307
202203020308
202203020309
202203020310
202203020311
202203020312
202203020401
202203020402
202203020403
202203020404
202203020405
202203020406
202203020407
202203020408
202203020409
202203020410
202203020411
202203020412
202203020501
202203020502
202203020503
202203020504
202203020505
202203020506
202203020507
202203020508
202203020509
202203020510
202203020511
202203020512
202203020601
202203020602
202203020603
202203020604
202203020605
202203020606
202203020607
202203020608
202203020609
202203020610
202203020611
202203020612
202203020701
202203020702
202203020703
202203020704
202203020705
202203020706
202203020707
202203020708
202203020709
202203020710
202203020711
202203020712
202203020801
202203020802
202203020803
202203020804
202203020805
202203020806
202203020807
202203020808
202203020809
202203020810
202203020811
202203020812
202203030101
202203030102
202203030103
202203030104
202203030106
202203030107
202203030108
202203030109
202203030110
202203030111
202203030112
202203030201
202203030202
202203030203
202203030204
202203030205
202203030206
202203030207
202203030208
202203030209
202203030210
202203030211
202203030212
202203030301
202203030302
202203030303
202203030304
202203030305
202203030306
202203030307
202203030308
202203030309
202203030310
202203030311
202203030312
202203030401
202203030402
202203030403
202203030404
202203030405
202203030406
202203030407
202203030408
202203030409
202203030410
202203030411
202203030412
202203030501
202203030502
202203030503
202203030504
202203030505
202203030506
202203030507
202203030508
202203030509
202203030510
202203030511
202203030512
202203030601
202203030602
202203030603
202203030604
202203030605
202203030606
202203030607
202203030608
202203030609
202203030610
202203030611
202203030612
202204010102
202204010103
202204010104
202204010105
202204010106
202204010107
202204010108
202204010109
202204010110
202204010111
202204010112
202204010201
202204010202
202204010203
202204010204
202204010205
202204010206
202204010207
202204010208
202204010209
202204010210
202204010211
202204010212
202204010301
202204010302
202204010303
202204010304
202204010305
202204010306
202204010307
202204010308
202204010309
202204010310
202204010311
202204010312
202204010401
202204010402
202204010403
202204010404
202204010405
202204010406
202204010407
202204010408
202204010409
202204010410
202204010411
202204010412
202204010501
202204010502
202204010503
202204010504
202204010505
202204010506
202204010507
202204010508
202204010509
202204010510
202204010511
202204010512
202204010601
202204010602
202204010603
202204010604
202204010605
202204010606
202204010607
202204010608
202204010609
202204010610
202204010611
202204010612
202204010701
202204010702
202204010703
202204010704
202204010705
202204010706
202204010707
202204010708
202204010709
202204010710
202204010711
202204010712
202204010801
202204010802
202204010803
202204010804
202204010805
202204010806
202204010807
202204010808
202204010809
202204010810
202204010811
202204010812
202204020101
202204020102
202204020103
202204020104
202204020105
202204020106
202204020107
202204020108
202204020109
202204020110
202204020111
202204020112
202204020201
202204020202
202204020203
202204020204
202204020205
202204020206
202204020207
202204020208
202204020209
202204020210
202204020211
202204020212
202204020301
202204020302
202204020303
202204020304
202204020305
202204020306
202204020307
202204020308
202204020309
202204020310
202204020311
202204020312
202204020401
202204020402
202204020403
202204020404
202204020405
202204020406
202204020407
202204020408
202204020409
202204020410
202204020411
202204020412
202204030101
202204030102
202204030103
202204030104
202204030105
202204030106
202204030107
202204030108
202204030109
202204030111
202204030112
202204030201
202204030202
202204030203
202204030204
202204030205
202204030206
202204030207
202204030208
202204030209
202204030211
202204030212
202204030301
202204030302
202204030303
202204030304
202204030305
202204030306
202204030307
202204030308
202204030309
202204030310
202204030311
202204030312
202204030401
202204030402
202204030403
202204030404
202204030405
202204030406
202204030407
202204030408
202204030409
202204030410
202204030411
202204030412
202204030501
202204030502
202204030503
202204030504
202204030505
202204030506
202204030507
202204030508
202204030509
202204030510
202204030511
202204030512
202204030601
202204030602
202204030603
202204030604
202204030605
202204030606
202204030607
202204030608
202204030609
202204030610
202204030611
202204030612
202204030701
202204030702
202204030703
202204030704
202204030705
202204030706
202204030707
202204030708
202204030709
202204030710
202204030711
202204030712
202204030801
202204030802
202204030803
202204030804
202204030805
202204030806
202204030807
202204030808
202204030810
202204030811
202204030812
202204040101
202204040102
202204040103
202204040104
202204040105
202204040106
202204040107
202204040108
202204040109
202204040110
202204040111
202204040112
202204040201
202204040202
202204040203
202204040204
202204040205
202204040206
202204040207
202204040208
202204040209
202204040210
202204040211
202204040212
202204040301
202204040302
202204040303
202204040304
202204040305
202204040306
202204040307
202204040308
202204040309
202204040310
202204040311
202204040312
202204040401
202204040402
202204040403
202204040404
202204040405
202204040406
202204040407
202204040408
202204040409
202204040410
202204040411
202204040412
202204040501
202204040502
202204040503
202204040504
202204040505
202204040506
202204040507
202204040508
202204040509
202204040510
202204040511
202204040512
202204040601
202204040602
202204040603
202204040604
202204040605
202204040606
202204040607
202204040608
202204040609
202204040610
202204040611
202204040612
202205010101
202205010102
202205010103
202205010104
202205010105
202205010106
202205010107
202205010108
202205010109
202205010110
202205010111
202205010112
202205010201
202205010202
202205010203
202205010204
202205010205
202205010206
202205010207
202205010208
202205010209
202205010210
202205010211
202205010212
202205010301
202205010302
202205010303
202205010304
202205010305
202205010306
202205010307
202205010308
202205010309
202205010310
202205010311
202205010312
202205010401
202205010402
202205010403
202205010404
202205010405
202205010406
202205010407
202205010408
202205010409
202205010410
202205010411
202205010412
202205010501
202205010502
202205010503
202205010504
202205010505
202205010506
202205010507
202205010508
202205010509
202205010510
202205010511
202205010512
202205010601
202205010602
202205010603
202205010604
202205010605
202205010606
202205010607
202205010608
202205010609
202205010610
202205010611
202205010612
202205010701
202205010702
202205010703
202205010704
202205010705
202205010706
202205010707
202205010708
202205010709
202205010710
202205010711
202205010712
202205010801
202205010802
202205010803
202205010804
202205010805
202205010806
202205010807
202205010808
202205010809
202205010810
202205010811
202205010812
202205020101
202205020102
202205020103
202205020104
202205020105
202205020106
202205020107
202205020109
202205020110
202205020111
202205020112
202205020201
202205020202
202205020203
202205020204
202205020205
202205020206
202205020207
202205020208
202205020209
202205020210
202205020211
202205020212
202205020301
202205020302
202205020303
202205020304
202205020305
202205020306
202205020307
202205020308
202205020309
202205020310
202205020311
202205020312
202205020401
202205020402
202205020403
202205020404
202205020405
202205020406
202205020407
202205020408
202205020409
202205020410
202205020411
202205020412
202205020501
202205020502
202205020503
202205020504
202205020505
202205020506
202205020507
202205020508
202205020509
202205020510
202205020511
202205020512
202205020601
202205020602
202205020603
202205020604
202205020605
202205020606
202205020607
202205020608
202205020609
202205020610
202205020611
202205020612
202205020701
202205020702
202205020703
202205020704
202205020705
202205020706
202205020707
202205020708
202205020709
202205020710
202205020711
202205020712
202205020801
202205020802
202205020803
202205020804
202205020805
202205020806
202205020807
202205020808
202205020810
202205020811
202205020812
202205020901
202205020902
202205020903
202205020904
202205020905
202205020906
202205020907
202205020908
202205020909
202205020910
202205020911
202205020912
202205021001
202205021002
202205021003
202205021004
202205021005
202205021006
202205021007
202205021008
202205021009
202205021010
202205021011
202205021012
202205021101
202205021102
202205021103
202205021104
202205021105
202205021106
202205021107
202205021108
202205021109
202205021110
202205021111
202205021112
202205021201
202205021202
202205021203
202205021204
202205021205
202205021206
202205021207
202205021208
202205021209
202205021210
202205021211
202205021212
202205030101
202205030102
202205030103
202205030104
202205030105
202205030106
202205030107
202205030108
202205030109
202205030110
202205030111
202205030112
202205030201
202205030202
202205030203
202205030204
202205030205
202205030206
202205030207
202205030208
202205030209
202205030210
202205030211
202205030301
202205030302
202205030303
202205030304
202205030305
202205030306
202205030307
202205030308
202205030309
202205030310
202205030311
202205030312
202205030401
202205030402
202205030403
202205030404
202205030405
202205030406
202205030407
202205030408
202205030409
202205030410
202205030411
202205030412
202205030501
202205030502
202205030503
202205030504
202205030505
202205030506
202205030507
202205030508
202205030509
202205030510
202205030511
202205030512
202205030601
202205030602
202205030603
202205030604
202205030605
202205030606
202205030607
202205030608
202205030609
202205030610
202205030611
202205030612
202205030701
202205030702
202205030703
202205030704
202205030705
202205030706
202205030707
202205030708
202205030709
202205030710
202205030711
202205030712
202205030801
202205030802
202205030803
202205030804
202205030805
202205030806
202205030807
202205030808
202205030809
202205030810
202205030811
202205030812
202205040101
202205040102
202205040103
202205040104
202205040105
202205040106
202205040107
202205040108
202205040109
202205040110
202205040111
202205040112
202205040201
202205040202
202205040203
202205040204
202205040205
202205040206
202205040207
202205040208
202205040209
202205040210
202205040211
202205040212
202205040301
202205040302
202205040303
202205040304
202205040305
202205040306
202205040307
202205040308
202205040309
202205040310
202205040311
202205040312
202205040401
202205040402
202205040403
202205040404
202205040405
202205040406
202205040407
202205040408
202205040409
202205040410
202205040411
202205040412
202205040501
202205040502
202205040503
202205040504
202205040505
202205040506
202205040507
202205040508
202205040509
202205040510
202205040511
202205040512
202205040601
202205040602
202205040603
202205040604
202205040605
202205040606
202205040607
202205040608
202205040609
202205040610
202205040611
202205040612
202205040701
202205040702
202205040703
202205040704
202205040705
202205040706
202205040707
202205040708
202205040710
202205040711
202205040712
202205040801
202205040802
202205040803
202205040804
202205040805
202205040806
202205040807
202205040808
202205040809
202205040810
202205040811
202205040812
202205040901
202205040902
202205040903
202205040904
202205040905
202205040906
202205040907
202205040908
202205040909
202205040910
202205040911
202205040912
202205050101
202205050102
202205050103
202205050104
202205050105
202205050106
202205050107
202205050108
202205050109
202205050110
202205050111
202205050112
202205050201
202205050202
202205050203
202205050204
202205050205
202205050206
202205050207
202205050208
202205050209
202205050210
202205050211
202205050212
202205050301
202205050302
202205050303
202205050304
202205050305
202205050306
202205050307
202205050308
202205050309
202205050310
202205050311
202205050312
202205050401
202205050402
202205050403
202205050404
202205050405
202205050406
202205050407
202205050408
202205050409
202205050410
202205050411
202205050412
202205050501
202205050502
202205050503
202205050504
202205050505
202205050506
202205050507
202205050508
202205050509
202205050510
202205050511
202205050512
202205050601
202205050602
202205050603
202205050604
202205050605
202205050606
202205050607
202205050608
202205050609
202205050610
202205050611
202205050612
202205050701
202205050702
202205050703
202205050704
202205050705
202205050706
202205050707
202205050708
202205050709
202205050710
202205050711
202205050712
202205050801
202205050802
202205050803
202205050804
202205050805
202205050806
202205050807
202205050808
202205050809
202205050810
202205050811
202205050812
202206010101
202206010102
202206010103
202206010104
202206010105
202206010106
202206010107
202206010108
202206010109
202206010110
202206010111
202206010112
202206010201
202206010202
202206010203
202206010204
202206010205
202206010206
202206010207
202206010208
202206010209
202206010210
202206010211
202206010301
202206010302
202206010303
202206010304
202206010305
202206010306
202206010307
202206010308
202206010309
202206010310
202206010311
202206010312
202206010401
202206010402
202206010403
202206010404
202206010405
202206010406
202206010407
202206010408
202206010409
202206010410
202206010411
202206010412
202206010501
202206010502
202206010503
202206010504
202206010505
202206010506
202206010507
202206010508
202206010509
202206010510
202206010511
202206010512
202206010601
202206010602
202206010603
202206010604
202206010605
202206010606
202206010607
202206010608
202206010609
202206010610
202206010611
202206010612
202206010701
202206010702
202206010703
202206010704
202206010705
202206010706
202206010707
202206010708
202206010709
202206010710
202206010711
202206010712
202206010801
202206010802
202206010803
202206010804
202206010805
202206010806
202206010807
202206010808
202206010809
202206010810
202206010811
202206010812
202206020101
202206020102
202206020103
202206020104
202206020105
202206020106
202206020107
202206020108
202206020109
202206020110
202206020111
202206020112
202206020201
202206020202
202206020203
202206020204
202206020205
202206020206
202206020207
202206020208
202206020209
202206020210
202206020211
202206020212
202206020301
202206020302
202206020303
202206020304
202206020305
202206020306
202206020307
202206020308
202206020309
202206020310
202206020311
202206020312
202206020401
202206020402
202206020403
202206020404
202206020405
202206020406
202206020407
202206020408
202206020409
202206020410
202206020411
202206020412
202206020501
202206020502
202206020503
202206020504
202206020505
202206020506
202206020507
202206020508
202206020509
202206020510
202206020511
202206020512
202206020601
202206020602
202206020603
202206020604
202206020605
202206020606
202206020607
202206020608
202206020609
202206020610
202206020611
202206020612
202206020701
202206020702
202206020703
202206020704
202206020705
202206020706
202206020707
202206020708
202206020709
202206020710
202206020711
202206020712
202206020801
202206020802
202206020803
202206020804
202206020805
202206020806
202206020807
202206020808
202206020809
202206020810
202206020811
202206020812
202206030101
202206030102
202206030103
202206030104
202206030105
202206030106
202206030107
202206030108
202206030109
202206030110
202206030111
202206030112
202206030201
202206030202
202206030203
202206030204
202206030205
202206030206
202206030207
202206030208
202206030209
202206030210
202206030211
202206030212
202206030301
202206030302
202206030303
202206030304
202206030305
202206030306
202206030307
202206030308
202206030309
202206030310
202206030311
202206030312
202206030401
202206030402
202206030403
202206030404
202206030405
202206030406
202206030407
202206030408
202206030409
202206030410
202206030411
202206030412
202206030501
202206030502
202206030503
202206030504
202206030505
202206030506
202206030507
202206030508
202206030509
202206030510
202206030511
202206030512
202206030601
202206030602
202206030603
202206030604
202206030605
202206030606
202206030607
202206030608
202206030609
202206030610
202206030611
202206030612
202206030701
202206030702
202206030703
202206030704
202206030705
202206030706
202206030707
202206030708
202206030709
202206030710
202206030711
202206030712
202206030801
202206030802
202206030803
202206030804
202206030805
202206030806
202206030807
202206030808
202206030810
202206030811
202206030812
202206040101
202206040102
202206040103
202206040104
202206040105
202206040106
202206040107
202206040108
202206040109
202206040110
202206040111
202206040112
202206040201
202206040202
202206040203
202206040204
202206040205
202206040206
202206040207
202206040208
202206040209
202206040210
202206040211
202206040212
202206040301
202206040302
202206040303
202206040304
202206040305
202206040306
202206040307
202206040308
202206040309
202206040310
202206040311
202206040312
202206040401
202206040402
202206040403
202206040404
202206040405
202206040406
202206040407
202206040408
202206040409
202206040410
202206040411
202206040412
202206040501
202206040502
202206040503
202206040504
202206040505
202206040506
202206040507
202206040508
202206040509
202206040510
202206040511
202206040512
202206040601
202206040602
202206040603
202206040604
202206040605
202206040606
202206040607
202206040608
202206040609
202206040610
202206040611
202206040612
202206040701
202206040702
202206040703
202206040704
202206040705
202206040706
202206040707
202206040708
202206040709
202206040710
202206040711
202206040712
202206040801
202206040802
202206040803
202206040804
202206040805
202206040806
202206040807
202206040808
202206040809
202206040810
202206040811
202206040812
202206040901
202206040902
202206040903
202206040904
202206040905
202206040906
202206040907
202206040908
202206040909
202206040910
202206040911
202206040912
202206050101
202206050102
202206050103
202206050104
202206050105
202206050106
202206050107
202206050108
202206050109
202206050110
202206050111
202206050112
202206050201
202206050202
202206050203
202206050204
202206050205
202206050206
202206050207
202206050208
202206050209
202206050210
202206050211
202206050212
202206050301
202206050302
202206050303
202206050304
202206050305
202206050306
202206050307
202206050308
202206050309
202206050310
202206050311
202206050312
202206050401
202206050402
202206050403
202206050404
202206050405
202206050406
202206050407
202206050408
202206050409
202206050410
202206050411
202206050412
202206050501
202206050502
202206050503
202206050504
202206050505
202206050506
202206050507
202206050508
202206050509
202206050510
202206050511
202206050512
202206050601
202206050602
202206050603
202206050604
202206050605
202206050606
202206050607
202206050608
202206050609
202206050610
202206050611
202206050612
202206050701
202206050702
202206050703
202206050704
202206050705
202206050706
202206050707
202206050708
202206050709
202206050710
202206050711
202206050712
202206050801
202206050802
202206050803
202206050804
202206050805
202206050806
202206050807
202206050808
202206050809
202206050810
202206050811
202206050812
202206050901
202206050902
202206050903
202206050904
202206050905
202206050906
202206050907
202206050908
202206050909
202206050910
202206050911
202206050912
202207010101
202207010102
202207010103
202207010104
202207010105
202207010106
202207010107
202207010108
202207010109
202207010110
202207010111
202207010112
202207010201
202207010202
202207010203
202207010204
202207010205
202207010206
202207010207
202207010208
202207010209
202207010210
202207010211
202207010212
202207010301
202207010302
202207010303
202207010304
202207010305
202207010306
202207010307
202207010308
202207010309
202207010310
202207010311
202207010312
202207010401
202207010402
202207010403
202207010404
202207010405
202207010406
202207010407
202207010408
202207010409
202207010410
202207010411
202207010412
202207010501
202207010502
202207010503
202207010504
202207010505
202207010506
202207010507
202207010508
202207010509
202207010510
202207010511
202207010512
202207010601
202207010602
202207010603
202207010604
202207010605
202207010606
202207010607
202207010608
202207010609
202207010610
202207010611
202207010612
202207010701
202207010702
202207010703
202207010704
202207010705
202207010706
202207010707
202207010708
202207010710
202207010711
202207010712
202207010801
202207010802
202207010803
202207010804
202207010805
202207010806
202207010807
202207010808
202207010809
202207010810
202207010811
202207010812
202207010901
202207010902
202207010903
202207010904
202207010905
202207010906
202207010907
202207010908
202207010909
202207010910
202207010911
202207010912
202207011001
202207011002
202207011003
202207011004
202207011005
202207011006
202207011007
202207011008
202207011009
202207011010
202207011011
202207011012
202207011101
202207011102
202207011103
202207011104
202207011105
202207011106
202207011107
202207011108
202207011109
202207011110
202207011111
202207011112
202207011201
202207011202
202207011203
202207011204
202207011205
202207011206
202207011207
202207011208
202207011209
202207011210
202207011211
202207011212
202207020101
202207020102
202207020103
202207020104
202207020105
202207020106
202207020107
202207020108
202207020109
202207020110
202207020111
202207020112
202207020201
202207020202
202207020203
202207020204
202207020205
202207020206
202207020207
202207020208
202207020209
202207020210
202207020211
202207020212
202207020301
202207020302
202207020303
202207020304
202207020305
202207020306
202207020307
202207020308
202207020309
202207020311
202207020312
202207020401
202207020402
202207020403
202207020404
202207020405
202207020406
202207020407
202207020408
202207020409
202207020410
202207020411
202207020412
202207020501
202207020502
202207020503
202207020504
202207020505
202207020506
202207020507
202207020508
202207020509
202207020510
202207020511
202207020512
202207020601
202207020602
202207020603
202207020604
202207020605
202207020606
202207020607
202207020608
202207020609
202207020610
202207020611
202207020612
202207030101
202207030102
202207030103
202207030104
202207030105
202207030106
202207030107
202207030108
202207030109
202207030111
202207030112
202207030201
202207030202
202207030203
202207030204
202207030205
202207030206
202207030207
202207030208
202207030209
202207030210
202207030211
202207030212
202207030301
202207030302
202207030303
202207030304
202207030305
202207030306
202207030307
202207030309
202207030310
202207030311
202207030312
202207030401
202207030402
202207030403
202207030404
202207030405
202207030406
202207030407
202207030408
202207030409
202207030410
202207030411
202207030501
202207030502
202207030503
202207030504
202207030505
202207030506
202207030507
202207030508
202207030509
202207030511
202207030512
202207030601
202207030602
202207030603
202207030604
202207030605
202207030606
202207030607
202207030608
202207030609
202207030610
202207030611
202207030612
202207030701
202207030702
202207030703
202207030704
202207030705
202207030706
202207030707
202207030708
202207030709
202207030710
202207030711
202207030712
202207030801
202207030802
202207030803
202207030804
202207030805
202207030806
202207030807
202207030808
202207030809
202207030810
202207030811
202207030812
202207040101
202207040102
202207040103
202207040104
202207040105
202207040106
202207040107
202207040108
202207040109
202207040110
202207040111
202207040112
202207040201
202207040202
202207040203
202207040204
202207040205
202207040206
202207040207
202207040208
202207040209
202207040210
202207040211
202207040212
202207040301
202207040302
202207040303
202207040304
202207040305
202207040306
202207040307
202207040308
202207040309
202207040310
202207040311
202207040312
202207040401
202207040402
202207040403
202207040404
202207040405
202207040406
202207040407
202207040408
202207040409
202207040410
202207040411
202207040412
202207050101
202207050102
202207050103
202207050104
202207050105
202207050106
202207050107
202207050108
202207050109
202207050110
202207050111
202207050112
202207050201
202207050202
202207050203
202207050204
202207050205
202207050206
202207050207
202207050208
202207050209
202207050210
202207050211
202207050212
202207050301
202207050302
202207050303
202207050304
202207050305
202207050306
202207050307
202207050308
202207050309
202207050310
202207050311
202207050312
202207050401
202207050402
202207050403
202207050404
202207050405
202207050406
202207050407
202207050408
202207050409
202207050410
202207050411
202207050412
202207050501
202207050502
202207050503
202207050504
202207050505
202207050506
202207050507
202207050508
202207050509
202207050510
202207050511
202207050512
202207050601
202207050602
202207050603
202207050604
202207050605
202207050606
202207050607
202207050608
202207050609
202207050610
202207050611
202207050612
202207050701
202207050702
202207050703
202207050704
202207050705
202207050706
202207050707
202207050708
202207050709
202207050710
202207050711
202207050712
202207050801
202207050802
202207050803
202207050804
202207050805
202207050806
202207050807
202207050808
202207050809
202207050810
202207050811
202207050812
202207050901
202207050902
202207050903
202207050904
202207050905
202207050906
202207050907
202207050908
202207050909
202207050910
202207050911
202207050912
202207060101
202207060102
202207060103
202207060104
202207060105
202207060106
202207060107
202207060108
202207060109
202207060110
202207060111
202207060112
202207060201
202207060202
202207060203
202207060204
202207060205
202207060206
202207060207
202207060208
202207060209
202207060210
202207060211
202207060212
202207060301
202207060302
202207060303
202207060304
202207060305
202207060306
202207060307
202207060308
202207060309
202207060310
202207060311
202207060312
202207060401
202207060402
202207060403
202207060404
202207060405
202207060406
202207060407
202207060408
202207060409
202207060410
202207060411
202207060412
202207060501
202207060502
202207060503
202207060504
202207060505
202207060506
202207060507
202207060508
202207060509
202207060510
202207060511
202207060512
202207060601
202207060602
202207060603
202207060604
202207060605
202207060606
202207060607
202207060608
202207060609
202207060610
202207060611
202207060612
202209010101
202209010102
202209010103
202209010104
202209010105
202209010106
202209010107
202209010108
202209010109
202209010110
202209010111
202209010112
202209010201
202209010202
202209010203
202209010204
202209010205
202209010206
202209010207
202209010208
202209010209
202209010210
202209010211
202209010212
202209010301
202209010302
202209010303
202209010304
202209010305
202209010306
202209010307
202209010308
202209010309
202209010310
202209010311
202209010312
202209010401
202209010402
202209010403
202209010404
202209010405
202209010406
202209010407
202209010408
202209010409
202209010411
202209010412
202209010501
202209010502
202209010503
202209010504
202209010505
202209010506
202209010507
202209010508
202209010509
202209010510
202209010511
202209010512
202209010601
202209010602
202209010603
202209010604
202209010605
202209010606
202209010607
202209010609
202209010610
202209010611
202209010612
202209010701
202209010702
202209010703
202209010704
202209010705
202209010706
202209010707
202209010708
202209010709
202209010710
202209010711
202209010712
202209010801
202209010802
202209010803
202209010804
202209010805
202209010806
202209010807
202209010808
202209010809
202209010810
202209010811
202209010812
202209010901
202209010902
202209010903
202209010904
202209010905
202209010906
202209010907
202209010908
202209010909
202209010910
202209010911
202209010912
202209011001
202209011002
202209011003
202209011004
202209011005
202209011007
202209011008
202209011009
202209011010
202209011011
202209011012
202209011101
202209011102
202209011103
202209011104
202209011105
202209011106
202209011107
202209011108
202209011109
202209011110
202209011111
202209011112
202209011201
202209011202
202209011203
202209011204
202209011205
202209011206
202209011207
202209011208
202209011209
202209011210
202209011211
202209011212
202209020101
202209020102
202209020103
202209020104
202209020105
202209020106
202209020107
202209020108
202209020109
202209020110
202209020111
202209020112
202209020201
202209020202
202209020203
202209020204
202209020205
202209020206
202209020207
202209020208
202209020210
202209020211
202209020212
202209020301
202209020302
202209020303
202209020304
202209020305
202209020306
202209020307
202209020308
202209020309
202209020310
202209020311
202209020312
202209020401
202209020402
202209020403
202209020404
202209020405
202209020406
202209020407
202209020408
202209020409
202209020410
202209020411
202209020412
202209020501
202209020502
202209020503
202209020504
202209020505
202209020506
202209020507
202209020508
202209020509
202209020510
202209020512
202209020601
202209020602
202209020603
202209020604
202209020605
202209020606
202209020607
202209020608
202209020609
202209020610
202209020611
202209020612
202209020701
202209020702
202209020703
202209020704
202209020705
202209020706
202209020707
202209020708
202209020709
202209020710
202209020711
202209020712
202209020801
202209020802
202209020803
202209020804
202209020805
202209020806
202209020807
202209020808
202209020809
202209020810
202209020811
202209020812
202209020901
202209020902
202209020903
202209020904
202209020905
202209020906
202209020907
202209020908
202209020909
202209020910
202209020911
202209020912
202209021001
202209021002
202209021003
202209021004
202209021005
202209021006
202209021007
202209021008
202209021009
202209021010
202209021011
202209021012
202209021101
202209021102
202209021103
202209021104
202209021105
202209021106
202209021107
202209021108
202209021109
202209021110
202209021111
202209021112
202209021201
202209021202
202209021203
202209021204
202209021205
202209021206
202209021207
202209021209
202209021210
202209021211
202209021212
202209030101
202209030102
202209030103
202209030104
202209030105
202209030106
202209030107
202209030108
202209030109
202209030110
202209030111
202209030112
202209030201
202209030202
202209030203
202209030204
202209030205
202209030206
202209030207
202209030208
202209030209
202209030210
202209030211
202209030212
202209030301
202209030302
202209030303
202209030304
202209030305
202209030306
202209030307
202209030308
202209030309
202209030310
202209030311
202209030312
202209030401
202209030402
202209030403
202209030404
202209030405
202209030406
202209030407
202209030408
202209030409
202209030410
202209030411
202209030412
202209040101
202209040102
202209040103
202209040104
202209040105
202209040106
202209040107
202209040108
202209040109
202209040110
202209040111
202209040112
202209040201
202209040202
202209040203
202209040205
202209040206
202209040207
202209040208
202209040209
202209040210
202209040211
202209040212
202209040301
202209040302
202209040303
202209040304
202209040305
202209040306
202209040307
202209040308
202209040309
202209040310
202209040311
202209040312
202209040401
202209040402
202209040403
202209040404
202209040405
202209040406
202209040407
202209040408
202209040409
202209040410
202209040411
202209040412
202209040501
202209040502
202209040503
202209040504
202209040505
202209040506
202209040507
202209040508
202209040509
202209040510
202209040511
202209040512
202209040601
202209040602
202209040603
202209040604
202209040605
202209040606
202209040607
202209040608
202209040609
202209040610
202209040611
202209040612
202209040701
202209040702
202209040703
202209040704
202209040705
202209040706
202209040707
202209040708
202209040709
202209040710
202209040711
202209040712
202209040801
202209040802
202209040803
202209040804
202209040805
202209040806
202209040807
202209040808
202209040809
202209040810
202209040811
202209040812
202209040901
202209040902
202209040903
202209040904
202209040905
202209040906
202209040907
202209040908
202209040909
202209040910
202209040911
202209040912
202209050101
202209050102
202209050103
202209050104
202209050105
202209050106
202209050107
202209050108
202209050109
202209050110
202209050111
202209050112
202209050201
202209050202
202209050203
202209050204
202209050205
202209050206
202209050207
202209050208
202209050209
202209050210
202209050211
202209050212
202209050301
202209050302
202209050303
202209050304
202209050305
202209050306
202209050307
202209050308
202209050309
202209050310
202209050311
202209050312
202209050401
202209050402
202209050403
202209050404
202209050405
202209050406
202209050407
202209050408
202209050409
202209050410
202209050411
202209050412
202209050501
202209050502
202209050503
202209050504
202209050505
202209050506
202209050507
202209050508
202209050509
202209050510
202209050511
202209050512
202209050601
202209050602
202209050603
202209050604
202209050605
202209050606
202209050607
202209050608
202209050609
202209050610
202209050611
202209050612
202209050701
202209050702
202209050703
202209050704
202209050705
202209050706
202209050707
202209050708
202209050709
202209050710
202209050711
202209050712
202209050801
202209050802
202209050803
202209050804
202209050805
202209050806
202209050807
202209050808
202209050809
202209050810
202209050811
202209050812
202209060101
202209060102
202209060103
202209060104
202209060105
202209060106
202209060107
202209060108
202209060109
202209060110
202209060111
202209060112
202209060201
202209060202
202209060203
202209060204
202209060205
202209060206
202209060207
202209060208
202209060209
202209060210
202209060211
202209060212
202209060301
202209060302
202209060303
202209060304
202209060305
202209060306
202209060307
202209060308
202209060309
202209060310
202209060311
202209060312
202209060401
202209060402
202209060403
202209060404
202209060405
202209060406
202209060407
202209060408
202209060409
202209060410
202209060411
202209060412
202209060501
202209060502
202209060503
202209060505
202209060506
202209060507
202209060508
202209060509
202209060510
202209060511
202209060512
202209060601
202209060602
202209060603
202209060604
202209060605
202209060606
202209060607
202209060608
202209060609
202209060610
202209060611
202209060612
202209060701
202209060702
202209060703
202209060704
202209060705
202209060706
202209060707
202209060708
202209060709
202209060710
202209060711
202209060712
202209060801
202209060802
202209060803
202209060804
202209060805
202209060806
202209060807
202209060808
202209060809
202209060810
202209060811
202209060812
202209060901
202209060902
202209060903
202209060905
202209060906
202209060907
202209060908
202209060909
202209060910
202209060911
202209060912
202210010101
202210010102
202210010103
202210010104
202210010105
202210010106
202210010107
202210010108
202210010109
202210010110
202210010111
202210010112
202210010201
202210010202
202210010203
202210010204
202210010205
202210010206
202210010207
202210010208
202210010209
202210010210
202210010211
202210010212
202210010301
202210010302
202210010303
202210010304
202210010305
202210010306
202210010307
202210010308
202210010309
202210010310
202210010311
202210010312
202210010401
202210010402
202210010403
202210010404
202210010405
202210010406
202210010407
202210010408
202210010409
202210010410
202210010411
202210010412
202210010501
202210010502
202210010503
202210010504
202210010505
202210010506
202210010507
202210010508
202210010509
202210010510
202210010511
202210010512
202210010601
202210010602
202210010603
202210010604
202210010605
202210010606
202210010607
202210010608
202210010609
202210010611
202210010612
202210010701
202210010702
202210010703
202210010704
202210010705
202210010706
202210010707
202210010708
202210010709
202210010710
202210010711
202210010712
202210010801
202210010802
202210010803
202210010804
202210010805
202210010806
202210010807
202210010808
202210010809
202210010810
202210010811
202210010812
202210020101
202210020102
202210020103
202210020104
202210020105
202210020106
202210020107
202210020108
202210020109
202210020110
202210020111
202210020112
202210020201
202210020202
202210020203
202210020204
202210020205
202210020206
202210020207
202210020208
202210020209
202210020210
202210020211
202210020212
202210020301
202210020302
202210020303
202210020304
202210020305
202210020306
202210020307
202210020308
202210020309
202210020310
202210020311
202210020312
202210020401
202210020402
202210020403
202210020404
202210020405
202210020406
202210020407
202210020408
202210020409
202210020410
202210020411
202210020412
202210020501
202210020502
202210020503
202210020504
202210020505
202210020506
202210020507
202210020508
202210020509
202210020510
202210020511
202210020512
202210020601
202210020602
202210020603
202210020604
202210020605
202210020606
202210020607
202210020608
202210020609
202210020610
202210020611
202210020612
202210030101
202210030102
202210030103
202210030104
202210030105
202210030106
202210030107
202210030108
202210030109
202210030110
202210030111
202210030112
202210030201
202210030202
202210030203
202210030204
202210030205
202210030206
202210030207
202210030208
202210030209
202210030210
202210030211
202210030212
202210030301
202210030302
202210030303
202210030304
202210030305
202210030306
202210030307
202210030308
202210030309
202210030310
202210030311
202210030312
202210030401
202210030402
202210030403
202210030404
202210030405
202210030406
202210030407
202210030408
202210030409
202210030410
202210030411
202210030412
202210030501
202210030502
202210030503
202210030504
202210030505
202210030506
202210030507
202210030508
202210030509
202210030510
202210030511
202210030512
202210030601
202210030602
202210030603
202210030604
202210030605
202210030606
202210030607
202210030608
202210030609
202210030610
202210030611
202210030612
202210030701
202210030702
202210030703
202210030704
202210030705
202210030706
202210030707
202210030708
202210030709
202210030710
202210030711
202210030712
202210030801
202210030802
202210030803
202210030804
202210030805
202210030806
202210030807
202210030808
202210030809
202210030810
202210030811
202210030812
202210040101
202210040102
202210040103
202210040104
202210040105
202210040106
202210040107
202210040108
202210040109
202210040110
202210040111
202210040112
202210040201
202210040202
202210040203
202210040204
202210040205
202210040206
202210040207
202210040208
202210040209
202210040210
202210040211
202210040212
202210040301
202210040302
202210040303
202210040304
202210040305
202210040306
202210040307
202210040308
202210040309
202210040310
202210040311
202210040312
202210040401
202210040402
202210040403
202210040404
202210040405
202210040406
202210040407
202210040408
202210040409
202210040410
202210040411
202210040412
202210040501
202210040502
202210040503
202210040504
202210040505
202210040506
202210040507
202210040508
202210040509
202210040510
202210040511
202210040512
202210040601
202210040602
202210040603
202210040604
202210040605
202210040606
202210040607
202210040608
202210040610
202210040611
202210040612
202210040701
202210040702
202210040703
202210040704
202210040705
202210040706
202210040707
202210040708
202210040709
202210040710
202210040711
202210040712
202210040801
202210040802
202210040803
202210040804
202210040805
202210040806
202210040807
202210040808
202210040809
202210040810
202210040811
202210040812
202230041301
202230041302
202230041303
202230041304
202230041305
202230041306
202230041307
202230041308
202230041309
202230041310
202230041401
202230041402
202230041403
202230041404
202230041405
202230041406
202230041407
202230041408
202230041409
202230041410
202230042002
202230042003
202230042004
202230042005
202230042006
202230042007
202230042008
202230042009
202230042010
202230042101
202230042102
202230042103
202230042104
202230042105
202230042106
202230042108
202230042109
202230042110
202230042111
202230042701
202230042702
202230042703
202230042704
202230042705
202230042706
202230042707
202230042708
202230042709
202230042710
202230042711
202230042801
202230042802
202230042803
202230042804
202230042805
202230042806
202230042807
202230042808
202230042809
202230042810
202230042811
202230050301
202230050302
202230050303
202230050304
202230050305
202230050307
202230050308
202230050309
202230050310
202230050401
202230050402
202230050403
202230050404
202230050405
202230050406
202230050408
202230050409
202230050410
202230050501
202230050502
202230050503
202230050504
202230050505
202230050506
202230050507
202230050508
202230050509
202230050510
202230050511
202230051101
202230051102
202230051103
202230051104
202230051105
202230051106
202230051107
202230051108
202230051109
202230051110
202230051202
202230051203
202230051204
202230051205
202230051206
202230051207
202230051208
202230051209
202230051210
202230051701
202230051702
202230051703
202230051704
202230051705
202230051707
202230051708
202230051709
202230051710
202230051711
202230051801
202230051802
202230051803
202230051804
202230051805
202230051806
202230051807
202230051808
202230051810
202230051811
202230051812
202230051901
202230051902
202230051903
202230051904
202230051905
202230051906
202230051907
202230051908
202230051909
202230051910
202230051911
202230052502
202230052504
202230052505
202230052506
202230052507
202230052508
202230052509
202230052510
202230052511
202230052601
202230052602
202230052603
202230052604
202230052605
202230052606
202230052607
202230052608
202230052609
202230052610
202230052611
202230052612
202230053101
202230053102
202230053103
202230053104
202230053105
202230053106
202230053107
202230053108
202230053109
202230053110
202230053111
202230053112
202230060101
202230060102
202230060103
202230060104
202230060105
202230060106
202230060107
202230060108
202230060109
202230060110
202230060111
202230060112
202230060201
202230060202
202230060203
202230060204
202230060205
202230060206
202230060207
202230060208
202230060209
202230060210
202230060211
202230060212
202230060802
202230060803
202230060804
202230060805
202230060806
202230060807
202230060808
202230060809
202230060810
202230060811
202230060901
202230060902
202230060903
202230060904
202230060905
202230060906
202230060907
202230060908
202230060909
202230060910
202230060911
202230061501
202230061502
202230061503
202230061504
202230061505
202230061506
202230061507
202230061508
202230061509
202230061510
202230061511
202230061512
202230061601
202230061602
202230061603
202230061604
202230061605
202230061606
202230061607
202230061608
202230061609
202230061610
202230061611
202230062201
202230062202
202230062203
202230062204
202230062205
202230062206
202230062207
202230062208
202230062209
202230062210
202230062301
202230062302
202230062303
202230062304
202230062305
202230062306
202230062307
202230062308
202230062309
202230062310
202230062311
202230062801
202230062802
202230062803
202230062804
202230062805
202230062806
202230062807
202230062808
202230062809
202230062810
202230062811
202230062812
202230062901
202230062902
202230062903
202230062904
202230062905
202230062906
202230062907
202230062908
202230062910
202230062911
202230062912
202230063001
202230063002
202230063003
202230063004
202230063005
202230063006
202230063007
202230063008
202230063009
202230063010
202230063011
202230063012
202230070501
202230070502
202230070503
202230070504
202230070505
202230070506
202230070507
202230070508
202230070509
202230070510
202230070511
202230070601
202230070602
202230070603
202230070604
202230070605
202230070606
202230070607
202230070608
202230070609
202230070610
202230070611
202230070701
202230070702
202230070703
202230070704
202230070705
202230070706
202230070707
202230070708
202230070709
202230070710
202230070711
202230071201
202230071202
202230071203
202230071204
202230071205
202230071206
202230071207
202230071208
202230071209
202230071210
202230071211
202230071212
202230071301
202230071302
202230071303
202230071304
202230071305
202230071306
202230071307
202230071308
202230071309
202230071310
202230071311
202230071312
202230071401
202230071402
202230071403
202230071404
202230071405
202230071406
202230071407
202230071408
202230071409
202230071410
202230071901
202230071902
202230071903
202230071904
202230071905
202230071906
202230071907
202230071908
202230071909
202230071910
202230071911
202230071912
202230072001
202230072002
202230072003
202230072004
202230072005
202230072006
202230072007
202230072008
202230072009
202230072010
202230072011
202230072012
202230072101
202230072102
202230072103
202230072104
202230072105
202230072106
202230072107
202230072108
202230072109
202230072110
202230072111
202230072112
202230072601
202230072602
202230072603
202230072604
202230072605
202230072607
202230072608
202230072609
202230072610
202230072611
202230072701
202230072702
202230072703
202230072704
202230072705
202230072706
202230072707
202230072708
202230072709
202230072710
202230072711
202230072712
202230072801
202230072802
202230072803
202230072804
202230072805
202230072806
202230072807
202230072808
202230072809
202230072810
202230072811
202230072812
202230080201
202230080202
202230080203
202230080204
202230080205
202230080206
202230080207
202230080208
202230080209
202230080210
202230080211
202230080212
202230080301
202230080302
202230080303
202230080304
202230080305
202230080306
202230080307
202230080308
202230080309
202230080310
202230080311
202230080312
202230080401
202230080402
202230080403
202230080404
202230080405
202230080406
202230080407
202230080408
202230080409
202230080410
202230080411
202230080412
202230080901
202230080902
202230080903
202230080904
202230080905
202230080906
202230080907
202230080908
202230080909
202230080911
202230080912
202230081001
202230081002
202230081003
202230081004
202230081005
202230081006
202230081007
202230081008
202230081009
202230081010
202230081011
202230081012
202230081101
202230081102
202230081103
202230081104
202230081105
202230081106
202230081107
202230081108
202230081109
202230081110
202230081111
202230081112
202230081601
202230081602
202230081603
202230081604
202230081605
202230081606
202230081608
202230081609
202230081611
202230081612
202230081701
202230081702
202230081703
202230081704
202230081705
202230081706
202230081707
202230081708
202230081709
202230081710
202230081711
202230081712
202230081801
202230081802
202230081803
202230081804
202230081805
202230081806
202230081807
202230081808
202230081809
202230081810
202230081811
202230082301
202230082302
202230082303
202230082304
202230082305
202230082306
202230082307
202230082308
202230082309
202230082310
202230082311
202230082312
202230082401
202230082402
202230082403
202230082404
202230082405
202230082406
202230082407
202230082408
202230082409
202230082410
202230082411
202230082501
202230082502
202230082503
202230082504
202230082505
202230082506
202230082507
202230082508
202230082509
202230082510
202230082511
202230082512
202230083001
202230083002
202230083003
202230083004
202230083005
202230083006
202230083007
202230083008
202230083009
202230083010
202230083011
202230083012
202230083101
202230083102
202230083103
202230083104
202230083105
202230083106
202230083107
202230083108
202230083109
202230083110
202230083111
202230083112
202230090101
202230090102
202230090103
202230090104
202230090105
202230090106
202230090107
202230090108
202230090109
202230090110
202230090111
202230090112
202230090601
202230090602
202230090603
202230090604
202230090605
202230090606
202230090607
202230090608
202230090609
202230090610
202230090611
202230090612
202230090701
202230090702
202230090703
202230090704
202230090705
202230090706
202230090707
202230090708
202230090709
202230090710
202230090711
202230090712
202230090801
202230090802
202230090803
202230090804
202230090805
202230090806
202230090807
202230090808
202230090809
202230090810
202230090811
202230090812
202230091301
202230091302
202230091303
202230091304
202230091305
202230091306
202230091307
202230091308
202230091309
202230091310
202230091311
202230091312
202230091401
202230091402
202230091403
202230091404
202230091405
202230091407
202230091408
202230091409
202230091410
202230091411
202230091412
202230091501
202230091502
202230091503
202230091504
202230091505
202230091506
202230091507
202230091508
202230091509
202230091510
202230091511
202230091512
202230092001
202230092002
202230092004
202230092005
202230092006
202230092007
202230092008
202230092009
202230092010
202230092011
202230092101
202230092102
202230092103
202230092104
202230092105
202230092106
202230092107
202230092108
202230092109
202230092110
202230092111
202230092112
202230092201
202230092202
202230092203
202230092204
202230092206
202230092207
202230092208
202230092209
202230092210
202230092211
202230092212
202230092701
202230092702
202230092703
202230092704
202230092706
202230092707
202230092708
202230092709
202230092710
202230092711
202230092712
202230092801
202230092802
202230092803
202230092804
202230092805
202230092806
202230092807
202230092808
202230092809
202230092810
202230092811
202230092812
202230092901
202230092902
202230092903
202230092904
202230092905
202230092906
202230092907
202230092908
202230092909
202230092910
202230092911
202230092912
202230100402
202230100403
202230100404
202230100405
202230100406
202230100407
202230100408
202230100409
202230100410
202230100411
202230100412
202230100501
202230100502
202230100503
202230100504
202230100505
202230100506
202230100507
202230100508
202230100509
202230100510
202230100511
202230100512
202230100601
202230100602
202230100603
202230100604
202230100605
202230100606
202230100608
202230100609
202230100610
202230100611
202230100612
202230101101
202230101102
202230101103
202230101104
202230101105
202230101106
202230101107
202230101108
202230101109
202230101110
202230101111
202230101112
202230101201
202230101202
202230101203
202230101204
202230101205
202230101206
202230101207
202230101208
202230101209
202230101210
202230101211
202230101212
202230101301
202230101302
202230101303
202230101304
202230101305
202230101306
202230101307
202230101308
202230101310
202230101311
202230101312
202230101802
202230101803
202230101804
202230101805
202230101806
202230101807
202230101808
202230101809
202230101810
202230101811
202230101812
202230101901
202230101902
202230101903
202230101904
202230101905
202230101906
202230101907
202230101908
202230101909
202230101910
202230101911
202230102001
202230102002
202230102003
202230102004
202230102005
202230102006
202230102007
202230102008
202230102009
202230102010
202230102011
202230102012
202230102501
202230102502
202230102503
202230102504
202230102505
202230102506
202230102507
202230102508
202230102509
202230102510
202230102511
202230102512
202230102601
202230102602
202230102603
202230102604
202230102605
202230102606
202230102607
202230102608
202230102609
202230102610
202230102611
202230102612
202230102701
202230102702
202230102703
202230102704
202230102705
202230102706
202230102707
202230102708
202230102709
202230102710
202230102711
202230110101
202230110102
202230110103
202230110104
202230110105
202230110106
202230110107
202230110108
202230110109
202230110110
202230110111
202230110112
202230110201
202230110202
202230110203
202230110205
202230110206
202230110207
202230110208
202230110209
202230110210
202230110211
202230110212
202230110301
202230110302
202230110303
202230110304
202230110305
202230110306
202230110307
202230110308
202230110309
202230110310
202230110311
202230110312
202230110802
202230110803
202230110804
202230110805
202230110806
202230110807
202230110808
202230110809
202230110810
202230110811
202230110812
202230110901
202230110902
202230110903
202230110904
202230110905
202230110906
202230110907
202230110908
202230110909
202230110910
202230110911
202230110912
202230111001
202230111002
202230111003
202230111004
202230111005
202230111006
202230111007
202230111008
202230111009
202230111010
202230111011
202230111012
202235062604
202235062605
202235062607
202235062608
202235062609
202235062610
202235062611
202235062701
202235062702
202235062704
202235062705
202235062706
202235062708
202235062709
202235062711
202235062712
202235062802
202235062803
202235062804
202235062805
202235062806
202235062807
202235062808
202235062809
202235062810
202235062811
202235062812
202235070301
202235070302
202235070303
202235070304
202235070306
202235070307
202235070308
202235070309
202235070310
202235070311
202235070401
202235070402
202235070403
202235070406
202235070408
202235070409
202235070410
202235070411
202235070412
202235070501
202235070502
202235070503
202235070504
202235070505
202235070506
202235070507
202235070508
202235070509
202235070511
202235070512
202235071002
202235071003
202235071005
202235071006
202235071007
202235071008
202235071009
202235071010
202235071011
202235071101
202235071102
202235071103
202235071104
202235071105
202235071106
202235071107
202235071108
202235071109
202235071110
202235071111
202235071112
202235071203
202235071204
202235071205
202235071207
202235071208
202235071209
202235071211
202235071212
202235071701
202235071702
202235071703
202235071704
202235071705
202235071707
202235071708
202235071710
202235071711
202235071801
202235071802
202235071803
202235071804
202235071805
202235071807
202235071808
202235071809
202235071810
202235071811
202235071812
202235071902
202235071903
202235071904
202235071905
202235071906
202235071907
202235071909
202235071910
202235071912
202235072403
202235072404
202235072405
202235072406
202235072407
202235072408
202235072409
202235072410
202235072411
202235072502
202235072503
202235072504
202235072505
202235072506
202235072507
202235072508
202235072509
202235072511
202235072512
202235072601
202235072602
202235072603
202235072604
202235072605
202235072607
202235072608
202235072609
202235072611
202235072612
202235073101
202235073102
202235073103
202235073104
202235073106
202235073107
202235073108
202235073109
202235073110
202235073111
202235080101
202235080103
202235080104
202235080105
202235080106
202235080107
202235080109
202235080110
202235080111
202235080112
202235080202
202235080203
202235080204
202235080205
202235080206
202235080207
202235080208
202235080211
202235080702
202235080704
202235080705
202235080706
202235080707
202235080708
202235080709
202235080710
202235080711
202235080802
202235080804
202235080805
202235080806
202235080807
202235080808
202235080809
202235080810
202235080811
202235080812
202235080901
202235080902
202235080903
202235080905
202235080906
202235080907
202235080908
202235080909
202235080910
202235080911
202235080912
202235081401
202235081402
202235081403
202235081404
202235081405
202235081406
202235081407
202235081408
202235081409
202235081410
202235081411
202235081501
202235081502
202235081503
202235081504
202235081505
202235081507
202235081508
202235081509
202235081511
202235081512
202235081601
202235081602
202235081603
202235081604
202235081605
202235081606
202235081607
202235081608
202235081609
202235081610
202235081612
202235082103
202235082105
202235082106
202235082107
202235082108
202235082111
202235082201
202235082203
202235082204
202235082205
202235082206
202235082207
202235082208
202235082209
202235082210
202235082212
202235082301
202235082302
202235082303
202235082304
202235082305
202235082306
202235082307
202235082308
202235082309
202235082311
202235082312
202235082801
202235082802
202235082803
202235082804
202235082805
202235082806
202235082807
202235082808
202235082809
202235082810
202235082901
202235082902
202235082903
202235082904
202235082905
202235082906
202235082907
202235082908
202235082909
202235082910
202235082911
202235082912
202235083003
202235083004
202235083005
202235083008
202235083009
202235083010
202235083011
202235083012
202235090401
202235090405
202235090406
202235090407
202235090408
202235090409
202235090410
202235090411
202235090502
202235090504
202235090505
202235090506
202235090507
202235090508
202235090509
202235090511
202235090601
202235090602
202235090603
202235090604
202235090605
202235090606
202235090608
202235090609
202235090611
202235090612
202235091101
202235091102
202235091103
202235091104
202235091105
202235091106
202235091107
202235091109
202235091110
202235091111
202235091201
202235091202
202235091203
202235091204
202235091205
202235091207
202235091208
202235091210
202235091211
202235091212
202235091301
202235091302
202235091303
202235091304
202235091305
202235091307
202235091308
202235091310
202235091311
202235091312
202235091801
202235091802
202235091804
202235091805
202235091806
202235091807
202235091808
202235091810
202235091812
202235091904
202235091905
202235091906
202235091907
202235091908
202235091909
202235091910
202235091911
202235092001
202235092002
202235092003
202235092004
202235092005
202235092006
202235092007
202235092009
202235092010
202235092011
202235092012
202235092501
202235092502
202235092503
202235092504
202235092505
202235092508
202235092509
202235092510
202235092511
202235092601
202235092602
202235092604
202235092605
202235092606
202235092608
202235092609
202235092611
202235092612
202235092701
202235092702
202235092704
202235092706
202235092707
202235092708
202235092710
202235092711
202235100201
202235100202
202235100203
202235100204
202235100205
202235100206
202235100207
202235100208
202235100209
202235100210
202235100211
202235100302
202235100303
202235100304
202235100305
202235100306
202235100307
202235100308
202235100309
202235100311
202235100312
202235100401
202235100402
202235100403
202235100404
202235100406
202235100408
202235100409
202235100410
202235100411
202235100412
202235100901
202235100902
202235100903
202235100904
202235100905
202235100906
202235100907
202235100909
202235100910
202235100911
202235101001
202235101002
202235101003
202235101004
202235101005
202235101006
202235101007
202235101008
202235101009
202235101010
202235101011
202235101012
202235101101
202235101102
202235101103
202235101105
202235101106
202235101107
202235101108
202235101109
202235101110
202235101111
202235101601
202235101602
202235101603
202235101604
202235101605
202235101607
202235101608
202235101609
202235101610
202235101611
202235101701
202235101702
202235101703
202235101704
202235101705
202235101706
202235101707
202235101708
202235101709
202235101710
202235101711
202235101712
202235101801
202235101802
202235101803
202235101804
202235101805
202235101806
202235101807
202235101808
202235101809
202235101810
202235101811
202235101812
202235102301
202235102302
202235102303
202235102304
202235102305
202235102306
202235102307
202235102308
202235102309
202235102310
202235102311
202235102401
202235102402
202235102404
202235102405
202235102406
202235102407
202235102408
202235102409
202235102410
202235102411
202235102412
202235102501
202235102502
202235102503
202235102504
202235102505
202235102506
202235102507
202235102508
202235102509
202235102510
202235102511
202235102512
202235103001
202235103002
202235103003
202235103004
202235103005
202235103006
202235103007
202235103008
202235103011
202235103012
202235103101
202235103102
202235103103
202235103104
202235103106
202235103107
202235103108
202235103109
202235103110
202235103111
202235103112
202235110301
202235110302
202235110303
202235110304
202235110305
202235110306
202235110307
202235110308
202235110309
202235110310
202235110311
202235110312
202235110601
202235110602
202235110603
202235110605
202235110606
202235110607
202235110608
202235110609
202235110610
202235110611
202235110702
202235110703
202235110704
202235110705
202235110706
202235110707
202235110708
202235110709
202235110710
202235110711
202235110712
202235110801
202235110802
202235110803
202235110804
202235110805
202235110806
202235110807
202235110808
202235110809
202235110810
202235110811
202235110812
202235111301
202235111303
202235111304
202235111305
202235111306
202235111307
202235111308
202235111309
202235111310
202235111311
202235111401
202235111403
202235111404
202235111405
202235111406
202235111407
202235111408
202235111409
202235111410
202235111411
202235111412
202235111501
202235111502
202235111503
202235111504
202235111505
202235111506
202235111507
202235111508
202235111509
202235111510
202235111511
202235112001
202235112002
202235112003
202235112004
202235112005
202235112006
202235112007
202235112008
202235112009
202235112010
202235112011
202235112101
202235112102
202235112103
202235112104
202235112105
202235112106
202235112107
202235112108
202235112109
202235112110
202235112111
202235112112
202235112201
202235112202
202235112203
202235112204
202235112205
202235112206
202235112207
202235112208
202235112209
202235112210
202235112211
202235112212
202236010202
202236010203
202236010205
202236010207
202236010208
202236010209
202236010210
202236010301
202236010302
202236010304
202236010305
202236010307
202236010310
202236031101
202236031103
202236031104
202236031105
202236031106
202236031108
202236031109
202236031110
202236031201
202236031202
202236031203
202236031204
202236031205
202236031207
202236031208
202236031210
202236031301
202236031302
202236031303
202236031304
202236031306
202236031307
202236031308
202236031309
202236031310
202236031402
202236031404
202236031405
202236031406
202236031408
202236031409
202236031410
202236031501
202236031502
202236031503
202236031505
202236031506
202236031507
202236031509
202236031510
202236032002
202236032004
202236032006
202236032008
202236032009
202236032010
202236032011
202236032102
202236032104
202236032105
202236032107
202236032108
202236032110
202236032202
202236032203
202236032204
202236032205
202236032206
202236032207
202236032208
202236032209
202236032210
202236032211
202236032701
202236032702
202236032705
202236032706
202236032708
202236032709
202236032711
202236032801
202236032802
202236032803
202236032804
202236032807
202236032808
202236032809
202236032810
202236032901
202236032902
202236032904
202236032905
202236032906
202236032909
202236032910
202236032911
202236040301
202236040302
202236040303
202236040305
202236040308
202236040309
202236040310
202236040311
202236040401
202236040402
202236040403
202236040405
202236040406
202236040407
202236040408
202236040410
202236040411
202236040412
202236040501
202236040502
202236040503
202236040504
202236040505
202236040506
202236040507
202236040508
202236040509
202236040510
202236040511
202236041001
202236041003
202236041005
202236041006
202236041007
202236041009
202236041010
202236041011
202236041101
202236041103
202236041104
202236041105
202236041106
202236041109
202236041110
202236041111
202236041112
202236041201
202236041203
202236041205
202236041208
202236041210
202236041211
202236041702
202236041705
202236041706
202236041707
202236041708
202236041709
202236041710
202236041711
202236041801
202236041803
202236041804
202236041805
202236041806
202236041807
202236041808
202236041810
202236041811
202236041812
202236041901
202236041902
202236041903
202236041905
202236041909
202236041910
202236041911
202236042401
202236042402
202236042403
202236042404
202236042405
202236042406
202236042408
202236042409
202236042410
202236042411
202236042503
202236042506
202236042507
202236042508
202236042509
202236042510
202236042511
202236042512
202236042601
202236042602
202236042605
202236042606
202236042607
202236042608
202236042609
202236042610
202236050101
202236050104
202236050105
202236050108
202236050110
202236050111
202236050201
202236050202
202236050204
202236050205
202236050206
202236050207
202236050208
202236050209
202236050210
202236050211
202236050304
202236050305
202236050306
202236050307
202236050308
202236050309
202236050311
202236050312
202236050801
202236050802
202236050803
202236050805
202236050806
202236050807
202236050808
202236050809
202236050810
202236050811
202236050902
202236050904
202236050906
202236050907
202236050908
202236050909
202236050910
202236050911
202236050912
202236051001
202236051002
202236051005
202236051006
202236051008
202236051009
202236051010
202236051012
202236051501
202236051504
202236051505
202236051506
202236051507
202236051509
202236051510
202236051511
202236051601
202236051603
202236051606
202236051607
202236051609
202236051610
202236051611
202236051612
202236051701
202236051704
202236051705
202236051706
202236051707
202236051708
202236051709
202236051710
202236051711
202236052201
202236052202
202236052203
202236052204
202236052207
202236052208
202236052209
202236052210
202236052211
202236052301
202236052302
202236052304
202236052305
202236052306
202236052307
202236052309
202236052310
202236052311
202236052312
202236052401
202236052402
202236052403
202236052405
202236052406
202236052410
202236052411
202236052412
202236052901
202236052904
202236052905
202236052906
202236052907
202236052910
202236052911
202236053001
202236053002
202236053003
202236053004
202236053005
202236053006
202236053007
202236053008
202236053011
202236053012
202236053102
202236053103
202236053104
202236053105
202236053106
202236053108
202236053109
202236053110
202236053111
202236053112
202236060501
202236060502
202236060503
202236060504
202236060506
202236060507
202236060508
202236060509
202236060511
202236060512
202236060601
202236060602
202236060603
202236060604
202236060605
202236060609
202236060610
202236060611
202236060612
202236060701
202236060702
202236060704
202236060705
202236060709
202236060710
202236060711
202236060712
202236061203
202236061205
202236061206
202236061207
202236061208
202236061210
202236061211
202236061301
202236061302
202236061303
202236061304
202236061305
202236061306
202236061307
202236061308
202236061309
202236061310
202236061311
202236061401
202236061402
202236061403
202236061404
202236061405
202236061407
202236061408
202236061409
202236061410
202236061411
202236061412
202236061901
202236061902
202236061903
202236061904
202236061905
202236061906
202236061907
202236061908
202236061910
202236061911
202236062001
202236062002
202236062004
202236062006
202236062008
202236062009
202236062010
202236062011
202236062012
202236062101
202236062102
202236062103
202236062105
202236062106
202236062108
202236062110
202236062111
202236062112
202236112701
202236112702
202236112703
202236112704
202236112705
202236112706
202236112707
202236112708
202236112709
202236112710
202236112711
202236112801
202236112802
202236112804
202236112805
202236112806
202236112807
202236112808
202236112809
202236112810
202236112811
202236112901
202236112902
202236112903
202236112904
202236112905
202236112906
202236112907
202236112908
202236112909
202236112910
202236112911
202236120401
202236120403
202236120404
202236120405
202236120406
202236120407
202236120408
202236120409
202236120410
202236120411
202236120501
202236120502
202236120503
202236120504
202236120505
202236120506
202236120507
202236120508
202236120509
202236120510
202236120511
202236120601
202236120602
202236120603
202236120604
202236120605
202236120606
202236120607
202236120608
202236120609
202236120610
202236120611
202236121101
202236121102
202236121103
202236121104
202236121105
202236121106
202236121107
202236121108
202236121109
202236121110
202236121111
202236121201
202236121202
202236121203
202236121204
202236121205
202236121206
202236121207
202236121208
202236121209
202236121210
202236121211
202236121301
202236121302
202236121303
202236121304
202236121305
202236121306
202236121307
202236121308
202236121309
202236121310
202236121311
202236121801
202236121802
202236121803
202236121804
202236121805
202236121806
202236121807
202236121808
202236121809
202236121810
202236121811
202236121901
202236121902
202236121903
202236121904
202236121905
202236121906
202236121907
202236121908
202236121909
202236121910
202236121911
202236122001
202236122002
202236122003
202236122004
202236122005
202236122007
202236122008
202236122009
202236122010
202236122011
202236122501
202236122503
202236122504
202236122505
202236122506
202236122507
202236122508
202236122509
202236122510
202236122601
202236122602
202236122603
202236122604
202236122605
202236122606
202236122607
202236122608
202236122609
202236122610
202236123001
202236123002
202236123003
202236123004
202236123005
202236123006
202236123007
202236123008
202236123009
202236123010
202236123102
202236123104
202236123105
202236123106
202236123107
202236123108
202236123109
202236123110
202242011701
202242011702
202242011703
202242011704
202242011705
202242011706
202242011707
202242011708
202242011709
202242011710
202242011711
202242011712
202242011801
202242011802
202242011803
202242011804
202242011805
202242011806
202242011807
202242011808
202242011809
202242011810
202242011811
202242011812
202242011901
202242011902
202242011903
202242011906
202242011907
202242011908
202242011909
202242011910
202242011911
202242011912
202242012001
202242012002
202242012003
202242012004
202242012005
202242012006
202242012007
202242012008
202242012009
202242012010
202242012011
202242012102
202242012103
202242012104
202242012105
202242012106
202242012107
202242012108
202242012109
202242012110
202242012111
202242012112
202242022101
202242022102
202242022103
202242022105
202242022106
202242022107
202242022108
202242022109
202242022110
202242022111
202242022112
202242022201
202242022203
202242022204
202242022205
202242022206
202242022207
202242022208
202242022209
202242022210
202242022212
202242022301
202242022302
202242022304
202242022305
202242022306
202242022307
202242022308
202242022309
202242022310
202242022311
202242022312
202242022401
202242022402
202242022403
202242022404
202242022405
202242022406
202242022407
202242022408
202242022409
202242022411
202242022412
202242022502
202242022504
202242022505
202242022506
202242022507
202242022508
202242022509
202242022510
202242022511
202242022512
202242031401
202242031402
202242031403
202242031404
202242031405
202242031406
202242031407
202242031408
202242031409
202242031410
202242031411
202242031412
202242031502
202242031503
202242031505
202242031506
202242031507
202242031509
202242031510
202242031511
202242031512
202242031601
202242031602
202242031604
202242031605
202242031606
202242031607
202242031608
202242031609
202242031610
202242031611
202242031612
202242031701
202242031702
202242031703
202242031704
202242031705
202242031706
202242031707
202242031708
202242031709
202242031710
202242031711
202242031712
202242031801
202242031802
202242031804
202242031805
202242031806
202242031807
202242031808
202242031810
202242031811
202242031812
202242042501
202242042502
202242042503
202242042504
202242042505
202242042506
202242042507
202242042508
202242042509
202242042510
202242042511
202242042512
202242042601
202242042602
202242042603
202242042604
202242042605
202242042607
202242042608
202242042609
202242042611
202242042612
202242042701
202242042702
202242042703
202242042704
202242042705
202242042706
202242042707
202242042708
202242042709
202242042710
202242042711
202242042712
202242042801
202242042802
202242042803
202242042804
202242042805
202242042806
202242042807
202242042808
202242042809
202242042810
202242042811
202242042812
202242042901
202242042902
202242042903
202242042904
202242042905
202242042906
202242042907
202242042909
202242042910
202242042911
202242042912
202242053001
202242053002
202242053003
202242053004
202242053005
202242053006
202242053007
202242053008
202242053009
202242053010
202242053011
202242053012
202242053101
202242053102
202242053103
202242053104
202242053105
202242053106
202242053107
202242053108
202242053109
202242053110
202242053111
202242053112
202242060101
202242060102
202242060103
202242060104
202242060105
202242060106
202242060107
202242060108
202242060109
202242060110
202242060111
202242060112
202242060201
202242060202
202242060203
202242060204
202242060205
202242060206
202242060207
202242060208
202242060209
202242060210
202242060211
202242060212
202242060301
202242060302
202242060303
202242060304
202242060305
202242060306
202242060307
202242060308
202242060309
202242060310
202242060311
202242060312
202242062701
202242062702
202242062703
202242062705
202242062706
202242062707
202242062708
202242062709
202242062710
202242062711
202242063001
202242063002
202242063003
202242063004
202242063005
202242063006
202242063007
202242063008
202242063009
202242063010
202242063011
202242063012
202242070101
202242070102
202242070103
202242070104
202242070107
202242070108
202242070109
202242070110
202242070111
202242070112
202242071801
202242071802
202242071803
202242071804
202242071805
202242071806
202242071807
202242071808
202242071809
202242071810
202242071811
202242071812
202242071901
202242071902
202242071903
202242071904
202242071905
202242071906
202242071907
202242071908
202242071909
202242071910
202242071911
202242071912
202242072001
202242072002
202242072003
202242072004
202242072005
202242072006
202242072007
202242072008
202242072009
202242072010
202242072011
202242072012
202242072101
202242072102
202242072103
202242072104
202242072105
202242072106
202242072107
202242072108
202242072109
202242072110
202242072111
202242072112
202242080801
202242080802
202242080803
202242080804
202242080805
202242080807
202242080809
202242080810
202242080811
202242080812
202242080901
202242080902
202242080903
202242080904
202242080905
202242080906
202242080907
202242080908
202242080910
202242080911
202242080912
202242081001
202242081002
202242081003
202242081004
202242081005
202242081006
202242081007
202242081008
202242081009
202242081010
202242081011
202242081012
202242081101
202242081102
202242081104
202242081105
202242081106
202242081107
202242081108
202242081109
202242081110
202242081111
202242081112
202242081201
202242081202
202242081203
202242081204
202242081205
202242081206
202242081207
202242081208
202242081209
202242081210
202242081211
202242081212
202242083001
202242083002
202242083003
202242083004
202242083005
202242083006
202242083007
202242083008
202242083009
202242083010
202242083011
202242083012
202242083101
202242083102
202242083103
202242083104
202242083105
202242083106
202242083107
202242083108
202242083109
202242083110
202242083111
202242083112
202242090101
202242090102
202242090103
202242090104
202242090105
202242090106
202242090107
202242090108
202242090109
202242090110
202242090111
202242090112
202242090201
202242090202
202242090203
202242090204
202242090205
202242090206
202242090207
202242090208
202242090209
202242090210
202242090211
202242090212
202242092001
202242092002
202242092003
202242092004
202242092005
202242092006
202242092007
202242092008
202242092009
202242092010
202242092011
202242092012
202242092101
202242092102
202242092103
202242092104
202242092105
202242092106
202242092107
202242092108
202242092109
202242092110
202242092111
202242092112
202242092201
202242092202
202242092203
202242092204
202242092205
202242092206
202242092207
202242092208
202242092209
202242092210
202242092211
202242092212
202242092301
202242092302
202242092303
202242092304
202242092305
202242092306
202242092307
202242092308
202242092309
202242092310
202242092311
202242092312
202242101701
202242101702
202242101703
202242101704
202242101705
202242101706
202242101707
202242101708
202242101709
202242101710
202242101711
202242101712
202242101801
202242101802
202242101803
202242101804
202242101805
202242101806
202242101807
202242101808
202242101809
202242101810
202242101811
202242101901
202242101902
202242101903
202242101904
202242101905
202242101906
202242101907
202242101908
202242101909
202242101910
202242101911
202242101912
202242102001
202242102002
202242102003
202242102004
202242102005
202242102006
202242102007
202242102008
202242102009
202242102010
202242102011
202242102012
202242102101
202242102102
202242102103
202242102104
202242102105
202242102106
202242102107
202242102108
202242102109
202242102110
202242102111
202242102112
202242112101
202242112102
202242112103
202242112104
202242112105
202242112106
202242112107
202242112108
202242112109
202242112110
202242112111
202242112201
202242112202
202242112203
202242112204
202242112205
202242112206
202242112207
202242112208
202242112209
202242112210
202242112211
202242112301
202242112302
202242112303
202242112304
202242112305
202242112306
202242112307
202242112308
202242112309
202242112310
202242112311
202242112401
202242112402
202242112403
202242112404
202242112405
202242112406
202242112407
202242112408
202242112409
202242112410
202242112411
202242112501
202242112502
202242112503
202242112504
202242112505
202242112506
202242112507
202242112508
202242112509
202242112510
202242112511
202242122201
202242122202
202242122203
202242122204
202242122205
202242122206
202242122207
202242122208
202242122209
202242122210
202242122211
202242122212
202242122301
202242122302
202242122303
202242122304
202242122305
202242122306
202242122307
202242122308
202242122309
202242122310
202242122311
202242122312
202242122601
202242122602
202242122603
202242122604
202242122605
202242122606
202242122607
202242122608
202242122609
202242122610
202242122611
202242122612
202242122701
202242122702
202242122703
202242122704
202242122705
202242122706
202242122707
202242122708
202242122709
202242122710
202242122711
202242122712
202243011001
202243011003
202243011005
202243011006
202243011007
202243011008
202243011009
202243011010
202243011011
202243011012
202243011101
202243011102
202243011103
202243011104
202243011105
202243011106
202243011107
202243011108
202243011109
202243011110
202243011111
202243011112
202243011201
202243011202
202243011203
202243011204
202243011205
202243011206
202243011207
202243011208
202243011209
202243011210
202243011211
202243011212
202243011301
202243011302
202243011303
202243011304
202243011305
202243011306
202243011307
202243011308
202243011309
202243011310
202243011311
202243011312
202243011401
202243011402
202243011403
202243011404
202243011405
202243011406
202243011407
202243011408
202243011409
202243011410
202243011411
202243011412
202243021401
202243021402
202243021403
202243021404
202243021405
202243021406
202243021407
202243021408
202243021409
202243021410
202243021411
202243021412
202243021501
202243021502
202243021504
202243021505
202243021506
202243021507
202243021508
202243021509
202243021510
202243021511
202243021512
202243021601
202243021602
202243021603
202243021604
202243021605
202243021606
202243021607
202243021608
202243021609
202243021610
202243021611
202243021612
202243021701
202243021702
202243021703
202243021704
202243021705
202243021706
202243021707
202243021708
202243021709
202243021710
202243021711
202243021712
202243021803
202243021804
202243021805
202243021806
202243021807
202243021809
202243021810
202243021811
202243021812
202243032101
202243032102
202243032103
202243032104
202243032105
202243032106
202243032107
202243032108
202243032109
202243032110
202243032111
202243032112
202243032201
202243032202
202243032203
202243032204
202243032205
202243032206
202243032207
202243032208
202243032209
202243032210
202243032211
202243032212
202243032301
202243032303
202243032304
202243032305
202243032306
202243032307
202243032308
202243032309
202243032310
202243032311
202243032312
202243032401
202243032402
202243032403
202243032404
202243032405
202243032406
202243032407
202243032408
202243032409
202243032410
202243032411
202243032412
202243032501
202243032503
202243032504
202243032505
202243032506
202243032508
202243032509
202243032510
202243032511
202243032512
202243041102
202243041103
202243041104
202243041105
202243041106
202243041107
202243041108
202243041109
202243041110
202243041111
202243041112
202243041201
202243041202
202243041203
202243041204
202243041205
202243041206
202243041207
202243041208
202243041209
202243041210
202243041211
202243041212
202243041301
202243041302
202243041303
202243041304
202243041305
202243041306
202243041307
202243041308
202243041309
202243041310
202243041311
202243041312
202243041401
202243041402
202243041403
202243041404
202243041405
202243041406
202243041407
202243041408
202243041409
202243041410
202243041411
202243041412
202243041501
202243041502
202243041503
202243041504
202243041505
202243041506
202243041507
202243041508
202243041509
202243041510
202243041511
202243041512
202243050201
202243050202
202243050203
202243050204
202243050205
202243050206
202243050207
202243050208
202243050209
202243050210
202243050211
202243050212
202243050301
202243050302
202243050303
202243050304
202243050305
202243050306
202243050307
202243050308
202243050309
202243050310
202243050311
202243050312
202243050401
202243050402
202243050403
202243050404
202243050405
202243050406
202243050407
202243050408
202243050409
202243050410
202243050411
202243050412
202243050501
202243050502
202243050503
202243050504
202243050505
202243050506
202243050507
202243050508
202243050509
202243050510
202243050511
202243050512
202243050601
202243050602
202243050603
202243050604
202243050605
202243050606
202243050607
202243050608
202243050609
202243050610
202243050611
202243050612
202243062001
202243062002
202243062003
202243062004
202243062005
202243062006
202243062007
202243062008
202243062009
202243062010
202243062011
202243062012
202243062101
202243062102
202243062103
202243062104
202243062105
202243062106
202243062107
202243062108
202243062109
202243062110
202243062111
202243062112
202243062201
202243062202
202243062203
202243062204
202243062205
202243062206
202243062207
202243062208
202243062209
202243062210
202243062211
202243062212
202243062302
202243062303
202243062305
202243062306
202243062307
202243062308
202243062309
202243062310
202243062311
202243062312
202243062401
202243062402
202243062403
202243062404
202243062405
202243062406
202243062407
202243062408
202243062409
202243062410
202243062411
202243062412
202243072201
202243072202
202243072203
202243072204
202243072206
202243072207
202243072208
202243072209
202243072210
202243072211
202243072212
202243072301
202243072302
202243072303
202243072305
202243072306
202243072307
202243072308
202243072309
202243072310
202243072311
202243072312
202243072401
202243072402
202243072403
202243072404
202243072405
202243072406
202243072407
202243072408
202243072409
202243072410
202243072411
202243072412
202243072501
202243072502
202243072503
202243072504
202243072505
202243072506
202243072507
202243072508
202243072509
202243072510
202243072511
202243072512
202243072601
202243072602
202243072603
202243072604
202243072606
202243072607
202243072608
202243072609
202243072610
202243072611
202243072612
202243081801
202243081802
202243081803
202243081804
202243081806
202243081807
202243081808
202243081809
202243081810
202243081811
202243081812
202243081901
202243081902
202243081904
202243081905
202243081906
202243081907
202243081908
202243081909
202243081910
202243081911
202243081912
202243082201
202243082202
202243082203
202243082204
202243082205
202243082207
202243082209
202243082210
202243082211
202243082212
202243082301
202243082302
202243082303
202243082304
202243082305
202243082306
202243082307
202243082308
202243082309
202243082310
202243082311
202243082312
202243082401
202243082402
202243082403
202243082405
202243082406
202243082407
202243082408
202243082409
202243082410
202243082411
202243082412
202243092601
202243092602
202243092603
202243092604
202243092606
202243092607
202243092608
202243092609
202243092610
202243092611
202243092612
202243092701
202243092702
202243092703
202243092704
202243092705
202243092706
202243092707
202243092708
202243092709
202243092710
202243092711
202243092712
202243092801
202243092802
202243092803
202243092804
202243092805
202243092806
202243092807
202243092808
202243092809
202243092810
202243092811
202243092812
202243092901
202243092902
202243092903
202243092904
202243092905
202243092906
202243092907
202243092908
202243092909
202243092910
202243092911
202243092912
202243093001
202243093002
202243093003
202243093004
202243093005
202243093006
202243093007
202243093008
202243093009
202243093010
202243093011
202243093012
202243102401
202243102402
202243102403
202243102404
202243102405
202243102406
202243102407
202243102408
202243102409
202243102410
202243102411
202243102412
202243102501
202243102503
202243102504
202243102505
202243102506
202243102507
202243102508
202243102509
202243102510
202243102511
202243102512
202243102601
202243102602
202243102603
202243102604
202243102605
202243102606
202243102607
202243102608
202243102609
202243102610
202243102611
202243102612
202243102701
202243102702
202243102703
202243102704
202243102705
202243102706
202243102707
202243102708
202243102709
202243102710
202243102711
202243102712
202243102801
202243102802
202243102803
202243102804
202243102805
202243102806
202243102807
202243102808
202243102809
202243102810
202243102811
202243102812
202243112801
202243112802
202243112803
202243112804
202243112805
202243112806
202243112807
202243112808
202243112809
202243112810
202243112811
202243112812
202243112901
202243112902
202243112903
202243112904
202243112905
202243112906
202243112907
202243112908
202243112909
202243112910
202243112911
202243112912
202243113001
202243113002
202243113003
202243113004
202243113005
202243113006
202243113007
202243113008
202243113009
202243113010
202243113011
202243113012
202243120101
202243120102
202243120104
202243120105
202243120106
202243120107
202243120108
202243120109
202243120110
202243120111
202243120112
202243120201
202243120202
202243120203
202243120204
202243120205
202243120206
202243120207
202243120208
202243120209
202243120210
202243120211
202243120212
202243121701
202243121702
202243121703
202243121704
202243121705
202243121706
202243121707
202243121708
202243121709
202243121710
202243121711
202243121712
202243121801
202243121802
202243121803
202243121804
202243121805
202243121806
202243121807
202243121808
202243121809
202243121810
202243121811
202243121812
202243121901
202243121902
202243121903
202243121904
202243121905
202243121907
202243121908
202243121909
202243121910
202243121911
202243121912
202243122001
202243122002
202243122003
202243122004
202243122005
202243122006
202243122007
202243122008
202243122009
202243122010
202243122011
202243122012
202243122101
202243122102
202243122104
202243122105
202243122106
202243122107
202243122108
202243122109
202243122111
202243122112
202244012401
202244012402
202244012403
202244012404
202244012405
202244012406
202244012407
202244012408
202244012409
202244012410
202244012411
202244012412
202244012501
202244012502
202244012503
202244012504
202244012505
202244012506
202244012507
202244012508
202244012509
202244012510
202244012511
202244012512
202244012601
202244012602
202244012603
202244012605
202244012606
202244012607
202244012608
202244012609
202244012610
202244012611
202244012612
202244012701
202244012702
202244012703
202244012704
202244012705
202244012706
202244012707
202244012708
202244012709
202244012710
202244012711
202244012712
202244012801
202244012802
202244012803
202244012804
202244012805
202244012806
202244012807
202244012808
202244012809
202244012810
202244012811
202244012812
202244020701
202244020702
202244020703
202244020704
202244020705
202244020706
202244020707
202244020708
202244020709
202244020710
202244020711
202244020712
202244020801
202244020802
202244020803
202244020804
202244020806
202244020807
202244020808
202244020809
202244020810
202244020811
202244020812
202244020901
202244020902
202244020903
202244020904
202244020905
202244020906
202244020907
202244020908
202244020909
202244020910
202244020911
202244020912
202244021001
202244021002
202244021003
202244021004
202244021005
202244021006
202244021007
202244021008
202244021009
202244021010
202244021011
202244021012
202244021101
202244021102
202244021103
202244021104
202244021105
202244021106
202244021107
202244021108
202244021109
202244021110
202244021111
202244021112
202244030702
202244030703
202244030705
202244030707
202244030708
202244030709
202244030710
202244030711
202244030712
202244030801
202244030802
202244030803
202244030804
202244030805
202244030806
202244030807
202244030808
202244030809
202244030810
202244030811
202244030812
202244030901
202244030902
202244030903
202244030904
202244030905
202244030906
202244030907
202244030908
202244030909
202244030910
202244030911
202244030912
202244031001
202244031002
202244031003
202244031004
202244031005
202244031006
202244031007
202244031008
202244031009
202244031010
202244031011
202244031012
202244031101
202244031102
202244031103
202244031104
202244031105
202244031106
202244031107
202244031108
202244031109
202244031110
202244031111
202244031112
202244032801
202244032802
202244032803
202244032804
202244032805
202244032806
202244032807
202244032808
202244032809
202244032810
202244032811
202244032812
202244032901
202244032902
202244032904
202244032905
202244032906
202244032907
202244032908
202244032909
202244032910
202244032911
202244032912
202244033001
202244033002
202244033003
202244033004
202244033005
202244033006
202244033007
202244033008
202244033009
202244033010
202244033011
202244033012
202244033101
202244033102
202244033103
202244033104
202244033105
202244033106
202244033107
202244033108
202244033109
202244033110
202244033111
202244033112
202244040101
202244040102
202244040103
202244040104
202244040105
202244040106
202244040107
202244040109
202244040110
202244040111
202244040112
202244041801
202244041802
202244041803
202244041804
202244041805
202244041806
202244041807
202244041808
202244041809
202244041810
202244041811
202244041812
202244041901
202244041902
202244041904
202244041905
202244041906
202244041907
202244041908
202244041909
202244041910
202244041911
202244041912
202244042001
202244042002
202244042003
202244042004
202244042005
202244042006
202244042007
202244042008
202244042009
202244042010
202244042011
202244042012
202244042101
202244042102
202244042103
202244042104
202244042105
202244042106
202244042107
202244042108
202244042109
202244042110
202244042111
202244042112
202244042201
202244042202
202244042203
202244042204
202244042205
202244042206
202244042207
202244042208
202244042209
202244042210
202244042211
202244042212
202244050901
202244050902
202244050903
202244050904
202244050905
202244050906
202244050907
202244050908
202244050909
202244050910
202244050911
202244050912
202244051001
202244051002
202244051003
202244051004
202244051005
202244051006
202244051007
202244051008
202244051009
202244051010
202244051011
202244051012
202244051101
202244051102
202244051103
202244051104
202244051105
202244051106
202244051107
202244051108
202244051109
202244051110
202244051111
202244051112
202244051201
202244051202
202244051203
202244051204
202244051205
202244051206
202244051207
202244051208
202244051209
202244051210
202244051211
202244051212
202244051301
202244051302
202244051303
202244051304
202244051306
202244051307
202244051308
202244051309
202244051310
202244051311
202244051312
202244052302
202244052303
202244052304
202244052305
202244052306
202244052307
202244052308
202244052309
202244052310
202244052311
202244052312
202244052401
202244052402
202244052403
202244052404
202244052405
202244052406
202244052407
202244052408
202244052409
202244052410
202244052411
202244052412
202244052501
202244052502
202244052503
202244052504
202244052505
202244052506
202244052507
202244052508
202244052509
202244052510
202244052511
202244052512
202244052601
202244052602
202244052603
202244052604
202244052605
202244052606
202244052607
202244052608
202244052609
202244052610
202244052611
202244052612
202244052701
202244052702
202244052703
202244052704
202244052705
202244052706
202244052707
202244052708
202244052709
202244052710
202244052711
202244052712
202244060602
202244060603
202244060604
202244060605
202244060606
202244060607
202244060608
202244060609
202244060610
202244060611
202244060612
202244060701
202244060702
202244060703
202244060704
202244060706
202244060707
202244060708
202244060709
202244060710
202244060711
202244060712
202244060801
202244060802
202244060803
202244060804
202244060805
202244060806
202244060807
202244060808
202244060809
202244060810
202244060811
202244060812
202244060901
202244060902
202244060903
202244060904
202244060905
202244060906
202244060907
202244060908
202244060909
202244060910
202244060912
202244061001
202244061002
202244061003
202244061004
202244061005
202244061006
202244061007
202244061008
202244061009
202244061010
202244061011
202244061012
202244062701
202244062702
202244062704
202244062705
202244062706
202244062707
202244062708
202244062709
202244062710
202244062711
202244062712
202244062801
202244062802
202244062803
202244062804
202244062805
202244062806
202244062807
202244062808
202244062809
202244062810
202244062811
202244062812
202244062901
202244062902
202244062903
202244062904
202244062905
202244062907
202244062908
202244062909
202244062910
202244062911
202244062912
202244063001
202244063002
202244063003
202244063004
202244063005
202244063006
202244063007
202244063008
202244063009
202244063010
202244063011
202244063012
202244070101
202244070102
202244070103
202244070104
202244070105
202244070106
202244070107
202244070108
202244070109
202244070110
202244070111
202244070112
202244071101
202244071102
202244071103
202244071104
202244071105
202244071106
202244071107
202244071108
202244071109
202244071110
202244071112
202244071201
202244071203
202244071204
202244071205
202244071206
202244071207
202244071208
202244071209
202244071210
202244071211
202244071212
202244071301
202244071302
202244071303
202244071304
202244071305
202244071306
202244071307
202244071308
202244071309
202244071310
202244071311
202244071312
202244071401
202244071402
202244071403
202244071404
202244071405
202244071406
202244071407
202244071408
202244071409
202244071410
202244071411
202244071412
202244071501
202244071502
202244071503
202244071504
202244071505
202244071506
202244071507
202244071508
202244071509
202244071510
202244071511
202244071512
202244072501
202244072502
202244072504
202244072505
202244072506
202244072507
202244072508
202244072509
202244072510
202244072511
202244072512
202244072601
202244072602
202244072603
202244072604
202244072605
202244072606
202244072607
202244072608
202244072609
202244072610
202244072611
202244072612
202244072701
202244072702
202244072703
202244072704
202244072705
202244072706
202244072707
202244072708
202244072709
202244072710
202244072711
202244072712
202244072801
202244072802
202244072803
202244072804
202244072805
202244072806
202244072807
202244072808
202244072809
202244072810
202244072811
202244072812
202244072901
202244072902
202244072903
202244072904
202244072905
202244072906
202244072907
202244072908
202244072909
202244072910
202244072911
202244072912
202244081401
202244081402
202244081403
202244081404
202244081406
202244081407
202244081408
202244081409
202244081410
202244081501
202244081502
202244081503
202244081504
202244081505
202244081506
202244081507
202244081508
202244081509
202244081510
202244081601
202244081602
202244081603
202244081604
202244081605
202244081606
202244081607
202244081608
202244081609
202244081610
202244081611
202244081612
202244081701
202244081702
202244081703
202244081704
202244081705
202244081706
202244081707
202244081708
202244081709
202244081710
202244081711
202244081712
202244081801
202244081802
202244081803
202244081804
202244081805
202244081806
202244081807
202244081808
202244081809
202244081810
202244081811
202244081812
202244081901
202244081902
202244081903
202244081904
202244081905
202244081906
202244081907
202244081908
202244081909
202244081910
202244090501
202244090502
202244090503
202244090504
202244090506
202244090507
202244090508
202244090509
202244090510
202244090511
202244090512
202244090601
202244090602
202244090603
202244090604
202244090605
202244090606
202244090607
202244090608
202244090609
202244090610
202244090611
202244090612
202244090701
202244090702
202244090703
202244090704
202244090705
202244090706
202244090707
202244090708
202244090709
202244090710
202244090711
202244090712
202244090801
202244090802
202244090803
202244090804
202244090805
202244090806
202244090807
202244090808
202244090809
202244090810
202244090811
202244090812
202244090901
202244090902
202244090903
202244090904
202244090905
202244090906
202244090907
202244090908
202244090909
202244090910
202244090911
202244090912
202244091802
202244091803
202244091804
202244091805
202244091806
202244091807
202244091808
202244091809
202244091810
202244091811
202244091812
202244091901
202244091902
202244091903
202244091904
202244091905
202244091906
202244091907
202244091908
202244091909
202244091910
202244091911
202244091912
202244092001
202244092002
202244092003
202244092004
202244092005
202244092006
202244092007
202244092008
202244092009
202244092010
202244092011
202244092012
202244092201
202244092202
202244092203
202244092204
202244092205
202244092206
202244092207
202244092208
202244092209
202244092210
202244092211
202244092212
202244092301
202244092302
202244092303
202244092304
202244092305
202244092306
202244092307
202244092308
202244092309
202244092310
202244092311
202244092312
202244100301
202244100302
202244100303
202244100304
202244100305
202244100306
202244100307
202244100308
202244100309
202244100310
202244100311
202244100312
202244100401
202244100402
202244100403
202244100404
202244100405
202244100406
202244100407
202244100408
202244100409
202244100410
202244100411
202244100412
202244100501
202244100502
202244100503
202244100504
202244100505
202244100506
202244100507
202244100508
202244100509
202244100510
202244100511
202244100512
202244100601
202244100602
202244100603
202244100604
202244100605
202244100606
202244100607
202244100608
202244100609
202244100610
202244100611
202244100612
202244100701
202244100702
202244100703
202244100704
202244100705
202244100706
202244100707
202244100708
202244100709
202244100710
202244100711
202244100712
202244103101
202244103102
202244103103
202244103104
202244103105
202244103106
202244103107
202244103108
202244103109
202244103110
202244103111
202244103112
202244110101
202244110102
202244110103
202244110104
202244110105
202244110106
202244110107
202244110108
202244110109
202244110110
202244110111
202244110112
202244110201
202244110202
202244110203
202244110204
202244110205
202244110206
202244110207
202244110208
202244110209
202244110210
202244110211
202244110212
202244110301
202244110302
202244110303
202244110304
202244110305
202244110306
202244110307
202244110308
202244110309
202244110310
202244110311
202244110312
202244110401
202244110402
202244110403
202244110404
202244110405
202244110406
202244110407
202244110408
202244110409
202244110410
202244110411
202244110412
202244111401
202244111402
202244111403
202244111404
202244111405
202244111406
202244111407
202244111408
202244111409
202244111410
202244111411
202244111412
202244111501
202244111502
202244111503
202244111504
202244111505
202244111506
202244111507
202244111508
202244111509
202244111510
202244111511
202244111512
202244111601
202244111602
202244111603
202244111604
202244111605
202244111606
202244111607
202244111608
202244111609
202244111610
202244111611
202244111612
202244111701
202244111702
202244111703
202244111704
202244111705
202244111706
202244111707
202244111708
202244111709
202244111710
202244111711
202244111712
202244111801
202244111802
202244111803
202244111804
202244111805
202244111806
202244111807
202244111808
202244111809
202244111810
202244111811
202244111812
202244120501
202244120502
202244120503
202244120504
202244120505
202244120506
202244120507
202244120508
202244120509
202244120510
202244120511
202244120512
202244120601
202244120602
202244120603
202244120604
202244120605
202244120606
202244120607
202244120608
202244120609
202244120610
202244120611
202244120612
202244120701
202244120702
202244120703
202244120704
202244120705
202244120706
202244120707
202244120708
202244120709
202244120710
202244120711
202244120712
202244120801
202244120802
202244120803
202244120804
202244120805
202244120806
202244120807
202244120808
202244120809
202244120810
202244120811
202244120812
202244120901
202244120902
202244120903
202244120904
202244120905
202244120906
202244120907
202244120908
202244120909
202244120910
202244120911
202244120912
202244122601
202244122602
202244122603
202244122604
202244122605
202244122606
202244122607
202244122608
202244122609
202244122610
202244122701
202244122702
202244122703
202244122704
202244122705
202244122706
202244122707
202244122708
202244122709
202244122710
202244122801
202244122802
202244122803
202244122804
202244122805
202244122806
202244122807
202244122808
202244122809
202244122810
202244122811
202244122812
202244122901
202244122902
202244122903
202244122904
202244122905
202244122906
202244122907
202244122908
202244122909
202244122910
202244122911
202244122912
202244123001
202244123002
202244123003
202244123004
202244123005
202244123006
202244123007
202244123008
202244123009
202244123010
202244123011
202244123012
202244123101
202244123102
202244123103
202244123104
202244123105
202244123106
202244123107
202244123108
202244123109
202244123110
202244123111
202244123112
202245010101
202245010102
202245010103
202245010104
202245010105
202245010106
202245010107
202245010108
202245010109
202245010110
202245010111
202245010112
202245010201
202245010202
202245010203
202245010204
202245010205
202245010207
202245010208
202245010209
202245010210
202245010211
202245010212
202245010301
202245010302
202245010303
202245010304
202245010305
202245010306
202245010307
202245010308
202245010309
202245010310
202245010311
202245010312
202245010401
202245010402
202245010403
202245010404
202245010405
202245010406
202245010407
202245010408
202245010409
202245010410
202245010411
202245010412
202245010601
202245010602
202245010603
202245010604
202245010605
202245010606
202245010607
202245010608
202245010609
202245010610
202245010611
202245010701
202245010702
202245010703
202245010704
202245010705
202245010706
202245010707
202245010708
202245010709
202245010710
202245010711
202245010712
202245013101
202245013103
202245013104
202245013105
202245013106
202245013107
202245013108
202245013110
202245013111
202245013112
202245020101
202245020102
202245020103
202245020104
202245020105
202245020106
202245020107
202245020108
202245020109
202245020110
202245020111
202245020112
202245020201
202245020202
202245020203
202245020204
202245020205
202245020206
202245020207
202245020208
202245020209
202245020210
202245020211
202245020212
202245020301
202245020302
202245020303
202245020304
202245020305
202245020306
202245020307
202245020308
202245020309
202245020310
202245020311
202245020312
202245020401
202245020402
202245020403
202245020404
202245020405
202245020406
202245020407
202245020408
202245020409
202245020410
202245020411
202245020412
202245022801
202245022802
202245022803
202245022804
202245022805
202245022806
202245022807
202245022808
202245022809
202245022810
202245022811
202245022812
202245030101
202245030102
202245030103
202245030104
202245030105
202245030106
202245030107
202245030108
202245030109
202245030110
202245030111
202245030112
202245030201
202245030202
202245030203
202245030204
202245030205
202245030206
202245030207
202245030208
202245030209
202245030210
202245030211
202245030212
202245030301
202245030302
202245030303
202245030304
202245030305
202245030306
202245030307
202245030308
202245030310
202245030311
202245030312
202245030401
202245030402
202245030403
202245030404
202245030405
202245030406
202245030407
202245030408
202245030409
202245030410
202245030411
202245030412
202245040402
202245040403
202245040404
202245040405
202245040406
202245040407
202245040408
202245040409
202245040410
202245040411
202245040412
202245040501
202245040502
202245040504
202245040505
202245040506
202245040507
202245040508
202245040509
202245040510
202245040511
202245040512
202245040601
202245040602
202245040603
202245040604
202245040605
202245040606
202245040607
202245040608
202245040609
202245040610
202245040611
202245040612
202245040701
202245040702
202245040703
202245040704
202245040705
202245040706
202245040707
202245040708
202245040709
202245040710
202245040711
202245040712
202245040801
202245040802
202245040803
202245040804
202245040805
202245040806
202245040807
202245040808
202245040809
202245040810
202245040811
202245040812
202245051601
202245051602
202245051603
202245051604
202245051605
202245051606
202245051607
202245051608
202245051609
202245051610
202245051611
202245051612
202245051701
202245051702
202245051703
202245051704
202245051705
202245051706
202245051707
202245051708
202245051709
202245051710
202245051711
202245051712
202245051801
202245051802
202245051803
202245051805
202245051806
202245051807
202245051808
202245051809
202245051810
202245051811
202245051812
202245051901
202245051902
202245051905
202245051906
202245051907
202245051908
202245051909
202245051910
202245051911
202245051912
202245052001
202245052002
202245052003
202245052004
202245052005
202245052006
202245052007
202245052008
202245052009
202245052010
202245052011
202245052012
202245061301
202245061302
202245061303
202245061304
202245061305
202245061306
202245061307
202245061308
202245061309
202245061310
202245061311
202245061312
202245061401
202245061402
202245061403
202245061404
202245061405
202245061406
202245061407
202245061408
202245061409
202245061410
202245061411
202245061412
202245061501
202245061502
202245061503
202245061504
202245061505
202245061506
202245061507
202245061508
202245061509
202245061510
202245061511
202245061512
202245061601
202245061602
202245061603
202245061604
202245061605
202245061606
202245061607
202245061608
202245061609
202245061610
202245061611
202245061612
202245061701
202245061702
202245061703
202245061704
202245061705
202245061707
202245061708
202245061709
202245061710
202245061711
202245061712
202245070401
202245070402
202245070403
202245070404
202245070405
202245070406
202245070407
202245070408
202245070409
202245070410
202245070411
202245070412
202245070501
202245070503
202245070504
202245070506
202245070507
202245070508
202245070509
202245070510
202245070511
202245070512
202245070601
202245070602
202245070603
202245070604
202245070605
202245070606
202245070607
202245070608
202245070609
202245070610
202245070611
202245070612
202245070701
202245070702
202245070703
202245070704
202245070705
202245070706
202245070707
202245070708
202245070709
202245070710
202245070711
202245070712
202245070801
202245070802
202245070803
202245070804
202245070805
202245070806
202245070807
202245070808
202245070809
202245070810
202245070811
202245070812
202245080101
202245080102
202245080103
202245080104
202245080105
202245080106
202245080107
202245080108
202245080109
202245080110
202245080111
202245080112
202245080202
202245080203
202245080204
202245080205
202245080206
202245080207
202245080208
202245080209
202245080210
202245080211
202245080212
202245080301
202245080302
202245080303
202245080304
202245080305
202245080306
202245080307
202245080308
202245080309
202245080310
202245080311
202245080312
202245080401
202245080402
202245080403
202245080404
202245080405
202245080406
202245080407
202245080408
202245080409
202245080410
202245080411
202245080412
202245080501
202245080502
202245080503
202245080504
202245080505
202245080506
202245080507
202245080508
202245080509
202245080510
202245080511
202245080512
202245082501
202245082502
202245082503
202245082504
202245082505
202245082506
202245082507
202245082508
202245082509
202245082510
202245082511
202245082512
202245082601
202245082602
202245082603
202245082604
202245082605
202245082607
202245082608
202245082609
202245082610
202245082611
202245082612
202245082801
202245082802
202245082803
202245082804
202245082805
202245082806
202245082807
202245082808
202245082809
202245082810
202245082811
202245082812
202245082901
202245082902
202245082903
202245082904
202245082905
202245082906
202245082907
202245082908
202245082909
202245082910
202245082911
202245082912
202245091201
202245091202
202245091203
202245091204
202245091205
202245091206
202245091207
202245091208
202245091209
202245091210
202245091211
202245091212
202245091301
202245091302
202245091303
202245091304
202245091305
202245091307
202245091308
202245091309
202245091310
202245091311
202245091312
202245091401
202245091402
202245091403
202245091404
202245091405
202245091406
202245091407
202245091408
202245091409
202245091410
202245091411
202245091412
202245091501
202245091502
202245091503
202245091504
202245091505
202245091506
202245091507
202245091508
202245091509
202245091510
202245091511
202245091512
202245091601
202245091602
202245091603
202245091604
202245091605
202245091606
202245091607
202245091608
202245091609
202245091610
202245091611
202245091612
202245101001
202245101002
202245101003
202245101004
202245101005
202245101006
202245101007
202245101008
202245101009
202245101010
202245101011
202245101012
202245101101
202245101102
202245101103
202245101104
202245101105
202245101106
202245101108
202245101109
202245101110
202245101111
202245101112
202245101201
202245101202
202245101203
202245101204
202245101205
202245101206
202245101207
202245101208
202245101209
202245101210
202245101211
202245101212
202245101301
202245101302
202245101303
202245101304
202245101305
202245101306
202245101307
202245101308
202245101309
202245101310
202245101311
202245101312
202245101401
202245101402
202245101403
202245101404
202245101405
202245101406
202245101407
202245101408
202245101409
202245101410
202245101411
202245101412
202245110701
202245110702
202245110703
202245110704
202245110705
202245110706
202245110707
202245110708
202245110709
202245110710
202245110711
202245110712
202245110801
202245110802
202245110803
202245110804
202245110805
202245110806
202245110807
202245110808
202245110809
202245110810
202245110811
202245110812
202245110901
202245110902
202245110903
202245110904
202245110905
202245110906
202245110907
202245110908
202245110909
202245110910
202245110911
202245110912
202245111001
202245111002
202245111003
202245111004
202245111005
202245111006
202245111007
202245111008
202245111009
202245111010
202245111011
202245111012
202245111101
202245111102
202245111103
202245111104
202245111105
202245111106
202245111107
202245111108
202245111109
202245111110
202245111111
202245111112
202245121201
202245121202
202245121203
202245121204
202245121205
202245121206
202245121207
202245121208
202245121209
202245121210
202245121211
202245121212
202245121301
202245121302
202245121303
202245121304
202245121305
202245121306
202245121307
202245121308
202245121309
202245121310
202245121311
202245121312
202245121401
202245121402
202245121403
202245121404
202245121405
202245121406
202245121407
202245121408
202245121409
202245121410
202245121411
202245121412
202245121501
202245121502
202245121503
202245121504
202245121505
202245121506
202245121507
202245121508
202245121509
202245121510
202245121511
202245121512
202245121601
202245121602
202245121603
202245121604
202245121605
202245121606
202245121607
202245121608
202245121609
202245121610
202245121611
202245121612
202246031301
202246031302
202246031303
202246031306
202246031307
202246031309
202246031311
202246031402
202246031403
202246031404
202246031405
202246031406
202246031408
202246031409
202246031410
202246031412
202246031501
202246031502
202246031503
202246031504
202246031505
202246031506
202246031508
202246031509
202246031510
202246031511
202246032003
202246032004
202246032005
202246032006
202246032007
202246032008
202246032009
202246032201
202246032202
202246032203
202246032204
202246032205
202246032206
202246032207
202246032210
202246032701
202246032702
202246032703
202246032704
202246032705
202246032706
202246032707
202246032708
202246032709
202246032901
202246032902
202246032905
202246032907
202246032908
202246032909
202246032910
202246040301
202246040303
202246040304
202246040305
202246040306
202246040308
202246040309
202246040310
202246040501
202246040502
202246040503
202246040504
202246040505
202246040509
202246040511
202246041001
202246041003
202246041004
202246041005
202246041006
202246041007
202246041008
202246041009
202246041010
202246041201
202246041202
202246041203
202246041204
202246041206
202246041207
202246041208
202246041209
202246041210
202246041211
202246041702
202246041703
202246041704
202246041706
202246041708
202246041709
202246041710
202246041901
202246041902
202246041903
202246041904
202246041905
202246041909
202246041911
202246042402
202246042404
202246042405
202246042407
202246042408
202246042409
202246042411
202246042601
202246042602
202246042603
202246042604
202246042605
202246042607
202246042609
202246042610
202246042611
202246050102
202246050103
202246050104
202246050107
202246050108
202246050109
202246050110
202246050202
202246050203
202246050204
202246050205
202246050206
202246050207
202246050209
202246050210
202246050301
202246050303
202246050304
202246050305
202246050306
202246050307
202246050309
202246050310
202246050311
202246050402
202246050403
202246050404
202246050405
202246050406
202246050407
202246050408
202246050409
202246050410
202246050903
202246050906
202246050907
202246051002
202246051003
202246051004
202246051007
202246051008
202246051010
202246051011
202246051502
202246051504
202246051507
202246051510
202246051701
202246051702
202246051703
202246051705
202246051706
202246051707
202246051708
202246051709
202246051710
202246051711
202246052201
202246052203
202246052204
202246052205
202246052206
202246052207
202246052208
202246052209
202246052210
202246052211
202246052404
202246052405
202246052407
202246052408
202246052409
202246052410
202246052412
202246052902
202246052903
202246052905
202246052906
202246052907
202246052908
202246052909
202246052911
202246053101
202246053102
202246053104
202246053105
202246053106
202246053107
202246053108
202246053109
202246053110
202246053111
202246060501
202246060503
202246060504
202246060505
202246060506
202246060507
202246060508
202246060509
202246060511
202246060701
202246060702
202246060704
202246060705
202246060706
202246060707
202246060708
202246060711
202246061202
202246061203
202246061204
202246061205
202246061206
202246061207
202246061208
202246061209
202246061210
202246061211
202246061402
202246061403
202246061404
202246061406
202246061407
202246061408
202246061409
202246061410
202246061411
202246061412
202246061901
202246061904
202246061907
202246061908
202246061910
202246062101
202246062102
202246062103
202246062105
202246062106
202246062107
202246062108
202246062109
202246062110
202246062111
202246062112
202246062602
202246062603
202246062604
202246062607
202246062608
202246062609
202246062610
202246062611
202246062801
202246062802
202246062804
202246062805
202246062806
202246062807
202246062809
202246062810
202246062811
202246062812
202246070301
202246070302
202246070303
202246070306
202246070307
202246070308
202246070310
202246070311
202246070501
202246070502
202246070503
202246070505
202246070506
202246070507
202246070508
202246070509
202246070510
202246070511
202246071001
202246071003
202246071004
202246071006
202246071007
202246071008
202246071009
202246071011
202246071201
202246071202
202246071203
202246071204
202246071205
202246071206
202246071207
202246071208
202246071209
202246071210
202246071211
202246071212
202246071801
202246071802
202246071803
202246071805
202246071806
202246071807
202246071808
202246071809
202246071811
202246071901
202246071902
202246071904
202246071905
202246071906
202246071908
202246071909
202246071910
202246071911
202246071912
202246072401
202246072402
202246072403
202246072404
202246072405
202246072406
202246072407
202246072408
202246072410
202246072601
202246072602
202246072603
202246072604
202246072605
202246072606
202246072607
202246072608
202246072609
202246072610
202246072611
202246072612
202246073102
202246073103
202246073104
202246073105
202246073106
202246073107
202246073110
202246073111
202246080201
202246080203
202246080205
202246080206
202246080207
202246080208
202246080211
202246080212
202246080702
202246080703
202246080704
202246080705
202246080706
202246080708
202246080709
202246080711
202246080901
202246080902
202246080903
202246080904
202246080905
202246080906
202246080907
202246080908
202246080909
202246080911
202246080912
202246081401
202246081403
202246081404
202246081405
202246081406
202246081407
202246081408
202246081409
202246081410
202246081411
202246081601
202246081602
202246081603
202246081605
202246081606
202246081607
202246081608
202246081609
202246081610
202246081611
202246081612
202246082101
202246082105
202246082106
202246082107
202246082108
202246082109
202246082301
202246082302
202246082303
202246082304
202246082305
202246082307
202246082308
202246082309
202246082310
202246082311
202246082801
202246082802
202246082803
202246082804
202246082805
202246082806
202246082807
202246082808
202246082809
202246082810
202246083001
202246083002
202246083003
202246083004
202246083005
202246083006
202246083007
202246083008
202246083009
202246083011
202246083012
202246090402
202246090403
202246090404
202246090405
202246090406
202246090407
202246090408
202246090409
202246090410
202246090411
202246090412
202246090601
202246090602
202246090604
202246090605
202246090606
202246090607
202246090608
202246090609
202246090611
202246090612
202246091101
202246091102
202246091103
202246091104
202246091105
202246091107
202246091108
202246091109
202246091110
202246091111
202246091112
202246091301
202246091302
202246091303
202246091305
202246091306
202246091307
202246091308
202246091309
202246091310
202246091311
202246091312
202246091901
202246091902
202246091903
202246091904
202246091905
202246091907
202246091908
202246091909
202246091910
202246091911
202246092001
202246092002
202246092003
202246092004
202246092005
202246092006
202246092008
202246092009
202246092010
202246092011
202246092501
202246092502
202246092503
202246092505
202246092506
202246092507
202246092508
202246092510
202246092511
202246092512
202246092701
202246092702
202246092703
202246092705
202246092706
202246092707
202246092708
202246092709
202246092710
202246092711
202246092712
202246100201
202246100202
202246100203
202246100204
202246100205
202246100206
202246100207
202246100208
202246100209
202246100210
202246100211
202246100401
202246100402
202246100403
202246100404
202246100405
202246100406
202246100407
202246100408
202246100409
202246100410
202246100411
202246100412
202246101001
202246101002
202246101003
202246101004
202246101005
202246101006
202246101007
202246101008
202246101009
202246101010
202246101011
202246101101
202246101102
202246101103
202246101104
202246101105
202246101106
202246101107
202246101108
202246101109
202246101110
202246101111
202246101601
202246101602
202246101603
202246101604
202246101605
202246101606
202246101607
202246101608
202246101609
202246101610
202246101611
202246101801
202246101803
202246101804
202246101805
202246101806
202246101807
202246101808
202246101809
202246101810
202246101811
202246101812
202246102301
202246102302
202246102303
202246102304
202246102305
202246102306
202246102307
202246102308
202246102309
202246102310
202246102311
202246102501
202246102502
202246102503
202246102504
202246102505
202246102506
202246102507
202246102508
202246102509
202246102510
202246102511
202246102512
202246103001
202246103002
202246103003
202246103004
202246103005
202246103006
202246103008
202246103009
202246103010
202246103011
202246110101
202246110102
202246110103
202246110104
202246110105
202246110106
202246110107
202246110108
202246110109
202246110110
202246110111
202246110112
202246110701
202246110702
202246110703
202246110704
202246110705
202246110706
202246110707
202246110708
202246110709
202246110710
202246110711
202246110801
202246110802
202246110803
202246110804
202246110805
202246110807
202246110808
202246110809
202246110810
202246110811
202246110812
202246111301
202246111302
202246111303
202246111304
202246111305
202246111306
202246111307
202246111308
202246111309
202246111310
202246111311
202246111501
202246111502
202246111503
202246111504
202246111505
202246111506
202246111507
202246111508
202246111509
202246111510
202246111511
202246112002
202246112003
202246112004
202246112005
202246112006
202246112007
202246112008
202246112009
202246112201
202246112202
202246112203
202246112204
202246112205
202246112206
202246112208
202246112209
202246112210
202246112701
202246112702
202246112703
202246112704
202246112705
202246112706
202246112708
202246112709
202246112710
202246112801
202246112802
202246112803
202246112804
202246112805
202246112807
202246112808
202246112809
202246112901
202246112902
202246112903
202246112904
202246112905
202246112906
202246112907
202246112908
202246112909
202246112910
202246112911
202246120501
202246120504
202246120505
202246120506
202246120507
202246120508
202246120509
202246120510
202246120601
202246120603
202246120604
202246120605
202246120606
202246120607
202246120608
202246120609
202246120610
202246121101
202246121102
202246121103
202246121104
202246121105
202246121106
202246121107
202246121108
202246121109
202246121110
202246121202
202246121203
202246121204
202246121205
202246121206
202246121207
202246121208
202246121209
202246121301
202246121302
202246121303
202246121304
202246121305
202246121306
202246121307
202246121308
202246121309
202246121310
202246122001
202246122003
202246122005
202246122006
202246122007
202246122008
202246122009
202246122010
202246122011
202246122101
202246122102
202246122103
202246122104
202246122106
202246122107
202246122108
202246122109
202246122110
202246122201
202246122202
202246122203
202246122204
202246122205
202246122206
202246122207
202246122208
202246122209
202246122210
202246122211
202246122301
202246122303
202246122305
202246122306
202246122307
202246122308
202246122309
202246122310
202246122311
202246122401
202246122402
202246122403
202246122404
202246122405
202246122406
202246122407
202246122408
202246122409
202246122410
202246122501
202246122502
202246122503
202246122504
202246122505
202246122506
202246122507
202246122508
202246122509
202246122510
202247011101
202247011102
202247011103
202247011104
202247011105
202247011106
202247011107
202247011108
202247011110
202247011111
202247011201
202247011204
202247011205
202247011210
202247011211
202247011301
202247011302
202247011303
202247011304
202247011306
202247011310
202247011311
202247011401
202247011403
202247011404
202247011405
202247011406
202247011407
202247011408
202247011409
202247011410
202247011411
202247012501
202247012503
202247012504
202247012506
202247012508
202247012509
202247012602
202247012604
202247012607
202247012608
202247012609
202247012610
202247012611
202247012703
202247012704
202247012705
202247012706
202247012707
202247012708
202247012709
202247012710
202247012711
202247012801
202247012802
202247012804
202247012805
202247012807
202247012808
202247012809
202247012811
202247020702
202247020703
202247020704
202247020705
202247020706
202247020709
202247020801
202247020803
202247020804
202247020807
202247020809
202247020810
202247020902
202247020904
202247020905
202247020906
202247020907
202247020908
202247020910
202247021001
202247021002
202247021003
202247021005
202247021006
202247021007
202247021008
202247021010
202247021101
202247021102
202247021103
202247021105
202247021106
202247021107
202247021108
202247021109
202247021110
202247031401
202247031402
202247031403
202247031404
202247031405
202247031408
202247031410
202247031411
202247031601
202247031603
202247031604
202247031605
202247031606
202247031607
202247031608
202247031609
202247031610
202247031611
202247031701
202247031702
202247031704
202247031706
202247031707
202247031708
202247031710
202247031711
202247031801
202247031802
202247031803
202247031804
202247031805
202247031806
202247031807
202247031808
202247031809
202247031810
202247031811
202247031812
202247032501
202247032502
202247032503
202247032504
202247032506
202247032507
202247032508
202247032510
202247032801
202247032802
202247032803
202247032804
202247032805
202247032808
202247032809
202247032810
202247032901
202247032902
202247032903
202247032904
202247032905
202247032906
202247032908
202247032909
202247032910
202247033001
202247033002
202247033003
202247033004
202247033005
202247033006
202247033009
202247033101
202247033103
202247033104
202247033105
202247033106
202247033107
202247033108
202247033109
202247033110
202247040601
202247040602
202247040603
202247040604
202247040606
202247040607
202247040611
202247040612
202247040701
202247040702
202247040703
202247040704
202247040705
202247040708
202247040709
202247040710
202247041402
202247041403
202247041404
202247041405
202247041406
202247041407
202247041408
202247041409
202247041410
202247041411
202247041502
202247041503
202247041504
202247041506
202247041507
202247041508
202247041509
202247041510
202247041511
202247041512
202247041801
202247041802
202247041803
202247041804
202247041806
202247041809
202247041810
202247041901
202247041902
202247041903
202247041905
202247041906
202247041908
202247041909
202247041910
202247042701
202247042702
202247042703
202247042704
202247042706
202247042707
202247042708
202247042709
202247042710
202247042802
202247042803
202247042804
202247042806
202247042807
202247042808
202247042809
202247042810
202247042811
202247042812
202247042901
202247042903
202247042906
202247042907
202247042908
202247042909
202247042911
202247050201
202247050202
202247050204
202247050205
202247050207
202247050208
202247050209
202247050210
202247051001
202247051002
202247051003
202247051004
202247051005
202247051006
202247051007
202247051009
202247051010
202247051101
202247051102
202247051103
202247051105
202247051106
202247051107
202247051108
202247051109
202247051201
202247051202
202247051203
202247051206
202247051207
202247051208
202247051209
202247051210
202247051211
202247051302
202247051303
202247051304
202247051305
202247051306
202247051307
202247051308
202247051309
202247051310
202247051311
202247051312
202247053102
202247053104
202247053105
202247053106
202247053107
202247053108
202247053109
202247053110
202247060102
202247060103
202247060104
202247060106
202247060107
202247060108
202247060109
202247060110
202247060111
202247060203
202247060204
202247060205
202247060206
202247060207
202247060208
202247060209
202247060210
202247060211
202247060212
202247060301
202247060303
202247060304
202247060306
202247060308
202247060309
202247060310
202247060311
202247060312
202247061401
202247061402
202247061403
202247061404
202247061405
202247061406
202247061407
202247061408
202247061409
202247061501
202247061502
202247061503
202247061505
202247061506
202247061507
202247061508
202247061509
202247061510
202247061511
202247061601
202247061602
202247061603
202247061604
202247061605
202247061607
202247061609
202247061611
202247061612
202247061701
202247061702
202247061703
202247061704
202247061705
202247061706
202247061707
202247061708
202247061709
202247061710
202247062801
202247062802
202247062803
202247062804
202247062805
202247062806
202247062807
202247062808
202247062809
202247062810
202247062811
202247062902
202247062903
202247062904
202247062905
202247062907
202247062908
202247062909
202247062910
202247062911
202247062912
202247070101
202247070102
202247070103
202247070104
202247070106
202247070107
202247070108
202247070109
202247070110
202247070111
202247070112
202247071301
202247071302
202247071303
202247071304
202247071305
202247071306
202247071307
202247071309
202247071310
202247071312
202247071401
202247071402
202247071403
202247071405
202247071406
202247071407
202247071408
202247071409
202247071410
202247071411
202247071412
202247071501
202247071503
202247071504
202247071505
202247071506
202247071507
202247071508
202247071509
202247071510
202247071511
202247071512
202247072702
202247072703
202247072704
202247072705
202247072706
202247072708
202247072709
202247072710
202247072711
202247072712
202247072801
202247072802
202247072803
202247072804
202247072805
202247072806
202247072807
202247072808
202247072809
202247072810
202247072811
202247072901
202247072902
202247072903
202247072904
202247072905
202247072906
202247072907
202247072908
202247072909
202247072910
202247072911
202247072912
202247081101
202247081102
202247081104
202247081106
202247081107
202247081108
202247081109
202247081111
202247081112
202247081201
202247081202
202247081203
202247081204
202247081205
202247081206
202247081207
202247081208
202247081209
202247081210
202247081211
202247081212
202247081501
202247081502
202247081503
202247081505
202247081506
202247081507
202247081508
202247081509
202247081510
202247081511
202247081512
202247082401
202247082402
202247082403
202247082404
202247082405
202247082407
202247082408
202247082409
202247082410
202247082411
202247082501
202247082503
202247082504
202247082505
202247082506
202247082507
202247082508
202247082509
202247082510
202247082511
202247082512
202247082601
202247082602
202247082603
202247082604
202247082605
202247082607
202247082608
202247082609
202247082610
202247082611
202247082612
202247090701
202247090702
202247090703
202247090704
202247090705
202247090707
202247090708
202247090709
202247090710
202247090711
202247090712
202247090801
202247090802
202247090803
202247090804
202247090805
202247090806
202247090807
202247090808
202247090809
202247090810
202247090811
202247090902
202247090903
202247090904
202247090905
202247090906
202247090907
202247090908
202247090909
202247090910
202247090911
202247090912
202247092101
202247092102
202247092103
202247092104
202247092105
202247092106
202247092107
202247092108
202247092110
202247092111
202247092112
202247092201
202247092202
202247092203
202247092204
202247092205
202247092206
202247092207
202247092208
202247092209
202247092210
202247092211
202247092212
202247092304
202247092305
202247092306
202247092307
202247092308
202247092310
202247092311
202247092312
202247100501
202247100502
202247100503
202247100504
202247100505
202247100506
202247100507
202247100508
202247100509
202247100510
202247100511
202247100512
202247100601
202247100602
202247100603
202247100604
202247100605
202247100606
202247100607
202247100608
202247100609
202247100610
202247100611
202247100612
202247100701
202247100702
202247100703
202247100704
202247100705
202247100706
202247100707
202247100708
202247100709
202247100710
202247100711
202247100712
202247101701
202247101702
202247101703
202247101704
202247101705
202247101706
202247101707
202247101709
202247101710
202247101901
202247101902
202247101903
202247101904
202247101905
202247101906
202247101907
202247101908
202247101909
202247101910
202247101911
202247102001
202247102002
202247102003
202247102005
202247102006
202247102007
202247102008
202247102009
202247102010
202247102011
202247102101
202247102102
202247102103
202247102104
202247102106
202247102107
202247102108
202247102109
202247102110
202247102111
202247103102
202247103103
202247103104
202247103105
202247103106
202247103107
202247103108
202247103109
202247103110
202247110101
202247110102
202247110103
202247110104
202247110105
202247110106
202247110107
202247110108
202247110109
202247110110
202247110111
202247110201
202247110202
202247110204
202247110205
202247110206
202247110207
202247110208
202247110209
202247110210
202247110211
202247110401
202247110402
202247110403
202247110405
202247110406
202247110407
202247110408
202247110409
202247110410
202247110411
202247111401
202247111403
202247111404
202247111405
202247111406
202247111407
202247111408
202247111409
202247111410
202247111601
202247111602
202247111603
202247111604
202247111605
202247111606
202247111607
202247111608
202247111610
202247111611
202247111701
202247111702
202247111703
202247111704
202247111705
202247111706
202247111707
202247111708
202247111709
202247111710
202247111711
202247111801
202247111802
202247111803
202247111804
202247111805
202247111806
202247111807
202247111808
202247111809
202247111810
202247111811
202247112802
202247112803
202247112804
202247112805
202247112806
202247112807
202247112808
202247112809
202247112810
202247112901
202247112902
202247112903
202247112904
202247112905
202247112906
202247112907
202247112908
202247112909
202247112910
202247113001
202247113002
202247113003
202247113004
202247113005
202247113006
202247113007
202247113008
202247113009
202247113010
202247120103
202247120104
202247120105
202247120106
202247120107
202247120108
202247120109
202247120110
202247120201
202247120202
202247120203
202247120204
202247120205
202247120206
202247120208
202247120209
202247120210
202247120901
202247120902
202247120903
202247120904
202247120905
202247120906
202247120907
202247120908
202247120909
202247120910
202247120911
202247121301
202247121302
202247121305
202247121306
202247121307
202247121308
202247121309
202247121310
202247121402
202247121403
202247121404
202247121405
202247121406
202247121407
202247121408
202247121409
202247121410
202247121411
202247121502
202247121503
202247121504
202247121505
202247121506
202247121507
202247121508
202247121509
202247121510
202247121511
202247122701
202247122702
202247122703
202247122704
202247122705
202247122706
202247122707
202247122708
202247122709
202247122710
202247122711
202247122901
202247122903
202247122904
202247122905
202247122906
202247122907
202247122908
202247122909
202247122910
202247122911
202247122912
202247123001
202247123002
202247123003
202247123004
202247123005
202247123006
202247123007
202247123008
202247123009
202247123010
202247123011
202247123102
202247123104
202247123105
202247123106
202247123107
202247123108
202247123109
202247123110
202247123111
202248010101
202248010103
202248010108
202248010109
202248010110
202248010111
202248010201
202248010202
202248010203
202248010204
202248010205
202248010206
202248010208
202248010211
202248010301
202248010302
202248010303
202248010304
202248010305
202248010307
202248010308
202248010309
202248010310
202248010311
202248010402
202248010403
202248010404
202248010405
202248010407
202248010409
202248010410
202248010411
202248010601
202248010602
202248010604
202248010608
202248010609
202248010610
202248010611
202248011701
202248011703
202248011707
202248011708
202248011709
202248011710
202248011711
202248011802
202248011803
202248011806
202248011808
202248011810
202248011811
202248011902
202248011905
202248011907
202248011908
202248011909
202248011911
202248012002
202248012003
202248012004
202248012005
202248012007
202248012008
202248012009
202248012010
202248012101
202248012103
202248012106
202248012107
202248012108
202248012109
202248012110
202248012111
202248013101
202248013102
202248013104
202248013105
202248013107
202248013108
202248013109
202248013110
202248013111
202248020101
202248020102
202248020103
202248020104
202248020107
202248020108
202248020109
202248020110
202248020111
202248020201
202248020202
202248020203
202248020209
202248020210
202248020211
202248020302
202248020304
202248020305
202248020306
202248020308
202248020309
202248020310
202248020401
202248020403
202248020407
202248020408
202248020410
202248020411
202248021403
202248021404
202248021407
202248021408
202248021409
202248021410
202248021411
202248021501
202248021502
202248021505
202248021507
202248021508
202248021509
202248021510
202248021601
202248021602
202248021603
202248021608
202248021609
202248021610
202248021611
202248021701
202248021702
202248021704
202248021705
202248021706
202248021707
202248021708
202248021709
202248021710
202248021711
202248021801
202248021802
202248021803
202248021806
202248021808
202248021809
202248021810
202248022802
202248022806
202248022807
202248022808
202248022809
202248022810
202248022811
202248022812
202248030101
202248030102
202248030103
202248030104
202248030105
202248030107
202248030109
202248030110
202248030111
202248030201
202248030202
202248030203
202248030206
202248030207
202248030208
202248030210
202248030211
202248030212
202248030301
202248030302
202248030304
202248030305
202248030306
202248030307
202248030309
202248030310
202248030311
202248030312
202248030801
202248030805
202248030806
202248030807
202248030808
202248030809
202248030810
202248030811
202248030812
202248030901
202248030903
202248030905
202248030906
202248030907
202248030908
202248030909
202248030910
202248030911
202248031002
202248031006
202248031007
202248031008
202248031009
202248031010
202248031011
202248031012
202248031101
202248031102
202248031103
202248031106
202248031108
202248031109
202248031112
202248040801
202248040802
202248040804
202248040805
202248040806
202248040807
202248040808
202248040809
202248040810
202248040811
202248040812
202248041101
202248041103
202248041105
202248041107
202248041108
202248041109
202248041110
202248041111
202248041112
202248041201
202248041202
202248041203
202248041204
202248041205
202248041206
202248041207
202248041209
202248041211
202248041212
202248041301
202248041302
202248041303
202248041304
202248041305
202248041307
202248041308
202248041310
202248041312
202248042001
202248042004
202248042005
202248042006
202248042007
202248042009
202248042010
202248042011
202248042012
202248042102
202248042103
202248042104
202248042105
202248042106
202248042107
202248042108
202248042109
202248042111
202248042201
202248042202
202248042203
202248042204
202248042205
202248042207
202248042210
202248042211
202248042212
202248042501
202248042503
202248042504
202248042507
202248042508
202248042510
202248042511
202248042512
202248050301
202248050302
202248050303
202248050304
202248050307
202248050308
202248050311
202248050312
202248050401
202248050402
202248050403
202248050404
202248050405
202248050407
202248050408
202248050409
202248050410
202248050411
202248050501
202248050502
202248050503
202248050504
202248050505
202248050506
202248050509
202248050510
202248050511
202248050512
202248050601
202248050602
202248050603
202248050604
202248050607
202248050611
202248050612
202248051701
202248051702
202248051703
202248051706
202248051707
202248051708
202248051709
202248051710
202248051711
202248051712
202248051801
202248051802
202248051803
202248051804
202248051805
202248051806
202248051807
202248051808
202248051809
202248051810
202248051811
202248051812
202248051901
202248051902
202248051903
202248051905
202248051906
202248051907
202248051909
202248051910
202248051912
202248052001
202248052002
202248052003
202248052004
202248052005
202248052006
202248052008
202248052009
202248052010
202248052011
202248052501
202248052502
202248052503
202248052506
202248052507
202248052508
202248052509
202248052510
202248052511
202248052512
202248052601
202248052602
202248052603
202248052604
202248052605
202248052606
202248052607
202248052609
202248052610
202248052611
202248052612
202248052701
202248052702
202248052703
202248052704
202248052706
202248052708
202248052709
202248052710
202248052711
202248052712
202248053001
202248053002
202248053004
202248053005
202248053006
202248053007
202248053010
202248053011
202248053012
202248060701
202248060702
202248060703
202248060705
202248060706
202248060707
202248060708
202248060709
202248060710
202248060711
202248060712
202248060801
202248060802
202248060803
202248060806
202248060807
202248060808
202248060809
202248060810
202248060811
202248060812
202248060902
202248060903
202248060904
202248060907
202248060908
202248060909
202248060910
202248060911
202248060912
202248061001
202248061002
202248061003
202248061005
202248061006
202248061007
202248061010
202248061011
202248061012
202248062101
202248062102
202248062103
202248062104
202248062106
202248062107
202248062108
202248062109
202248062110
202248062111
202248062201
202248062202
202248062203
202248062204
202248062205
202248062206
202248062207
202248062208
202248062209
202248062210
202248062211
202248062212
202248062301
202248062302
202248062303
202248062306
202248062307
202248062308
202248062309
202248062310
202248062311
202248062312
202248062401
202248062402
202248062404
202248062405
202248062406
202248062407
202248062408
202248062410
202248062411
202248062412
202248070401
202248070402
202248070403
202248070405
202248070406
202248070407
202248070408
202248070409
202248070410
202248070411
202248070412
202248070601
202248070602
202248070603
202248070604
202248070605
202248070606
202248070607
202248070608
202248070609
202248070610
202248070611
202248070612
202248070701
202248070702
202248070703
202248070704
202248070705
202248070706
202248070707
202248070708
202248070709
202248070710
202248070711
202248070712
202248070801
202248070802
202248070803
202248070804
202248070805
202248070806
202248070808
202248070809
202248070811
202248071801
202248071802
202248071803
202248071806
202248071807
202248071808
202248071809
202248071811
202248071812
202248072001
202248072002
202248072003
202248072005
202248072006
202248072007
202248072008
202248072009
202248072010
202248072011
202248072012
202248072101
202248072103
202248072104
202248072105
202248072106
202248072107
202248072108
202248072109
202248072111
202248072112
202248072201
202248072203
202248072204
202248072205
202248072206
202248072208
202248072209
202248072211
202248072212
202248080202
202248080203
202248080205
202248080207
202248080210
202248080211
202248080212
202248080301
202248080302
202248080303
202248080305
202248080306
202248080307
202248080308
202248080309
202248080310
202248080311
202248080312
202248080402
202248080403
202248080404
202248080405
202248080406
202248080407
202248080408
202248080409
202248080410
202248080411
202248080412
202248080501
202248080503
202248080505
202248080506
202248080508
202248080511
202248080512
202248081601
202248081602
202248081603
202248081604
202248081606
202248081607
202248081608
202248081610
202248081611
202248081612
202248081701
202248081702
202248081703
202248081704
202248081706
202248081707
202248081708
202248081709
202248081710
202248081711
202248081801
202248081803
202248081804
202248081805
202248081807
202248081808
202248081809
202248081810
202248081811
202248081812
202248081901
202248081902
202248081903
202248081905
202248081907
202248081909
202248081911
202248081912
202248083101
202248083102
202248083103
202248083105
202248083106
202248083107
202248083108
202248083110
202248083111
202248083112
202248090101
202248090103
202248090104
202248090105
202248090106
202248090107
202248090108
202248090109
202248090110
202248090111
202248090112
202248090201
202248090202
202248090203
202248090204
202248090205
202248090206
202248090207
202248090208
202248090211
202248090212
202248090501
202248090502
202248090504
202248090505
202248090507
202248090508
202248090509
202248090510
202248090512
202248091201
202248091202
202248091203
202248091204
202248091206
202248091207
202248091208
202248091209
202248091210
202248091212
202248091401
202248091402
202248091403
202248091404
202248091405
202248091407
202248091408
202248091409
202248091410
202248091411
202248091412
202248091501
202248091502
202248091503
202248091504
202248091505
202248091506
202248091507
202248091508
202248091510
202248091511
202248091512
202248091601
202248091602
202248091603
202248091604
202248091605
202248091606
202248091607
202248091608
202248091609
202248091610
202248091611
202248091612
202248092701
202248092702
202248092703
202248092705
202248092706
202248092708
202248092709
202248092711
202248092712
202248092801
202248092802
202248092803
202248092804
202248092805
202248092806
202248092808
202248092809
202248092810
202248092811
202248092812
202248092901
202248092902
202248092903
202248092904
202248092905
202248092906
202248092907
202248092908
202248092909
202248092910
202248092912
202248093001
202248093002
202248093003
202248093004
202248093005
202248093006
202248093007
202248093009
202248093010
202248093011
202248093012
202248101101
202248101102
202248101103
202248101104
202248101105
202248101106
202248101107
202248101108
202248101109
202248101110
202248101111
202248101112
202248101201
202248101202
202248101203
202248101204
202248101205
202248101207
202248101208
202248101209
202248101210
202248101211
202248101212
202248101301
202248101302
202248101303
202248101304
202248101305
202248101306
202248101307
202248101308
202248101309
202248101310
202248101311
202248101312
202248101401
202248101403
202248101404
202248101405
202248101406
202248101408
202248101409
202248101410
202248101411
202248101412
202248102401
202248102402
202248102403
202248102404
202248102405
202248102406
202248102407
202248102408
202248102409
202248102410
202248102411
202248102412
202248102601
202248102602
202248102603
202248102604
202248102605
202248102606
202248102607
202248102608
202248102609
202248102610
202248102611
202248102612
202248102701
202248102702
202248102703
202248102704
202248102705
202248102706
202248102707
202248102708
202248102709
202248102710
202248102711
202248102712
202248102801
202248102802
202248102803
202248102804
202248102805
202248102806
202248102807
202248102808
202248102810
202248102811
202248102812
202248110801
202248110802
202248110803
202248110804
202248110805
202248110806
202248110807
202248110808
202248110809
202248110810
202248110811
202248110812
202248110901
202248110903
202248110904
202248110905
202248110907
202248110908
202248110909
202248110910
202248110911
202248110912
202248111001
202248111002
202248111003
202248111004
202248111005
202248111006
202248111007
202248111008
202248111009
202248111010
202248111011
202248111012
202248111101
202248111102
202248111103
202248111104
202248111105
202248111107
202248111108
202248111109
202248111110
202248111111
202248111112
202248112201
202248112202
202248112203
202248112204
202248112205
202248112206
202248112207
202248112208
202248112209
202248112210
202248112211
202248112212
202248112301
202248112302
202248112303
202248112304
202248112305
202248112306
202248112307
202248112308
202248112309
202248112310
202248112311
202248112312
202248112401
202248112402
202248112403
202248112404
202248112405
202248112406
202248112407
202248112408
202248112410
202248112411
202248112412
202248112501
202248112502
202248112503
202248112504
202248112505
202248112507
202248112508
202248112509
202248112510
202248112511
202248112512
202248120501
202248120502
202248120503
202248120504
202248120505
202248120506
202248120507
202248120508
202248120509
202248120510
202248120511
202248120512
202248120601
202248120602
202248120603
202248120605
202248120606
202248120607
202248120608
202248120609
202248120610
202248120611
202248120612
202248120701
202248120702
202248120703
202248120704
202248120705
202248120706
202248120708
202248120709
202248120710
202248120711
202248120712
202248120801
202248120802
202248120803
202248120804
202248120805
202248120806
202248120807
202248120808
202248120809
202248120810
202248120811
202248120812
202248121601
202248121602
202248121603
202248121604
202248121606
202248121607
202248121608
202248121609
202248121610
202248121611
202248121612
202248122101
202248122102
202248122103
202248122104
202248122105
202248122106
202248122107
202248122109
202248122110
202248122111
202248122112
202248122201
202248122203
202248122204
202248122205
202248122207
202248122208
202248122210
202248122211
202248122212
202248122301
202248122302
202248122303
202248122304
202248122305
202248122306
202248122307
202248122308
202248122309
202248122310
202248122311
202248122312
202250010201
202250010202
202250010203
202250010205
202250010206
202250010207
202250010208
202250010209
202250010210
202250010211
202250010212
202250010301
202250010302
202250010303
202250010305
202250010306
202250010307
202250010308
202250010309
202250010310
202250010311
202250010312
202250010401
202250010402
202250010404
202250010405
202250010406
202250010407
202250010409
202250010410
202250010411
202250010412
202250030101
202250030103
202250030104
202250030105
202250030106
202250030107
202250030109
202250030110
202250030111
202250030112
202250030201
202250030202
202250030203
202250030204
202250030205
202250030206
202250030207
202250030208
202250030209
202250030210
202250030211
202250030212
202250030301
202250030302
202250030304
202250030305
202250030306
202250030307
202250030308
202250030309
202250030310
202250030311
202250030312
202250030801
202250030802
202250030803
202250030804
202250030805
202250030806
202250030807
202250030808
202250030809
202250030810
202250030811
202250030812
202250030901
202250030902
202250030903
202250030904
202250030905
202250030906
202250030907
202250030908
202250030909
202250030910
202250030911
202250030912
202250031001
202250031002
202250031003
202250031004
202250031005
202250031006
202250031007
202250031008
202250031009
202250031010
202250031011
202250031012
202250031501
202250031502
202250031503
202250031504
202250031505
202250031506
202250031507
202250031508
202250031509
202250031510
202250031511
202250031512
202250031601
202250031603
202250031604
202250031607
202250031608
202250031609
202250031610
202250031611
202250031612
202250031702
202250031704
202250031705
202250031706
202250031707
202250031708
202250031709
202250031710
202250031711
202250031712
202250032201
202250032202
202250032203
202250032205
202250032206
202250032207
202250032208
202250032209
202250032210
202250032211
202250032212
202250032301
202250032302
202250032303
202250032304
202250032305
202250032306
202250032307
202250032308
202250032309
202250032310
202250032311
202250032312
202250032401
202250032402
202250032403
202250032404
202250032405
202250032407
202250032408
202250032409
202250032410
202250032411
202250032412
202250032901
202250032902
202250032903
202250032904
202250032905
202250032906
202250032907
202250032908
202250032909
202250032910
202250032911
202250032912
202250033001
202250033003
202250033004
202250033005
202250033006
202250033007
202250033008
202250033010
202250033011
202250033012
202250033101
202250033102
202250033103
202250033104
202250033105
202250033106
202250033107
202250033108
202250033109
202250033110
202250033111
202250033112
202250040501
202250040502
202250040503
202250040504
202250040505
202250040506
202250040507
202250040508
202250040509
202250040510
202250040511
202250040512
202250040602
202250040603
202250040604
202250040605
202250040606
202250040607
202250040608
202250040609
202250040610
202250040611
202250040612
202250040701
202250040702
202250040703
202250040704
202250040705
202250040706
202250040707
202250040708
202250040709
202250040710
202250040711
202250040712
202250041201
202250041202
202250041203
202250041204
202250041205
202250041206
202250041207
202250041208
202250041209
202250041210
202250041211
202250041212
202250041301
202250041302
202250041303
202250041304
202250041305
202250041306
202250041307
202250041308
202250041309
202250041310
202250041311
202250041312
202250041402
202250041403
202250041404
202250041405
202250041406
202250041407
202250041408
202250041409
202250041410
202250041411
202250041412
202250041501
202250041502
202250041503
202250041504
202250041505
202250041506
202250041507
202250041508
202250041509
202250041510
202250041511
202250041512
202250041902
202250041903
202250041904
202250041905
202250041906
202250041907
202250041908
202250041909
202250041910
202250041911
202250041912
202250042001
202250042002
202250042003
202250042004
202250042005
202250042006
202250042007
202250042008
202250042009
202250042010
202250042011
202250042012
202250042101
202250042102
202250042103
202250042104
202250042105
202250042106
202250042107
202250042108
202250042109
202250042110
202250042111
202250042112
202250042701
202250042702
202250042703
202250042704
202250042705
202250042706
202250042707
202250042708
202250042709
202250042710
202250042711
202250042712
202250042802
202250042803
202250042804
202250042805
202250042806
202250042807
202250042808
202250042809
202250042810
202250042811
202250042812
202250042901
202250042902
202250042903
202250042904
202250042905
202250042906
202250042907
202250042908
202250042909
202250042910
202250042911
202250042912
202250050302
202250050303
202250050305
202250050306
202250050307
202250050308
202250050309
202250050310
202250050311
202250050312
202250050401
202250050402
202250050404
202250050405
202250050406
202250050407
202250050408
202250050409
202250050410
202250050411
202250050412
202250050501
202250050502
202250050504
202250050505
202250050506
202250050507
202250050508
202250050509
202250050510
202250050511
202250050512
202250050602
202250050603
202250050604
202250050606
202250050607
202250050608
202250050609
202250050610
202250050611
202250051101
202250051102
202250051103
202250051104
202250051105
202250051106
202250051107
202250051108
202250051109
202250051110
202250051111
202250051112
202250051201
202250051202
202250051203
202250051204
202250051205
202250051206
202250051207
202250051208
202250051209
202250051210
202250051211
202250051212
202250051301
202250051303
202250051304
202250051305
202250051306
202250051307
202250051308
202250051309
202250051310
202250051311
202250051312
202250051801
202250051802
202250051803
202250051804
202250051805
202250051806
202250051807
202250051808
202250051809
202250051810
202250051811
202250051812
202250051901
202250051902
202250051903
202250051904
202250051905
202250051906
202250051907
202250051908
202250051909
202250051910
202250051911
202250051912
202250052001
202250052002
202250052003
202250052004
202250052005
202250052006
202250052007
202250052008
202250052009
202250052010
202250052011
202250052012
202250052501
202250052502
202250052503
202250052504
202250052506
202250052507
202250052508
202250052509
202250052510
202250052511
202250052512
202250052601
202250052602
202250052603
202250052604
202250052605
202250052606
202250052607
202250052609
202250052610
202250052611
202250052612
202250052701
202250052702
202250052703
202250052704
202250052705
202250052706
202250052707
202250052708
202250052709
202250052710
202250052711
202250052712
202250060101
202250060102
202250060104
202250060105
202250060106
202250060108
202250060109
202250060110
202250060111
202250060112
202250060201
202250060202
202250060203
202250060204
202250060205
202250060206
202250060207
202250060208
202250060209
202250060210
202250060211
202250060212
202250060301
202250060302
202250060303
202250060304
202250060305
202250060306
202250060307
202250060308
202250060309
202250060310
202250060311
202250060312
202250060802
202250060803
202250060804
202250060806
202250060807
202250060808
202250060809
202250060810
202250060811
202250060812
202250060901
202250060902
202250060903
202250060904
202250060905
202250060906
202250060907
202250060908
202250060909
202250060910
202250060911
202250060912
202250061001
202250061002
202250061003
202250061004
202250061005
202250061006
202250061007
202250061008
202250061009
202250061010
202250061011
202250061012
202250061501
202250061502
202250061503
202250061504
202250061505
202250061506
202250061507
202250061508
202250061509
202250061510
202250061511
202250061512
202250061601
202250061602
202250061603
202250061604
202250061605
202250061606
202250061607
202250061608
202250061609
202250061610
202250061611
202250061612
202250061701
202250061703
202250061704
202250061705
202250061706
202250061707
202250061708
202250061709
202250061710
202250061711
202250061712
202250062201
202250062202
202250062203
202250062204
202250062205
202250062206
202250062207
202250062208
202250062209
202250062210
202250062211
202250062212
202250062301
202250062302
202250062303
202250062304
202250062305
202250062306
202250062307
202250062308
202250062309
202250062310
202250062311
202250062312
202250062403
202250062404
202250062405
202250062406
202250062407
202250062408
202250062409
202250062410
202250062411
202250062901
202250062902
202250062903
202250062904
202250062906
202250062907
202250062908
202250062909
202250062910
202250062911
202250062912
202250063001
202250063002
202250063003
202250063004
202250063005
202250063006
202250063007
202250063008
202250063009
202250063010
202250063011
202250063012
202250070101
202250070102
202250070103
202250070104
202250070105
202250070106
202250070107
202250070108
202250070109
202250070110
202250070111
202250070112
202250070601
202250070602
202250070603
202250070604
202250070605
202250070606
202250070607
202250070608
202250070609
202250070610
202250070611
202250070612
202250070701
202250070702
202250070703
202250070704
202250070705
202250070706
202250070707
202250070708
202250070709
202250070710
202250070711
202250070712
202250070801
202250070802
202250070803
202250070805
202250070806
202250070807
202250070808
202250070809
202250070810
202250070811
202250070812
202250071301
202250071302
202250071303
202250071304
202250071305
202250071306
202250071307
202250071308
202250071309
202250071310
202250071311
202250071312
202250071401
202250071402
202250071403
202250071404
202250071405
202250071406
202250071407
202250071409
202250071410
202250071411
202250071412
202250071501
202250071502
202250071503
202250071505
202250071506
202250071507
202250071508
202250071509
202250071510
202250071511
202250071512
202250072001
202250072002
202250072003
202250072004
202250072005
202250072006
202250072007
202250072008
202250072010
202250072011
202250072012
202250072101
202250072102
202250072104
202250072105
202250072106
202250072107
202250072108
202250072109
202250072110
202250072111
202250072112
202250072201
202250072202
202250072203
202250072205
202250072206
202250072207
202250072208
202250072209
202250072210
202250072211
202250072212
202250072702
202250072703
202250072704
202250072705
202250072706
202250072707
202250072708
202250072709
202250072710
202250072711
202250072712
202250072801
202250072802
202250072803
202250072804
202250072805
202250072806
202250072807
202250072808
202250072809
202250072810
202250072811
202250072812
202250072901
202250072902
202250072903
202250072904
202250072905
202250072906
202250072907
202250072908
202250072909
202250072911
202250072912
202250080301
202250080302
202250080303
202250080304
202250080305
202250080306
202250080307
202250080308
202250080309
202250080310
202250080311
202250080312
202250080401
202250080402
202250080403
202250080404
202250080405
202250080406
202250080407
202250080408
202250080409
202250080410
202250080411
202250080412
202250080501
202250080502
202250080503
202250080504
202250080505
202250080506
202250080507
202250080508
202250080509
202250080510
202250080511
202250080512
202250081001
202250081002
202250081003
202250081004
202250081005
202250081006
202250081007
202250081008
202250081009
202250081010
202250081011
202250081012
202250081101
202250081102
202250081103
202250081104
202250081105
202250081106
202250081107
202250081108
202250081109
202250081110
202250081111
202250081112
202250081202
202250081203
202250081204
202250081205
202250081206
202250081207
202250081208
202250081209
202250081210
202250081211
202250081212
202250081701
202250081702
202250081703
202250081704
202250081705
202250081706
202250081707
202250081709
202250081710
202250081711
202250081712
202250081801
202250081802
202250081803
202250081804
202250081805
202250081806
202250081807
202250081808
202250081809
202250081810
202250081811
202250081812
202250081901
202250081902
202250081903
202250081904
202250081906
202250081907
202250081908
202250081909
202250081910
202250081911
202250081912
202250082401
202250082402
202250082403
202250082404
202250082405
202250082406
202250082407
202250082408
202250082409
202250082410
202250082411
202250082412
202250082501
202250082502
202250082503
202250082504
202250082505
202250082506
202250082507
202250082508
202250082509
202250082510
202250082512
202250082601
202250082602
202250082603
202250082604
202250082605
202250082606
202250082607
202250082608
202250082609
202250082610
202250082611
202250082612
202250083102
202250083103
202250083104
202250083105
202250083106
202250083107
202250083108
202250083109
202250083110
202250083111
202250083112
202250090101
202250090102
202250090103
202250090105
202250090106
202250090107
202250090108
202250090109
202250090110
202250090111
202250090112
202250090201
202250090202
202250090203
202250090204
202250090205
202250090206
202250090207
202250090208
202250090209
202250090210
202250090211
202250090212
202250090702
202250090703
202250090704
202250090705
202250090706
202250090707
202250090708
202250090709
202250090710
202250090711
202250090712
202250090801
202250090802
202250090803
202250090804
202250090805
202250090806
202250090807
202250090808
202250090809
202250090810
202250090811
202250090812
202250090901
202250090902
202250090903
202250090905
202250090906
202250090907
202250090908
202250090909
202250090910
202250090911
202250090912
202250091401
202250091402
202250091403
202250091404
202250091405
202250091406
202250091407
202250091408
202250091409
202250091410
202250091411
202250091412
202250091501
202250091502
202250091503
202250091504
202250091505
202250091506
202250091507
202250091508
202250091509
202250091510
202250091511
202250091512
202250091601
202250091602
202250091603
202250091604
202250091605
202250091606
202250091607
202250091608
202250091609
202250091610
202250091611
202250091612
202250092102
202250092103
202250092104
202250092105
202250092106
202250092107
202250092108
202250092109
202250092110
202250092111
202250092112
202250092201
202250092202
202250092203
202250092204
202250092205
202250092206
202250092207
202250092208
202250092209
202250092210
202250092211
202250092212
202250092301
202250092302
202250092303
202250092304
202250092305
202250092306
202250092307
202250092309
202250092310
202250092311
202250092312
202250092801
202250092802
202250092803
202250092804
202250092805
202250092806
202250092807
202250092808
202250092809
202250092810
202250092811
202250092812
202250092901
202250092902
202250092903
202250092904
202250092905
202250092906
202250092907
202250092908
202250092909
202250092910
202250092911
202250092912
202250093001
202250093002
202250093005
202250093006
202250093007
202250093008
202250093009
202250093010
202250093011
202250093012
202250100501
202250100502
202250100503
202250100504
202250100505
202250100507
202250100508
202250100509
202250100510
202250100511
202250100512
202250100601
202250100602
202250100603
202250100604
202250100605
202250100606
202250100607
202250100608
202250100609
202250100610
202250100611
202250100612
202250100701
202250100702
202250100703
202250100704
202250100705
202250100706
202250100707
202250100708
202250100709
202250100710
202250100711
202250100712
202250101201
202250101202
202250101203
202250101204
202250101205
202250101206
202250101207
202250101208
202250101209
202250101210
202250101211
202250101212
202250101301
202250101302
202250101303
202250101304
202250101305
202250101306
202250101307
202250101309
202250101310
202250101311
202250101312
202250101401
202250101402
202250101403
202250101404
202250101405
202250101406
202250101407
202250101408
202250101409
202250101410
202250101411
202250101412
202250101801
202250101802
202250101803
202250101804
202250101805
202250101806
202250101807
202250101808
202250101809
202250101810
202250101811
202250101812
202250101901
202250101902
202250101903
202250101904
202250101905
202250101906
202250101907
202250101908
202250101909
202250101910
202250101911
202250101912
202250102001
202250102002
202250102003
202250102005
202250102006
202250102007
202250102008
202250102009
202250102010
202250102011
202250102012
202250102502
202250102503
202250102504
202250102505
202250102506
202250102507
202250102508
202250102509
202250102510
202250102511
202250102512
202250102601
202250102602
202250102603
202250102604
202250102605
202250102606
202250102607
202250102608
202250102609
202250102610
202250102611
202250102612
202250102701
202250102702
202250102703
202250102704
202250102705
202250102706
202250102707
202250102708
202250102709
202250102710
202250102711
202250102712
202250110101
202250110102
202250110103
202250110105
202250110106
202250110107
202250110108
202250110109
202250110110
202250110111
202250110112
202250110201
202250110202
202250110203
202250110204
202250110205
202250110206
202250110207
202250110208
202250110209
202250110210
202250110211
202250110212
202250110301
202250110302
202250110303
202250110304
202250110305
202250110306
202250110308
202250110401
202250110402
202250110404
202250110405
202250110406
202250110407
202250110408
202250110409
202250110410
202250110411
202250110412
202250110801
202250110802
202250110803
202250110804
202250110805
202250110806
202250110807
202250110808
202250110809
202250110810
202250110811
202250110812
202250110901
202250110902
202250110903
202250110904
202250110905
202250110906
202250110907
202250110908
202250110909
202250110910
202250110911
202250110912
202250111001
202250111002
202250111003
202250111004
202250111005
202250111006
202250111007
202250111008
202250111009
202250111010
202250111011
202250111012
202250111501
202250111502
202250111503
202250111504
202250111505
202250111506
202250111507
202250111508
202250111509
202250111510
202250111511
202250111512
202250111601
202250111602
202250111603
202250111604
202250111605
202250111606
202250111607
202250111608
202250111609
202250111610
202250111611
202250111612
202250111701
202250111702
202250111703
202250111704
202250111705
202250111706
202250111707
202250111708
202250111709
202250111710
202250111711
202250111712
202250112201
202250112202
202250112203
202250112204
202250112205
202250112206
202250112207
202250112208
202250112209
202250112210
202250112211
202250112212
202250112301
202250112302
202250112303
202250112304
202250112305
202250112306
202250112307
202250112308
202250112309
202250112310
202250112311
202250112312
202250112401
202250112402
202250112403
202250112404
202250112405
202250112406
202250112407
202250112408
202250112409
202250112410
202250112411
202250112412
202250112901
202250112902
202250112903
202250112904
202250112905
202250112906
202250112907
202250112908
202250112909
202250112910
202250112911
202250112912
202250113001
202250113002
202250113003
202250113004
202250113005
202250113006
202250113007
202250113008
202250113009
202250113010
202250113011
202250113012
202250120101
202250120102
202250120103
202250120104
202250120105
202250120106
202250120107
202250120108
202250120109
202250120110
202250120111
202250120112
202250120201
202250120202
202250120203
202250120204
202250120205
202250120206
202250120207
202250120208
202250120209
202250120210
202250120211
202250120212
202250120601
202250120602
202250120604
202250120605
202250120606
202250120607
202250120608
202250120609
202250120610
202250120611
202250120612
202250120701
202250120702
202250120703
202250120704
202250120705
202250120706
202250120707
202250120708
202250120709
202250120710
202250120711
202250120712
202250120801
202250120802
202250120803
202250120804
202250120805
202250120807
202250120808
202250120809
202250120810
202250120811
202250120812
202250121301
202250121302
202250121303
202250121304
202250121305
202250121306
202250121307
202250121308
202250121309
202250121310
202250121311
202250121312
202250121401
202250121402
202250121403
202250121404
202250121405
202250121406
202250121407
202250121408
202250121409
202250121410
202250121411
202250121412
202250121502
202250121503
202250121504
202250121505
202250121506
202250121507
202250121508
202250121509
202250121510
202250121511
202250121512
202250122001
202250122002
202250122003
202250122004
202250122005
202250122006
202250122007
202250122008
202250122009
202250122010
202250122011
202250122012
202250122101
202250122102
202250122103
202250122104
202250122105
202250122106
202250122107
202250122108
202250122109
202250122110
202250122111
202250122112
202250122202
202250122203
202250122204
202250122205
202250122206
202250122207
202250122208
202250122209
202250122210
202250122211
202250122212
202250122901
202250122902
202250122903
202250122904
202250122905
202250122906
202250122907
202250122908
202250122909
202250122910
202250122911
202250122912
202250123001
202250123002
202250123003
202250123004
202250123005
202250123006
202250123007
202250123008
202250123009
202250123010
202250123011
202250123012
202250123101
202250123102
202250123103
202250123104
202250123105
202250123106
202250123107
202250123108
202250123109
202250123110
202250123111
202250123112
202251011202
202251011203
202251011204
202251011205
202251011206
202251011207
202251011208
202251011209
202251011210
202251011211
202251011212
202251011301
202251011302
202251011303
202251011304
202251011305
202251011306
202251011307
202251011308
202251011309
202251011310
202251011311
202251011312
202251011401
202251011402
202251011403
202251011404
202251011405
202251011407
202251011408
202251011409
202251011410
202251011411
202251011412
202251011801
202251011802
202251011803
202251011804
202251011806
202251011807
202251011808
202251011809
202251011810
202251011811
202251011812
202251011901
202251011903
202251011904
202251011905
202251011906
202251011907
202251011908
202251011909
202251011910
202251011911
202251011912
202251012001
202251012002
202251012003
202251012004
202251012005
202251012006
202251012007
202251012008
202251012009
202251012010
202251012011
202251012012
202251012501
202251012502
202251012503
202251012504
202251012505
202251012506
202251012508
202251012509
202251012510
202251012511
202251012512
202251012601
202251012602
202251012603
202251012604
202251012605
202251012606
202251012607
202251012608
202251012609
202251012610
202251012611
202251012612
202251012701
202251012702
202251012703
202251012706
202251012707
202251012708
202251012709
202251012710
202251012711
202251012712
202251020101
202251020102
202251020103
202251020104
202251020105
202251020107
202251020108
202251020109
202251020111
202251020112
202251020201
202251020202
202251020203
202251020204
202251020205
202251020206
202251020207
202251020208
202251020209
202251020210
202251020211
202251020212
202251020301
202251020303
202251020304
202251020305
202251020306
202251020307
202251020308
202251020309
202251020310
202251020311
202251020312
202251020802
202251020804
202251020806
202251020807
202251020808
202251020809
202251020810
202251020811
202251020812
202251020901
202251020902
202251020903
202251020904
202251020905
202251020906
202251020907
202251020908
202251020909
202251020910
202251020911
202251020912
202251021001
202251021002
202251021003
202251021004
202251021005
202251021006
202251021007
202251021008
202251021009
202251021010
202251021011
202251021012
202251021501
202251021502
202251021503
202251021504
202251021505
202251021506
202251021508
202251021509
202251021510
202251021511
202251021512
202251021601
202251021602
202251021603
202251021604
202251021605
202251021606
202251021607
202251021608
202251021609
202251021610
202251021611
202251021612
202251021703
202251021704
202251021705
202251021706
202251021707
202251021708
202251021709
202251021710
202251021711
202251021712
202251022201
202251022202
202251022203
202251022204
202251022205
202251022207
202251022208
202251022209
202251022210
202251022211
202251022212
202251022301
202251022302
202251022303
202251022304
202251022305
202251022306
202251022307
202251022308
202251022309
202251022310
202251022311
202251022401
202251022402
202251022403
202251022404
202251022405
202251022406
202251022407
202251022408
202251022409
202251022410
202251022411
202251022412
202254010101
202254010104
202254010105
202254010107
202254010108
202254010109
202254010110
202254010111
202254010902
202254010903
202254010904
202254010905
202254010906
202254010907
202254010909
202254010910
202254010911
202254011001
202254011003
202254011004
202254011005
202254011006
202254011008
202254011009
202254011010
202254011011
202254011102
202254011103
202254011106
202254011107
202254011108
202254011109
202254011204
202254011205
202254011206
202254011207
202254011208
202254011209
202254011602
202254011603
202254011604
202254011605
202254011606
202254011801
202254011802
202254011804
202254011807
202254011808
202254011809
202254011810
202254011901
202254011902
202254011903
202254011904
202254011905
202254011906
202254011907
202254011908
202254011909
202254012302
202254012303
202254012304
202254012305
202254012306
202254012307
202254012308
202254012309
202254012310
202254012501
202254012502
202254012503
202254012504
202254012505
202254012506
202254012508
202254012509
202254012510
202254012511
202254012512
202254012601
202254012603
202254012604
202254012605
202254012607
202254012608
202254012609
202254013002
202254013003
202254013005
202254013006
202254013007
202254013008
202254013010
202254020102
202254020103
202254020104
202254020105
202254020106
202254020107
202254020109
202254020110
202254020201
202254020202
202254020203
202254020204
202254020207
202254020208
202254020209
202254020602
202254020603
202254020604
202254020605
202254020606
202254020608
202254020609
202254020610
202254020611
202254020801
202254020803
202254020805
202254020807
202254020808
202254020809
202254020810
202254020811
202254020901
202254020903
202254020904
202254020905
202254020907
202254020908
202254020909
202254020910
202254021301
202254021302
202254021303
202254021305
202254021306
202254021307
202254021308
202254021310
202254021501
202254021502
202254021503
202254021504
202254021505
202254021507
202254021508
202254021509
202254021510
202254021601
202254021603
202254021604
202254021605
202254021606
202254021607
202254021608
202254021609
202254021610
202254022001
202254022002
202254022003
202254022004
202254022006
202254022007
202254022008
202254022010
202254022011
202254022201
202254022202
202254022204
202254022205
202254022206
202254022207
202254022209
202254022301
202254022302
202254022303
202254022304
202254022305
202254022306
202254022307
202254022308
202254022309
202254022310
202254022702
202254022703
202254022704
202254022705
202254022706
202254022707
202254022708
202254022709
202254030101
202254030102
202254030103
202254030104
202254030105
202254030106
202254030107
202254030108
202254030109
202254030110
202254030201
202254030202
202254030203
202254030204
202254030205
202254030208
202254030209
202254030210
202254030601
202254030602
202254030605
202254030608
202254030609
202254030610
202254030701
202254030702
202254030703
202254030704
202254030706
202254030707
202254030708
202254030709
202254030710
202254030802
202254030804
202254030805
202254030806
202254030807
202254030808
202254030809
202254030810
202254031301
202254031302
202254031303
202254031304
202254031305
202254031306
202254031307
202254031308
202254031309
202254031501
202254031503
202254031504
202254031505
202254031506
202254031507
202254031508
202254031509
202254031510
202254031601
202254031602
202254031603
202254031604
202254031605
202254031607
202254031608
202254031609
202254031610
202254032005
202254032006
202254032008
202254032009
202254032101
202254032102
202254032103
202254032105
202254032106
202254032107
202254032108
202254032109
202254032301
202254032302
202254032303
202254032304
202254032305
202254032306
202254032308
202254032309
202254032701
202254032702
202254032703
202254032704
202254032705
202254032707
202254032708
202254032709
202254032710
202254032901
202254032902
202254032904
202254032905
202254032906
202254032907
202254032908
202254032910
202254032911
202254033001
202254033002
202254033003
202254033004
202254033005
202254033006
202254033007
202254033008
202254033009
202254033010
202254033011
202254040901
202254040902
202254040903
202254040904
202254040906
202254040907
202254040908
202254040909
202254040910
202254040911
202254041001
202254041002
202254041004
202254041005
202254041007
202254041008
202254041010
202254041011
202254041601
202254041602
202254041603
202254041604
202254041606
202254041607
202254041608
202254041609
202254041610
202254041611
202254041701
202254041702
202254041703
202254041704
202254041705
202254041706
202254041709
202254041710
202254041711
202254042301
202254042302
202254042303
202254042304
202254042305
202254042306
202254042307
202254042308
202254042310
202254042401
202254042402
202254042403
202254042404
202254042405
202254042406
202254042407
202254042410
202254042411
202254043001
202254043003
202254043005
202254043006
202254043007
202254043008
202254043009
202254043010
202254050102
202254050103
202254050104
202254050105
202254050106
202254050107
202254050108
202254050109
202254050110
202254050111
202254050702
202254050703
202254050704
202254050705
202254050706
202254050707
202254050708
202254050710
202254050801
202254050802
202254050803
202254050804
202254050805
202254050806
202254050807
202254050808
202254050810
202254051402
202254051403
202254051404
202254051405
202254051406
202254051407
202254051408
202254051410
202254051411
202254051501
202254051503
202254051504
202254051505
202254051506
202254051507
202254051509
202254051510
202254051511
202254051512
202254052101
202254052102
202254052104
202254052105
202254052106
202254052107
202254052108
202254052109
202254052110
202254052201
202254052202
202254052203
202254052204
202254052205
202254052207
202254052208
202254052209
202254052210
202254052211
202254052901
202254052902
202254052903
202254052904
202254052905
202254052906
202254052908
202254052909
202254052910
202254052911
202254053101
202254053102
202254053103
202254053104
202254053105
202254053106
202254053107
202254053108
202254053109
202254053110
202254053111
202254053112
202254061101
202254061102
202254061103
202254061104
202254061105
202254061106
202254061107
202254061109
202254061110
202254061111
202254061201
202254061202
202254061203
202254061204
202254061206
202254061207
202254061208
202254061209
202254061210
202254061211
202254061212
202254061801
202254061802
202254061803
202254061804
202254061805
202254061806
202254061807
202254061808
202254061809
202254061810
202254061811
202254061812
202254061901
202254061902
202254061903
202254061904
202254061905
202254061906
202254061907
202254061909
202254061910
202254061911
202254062501
202254062502
202254062504
202254062505
202254062506
202254062507
202254062508
202254062509
202254062510
202254062601
202254062602
202254062604
202254062605
202254062606
202254062607
202254062608
202254062609
202254062610
202254062611
202254070201
202254070202
202254070203
202254070205
202254070207
202254070208
202254070209
202254070210
202254070211
202254070212
202254070301
202254070302
202254070303
202254070304
202254070305
202254070306
202254070307
202254070308
202254070309
202254070310
202254070311
202254070312
202254070901
202254070902
202254070903
202254070905
202254070907
202254070908
202254070909
202254070910
202254071001
202254071002
202254071004
202254071005
202254071006
202254071007
202254071009
202254071010
202254071011
202254071701
202254071702
202254071703
202254071704
202254071705
202254071706
202254071707
202254071708
202254071709
202254071710
202254071711
202254071712
202254071802
202254071803
202254071804
202254071805
202254071806
202254071808
202254071809
202254071810
202254071811
202254072301
202254072302
202254072303
202254072304
202254072305
202254072306
202254072307
202254072308
202254072309
202254072310
202254072401
202254072404
202254072405
202254072406
202254072407
202254072408
202254072409
202254072410
202254073001
202254073002
202254073003
202254073004
202254073005
202254073006
202254073007
202254073008
202254073009
202254073010
202254073011
202254073012
202254073101
202254073102
202254073103
202254073104
202254073105
202254073106
202254073107
202254073108
202254073109
202254073110
202254073111
202254073112
202254080601
202254080602
202254080603
202254080604
202254080605
202254080606
202254080607
202254080608
202254080609
202254080610
202254080701
202254080702
202254080703
202254080705
202254080706
202254080707
202254080709
202254080710
202254082001
202254082002
202254082003
202254082004
202254082005
202254082006
202254082007
202254082008
202254082009
202254082010
202254082011
202254082012
202254082101
202254082102
202254082103
202254082104
202254082105
202254082106
202254082107
202254082108
202254082109
202254082110
202254082111
202254082112
202254082702
202254082703
202254082704
202254082705
202254082706
202254082707
202254082708
202254082709
202254082710
202254082801
202254082802
202254082803
202254082804
202254082805
202254082806
202254082807
202254082808
202254082809
202254082810
202254082811
202254090301
202254090302
202254090303
202254090304
202254090305
202254090306
202254090307
202254090308
202254090309
202254090310
202254090311
202254090312
202254090401
202254090402
202254090403
202254090404
202254090405
202254090406
202254090407
202254090408
202254090409
202254090410
202254090411
202254090412
202254091001
202254091003
202254091004
202254091005
202254091006
202254091007
202254091008
202254091009
202254091010
202254091101
202254091102
202254091103
202254091104
202254091105
202254091106
202254091107
202254091108
202254091109
202254091801
202254091802
202254091803
202254091804
202254091805
202254091806
202254091807
202254091808
202254091809
202254091811
202254091812
202254091901
202254091902
202254091903
202254091904
202254091905
202254091906
202254091907
202254091908
202254091909
202254091910
202254091911
202254091912
202254092001
202254092002
202254092003
202254092004
202254092005
202254092006
202254092007
202254092008
202254092009
202254092010
202254092011
202254092012
202254100101
202254100103
202254100104
202254100105
202254100106
202254100107
202254100108
202254100109
202254100110
202254100111
202254100201
202254100202
202254100203
202254100204
202254100205
202254100206
202254100207
202254100208
202254100209
202254100210
202254100211
202254100212
202254100901
202254100902
202254100903
202254100904
202254100905
202254100906
202254100907
202254100908
202254100909
202254100910
202254100911
202254101002
202254101003
202254101004
202254101005
202254101006
202254101007
202254101008
202254101009
202254101010
202254101011
202254101012
202254101501
202254101502
202254101503
202254101504
202254101505
202254101506
202254101508
202254101509
202254101510
202254101511
202254101601
202254101602
202254101603
202254101605
202254101606
202254101607
202254101608
202254101609
202254101610
202254101611
202254101612
202254102201
202254102202
202254102203
202254102204
202254102205
202254102206
202254102208
202254102209
202254102210
202254102211
202254102301
202254102302
202254102303
202254102304
202254102305
202254102306
202254102307
202254102308
202254102309
202254102310
202254102311
202254102901
202254102902
202254102903
202254102904
202254102905
202254102906
202254102907
202254102908
202254102909
202254102910
202254102911
202254103001
202254103002
202254103003
202254103004
202254103005
202254103006
202254103007
202254103008
202254103009
202254103010
202254103011
202254110501
202254110502
202254110503
202254110505
202254110506
202254110507
202254110508
202254110509
202254110510
202254110601
202254110602
202254110603
202254110604
202254110605
202254110606
202254110607
202254110608
202254110609
202254110610
202254110611
202254110612
202254111201
202254111203
202254111205
202254111206
202254111207
202254111208
202254111209
202254111210
202254111211
202254111301
202254111302
202254111303
202254111304
202254111306
202254111307
202254111308
202254111309
202254111310
202254111311
202254111312
202254111901
202254111902
202254111903
202254111904
202254111905
202254111906
202254111907
202254111908
202254111909
202254111910
202254111911
202254112001
202254112002
202254112003
202254112004
202254112005
202254112006
202254112007
202254112008
202254112009
202254112010
202254112011
202254112012
202254112601
202254112602
202254112603
202254112604
202254112605
202254112606
202254112607
202254112608
202254112610
202254112611
202254112612
202254112701
202254112702
202254112703
202254112704
202254112705
202254112707
202254112708
202254112709
202254112710
202254112711
202254112712
202254120301
202254120302
202254120303
202254120305
202254120306
202254120307
202254120308
202254120309
202254120310
202254120311
202254120401
202254120402
202254120403
202254120404
202254120405
202254120406
202254120407
202254120408
202254120409
202254120410
202254120411
202254120412
202254121001
202254121002
202254121003
202254121004
202254121005
202254121006
202254121007
202254121008
202254121009
202254121010
202254121011
202254121012
202254121101
202254121102
202254121103
202254121104
202254121105
202254121106
202254121107
202254121108
202254121109
202254121110
202254121111
202254121112
202254121701
202254121702
202254121703
202254121704
202254121705
202254121706
202254121707
202254121708
202254121709
202254121710
202254121711
202254121801
202254121802
202254121803
202254121804
202254121805
202254121806
202254121807
202254121808
202254121809
202254121810
202254121811
202254122801
202254122802
202254122803
202254122804
202254122805
202254122806
202254122807
202254122808
202254122809
202254122810
202254122811
202254122812
202254122901
202254122902
202254122903
202254122904
202254122905
202254122906
202254122907
202254122908
202254122909
202254122910
202254122911
202254122912
202254123101
202254123102
202254123103
202254123104
202254123105
202254123106
202254123107
202254123108
202254123109
202254123110
202254123111
202255010305
202255010307
202255010308
202255010309
202255010311
202255010312
202255010501
202255010502
202255010506
202255010507
202255010508
202255010509
202255011003
202255011005
202255011007
202255011008
202255011201
202255011204
202255011205
202255011206
202255011210
202255011507
202255011508
202255011509
202255011602
202255011605
202255011607
202255011608
202255012101
202255012102
202255012103
202255012104
202255012105
202255012108
202255012110
202255012206
202255012210
202255012302
202255012306
202255012308
202255012309
202255012310
202255012905
202255012906
202255012909
202255012910
202255012911
202255013001
202255013004
202255013006
202255013010
202255020501
202255020503
202255020505
202255020507
202255020509
202255020510
202255020605
202255020606
202255020607
202255020608
202255020610
202255020611
202255020805
202255020807
202255020808
202255020810
202255020811
202255021202
202255021207
202255021209
202255021210
202255021211
202255021301
202255021304
202255021305
202255021308
202255021311
202255021901
202255021903
202255021905
202255021908
202255021909
202255021910
202255022002
202255022006
202255022008
202255022009
202255022010
202255022301
202255022302
202255022304
202255022306
202255022311
202255022604
202255022608
202255022610
202255022611
202255022703
202255022704
202255022706
202255022708
202255022710
202255030402
202255030403
202255030405
202255030406
202255030408
202255030409
202255030410
202255030411
202255030503
202255030505
202255030510
202255030601
202255030607
202255030609
202255030610
202255031203
202255031211
202255031301
202255031302
202255031303
202255031305
202255031306
202255031308
202255031801
202255031803
202255031807
202255031810
202255031811
202255031902
202255031903
202255031907
202255031909
202255031910
202255031911
202255032003
202255032006
202255032007
202255032009
202255032010
202255032601
202255032604
202255032605
202255032607
202255032612
202255032702
202255032704
202255032705
202255032706
202255032710
202255040201
202255040202
202255040204
202255040206
202255040207
202255040208
202255040209
202255040302
202255040304
202255040305
202255040310
202255040402
202255040403
202255040404
202255040407
202255040408
202255040411
202255040412
202255040902
202255040904
202255040905
202255040907
202255040909
202255040910
202255040911
202255041003
202255041005
202255041006
202255041007
202255041008
202255041504
202255041507
202255041510
202255041511
202255041602
202255041604
202255041605
202255041606
202255041607
202255041608
202255041609
202255041611
202255041702
202255041705
202255041706
202255041707
202255041708
202255042301
202255042303
202255042304
202255042305
202255042306
202255042310
202255042311
202255042404
202255042406
202255042407
202255042409
202255042410
202255042901
202255042906
202255042907
202255042909
202255042910
202255043001
202255043003
202255043004
202255043006
202255043007
202255043010
202255043011
202255050102
202255050106
202255050109
202255050110
202255050705
202255050706
202255050707
202255050708
202255050709
202255050710
202255050801
202255050806
202255050807
202255050811
202255051403
202255051406
202255051407
202255051408
202255051409
202255051410
202255051501
202255051503
202255051504
202255051506
202255051507
202255051508
202255051509
202255051510
202255052004
202255052005
202255052006
202255052007
202255052010
202255052102
202255052105
202255052107
202255052109
202255052110
202255052111
202255052204
202255052205
202255052206
202255052207
202255052209
202255052801
202255052803
202255052805
202255052807
202255052808
202255052809
202255052810
202255052901
202255052904
202255052905
202255052907
202255052908
202255052909
202255052911
202255060303
202255060304
202255060306
202255060307
202255060308
202255060401
202255060404
202255060405
202255060406
202255060410
202255060411
202255060503
202255060505
202255060506
202255060507
202255060509
202255060511
202255061103
202255061105
202255061107
202255061108
202255061111
202255061201
202255061202
202255061203
202255061205
202255061207
202255061208
202255061209
202255061210
202255061701
202255061703
202255061704
202255061705
202255061706
202255061707
202255061708
202255061711
202255061801
202255061802
202255061804
202255061807
202255061808
202255061809
202255061810
202255061903
202255061904
202255061906
202255061908
202255061909
202255061910
202255062501
202255062502
202255062506
202255062507
202255062511
202255062602
202255062603
202255062604
202255062606
202255062607
202255062609
202255062610
202255062611
202255070301
202255070302
202255070305
202255070308
202255070309
202255070310
202255070311
202255070503
202255070505
202255070506
202255070507
202255070508
202255070511
202255071004
202255071005
202255071006
202255071007
202255071010
202255071501
202255071502
202255071505
202255071508
202255071509
202255071601
202255071604
202255071605
202255071606
202255071607
202255071608
202255071609
202255071610
202255071611
202255071701
202255071702
202255071704
202255071706
202255071707
202255071708
202255071710
202255072301
202255072303
202255072305
202255072306
202255072307
202255072308
202255072309
202255072311
202255072403
202255072404
202255072408
202255072409
202255072410
202255072411
202255073001
202255073004
202255073005
202255073006
202255073007
202255073011
202255073104
202255073105
202255073106
202255073107
202255073108
202255073111
202255080401
202255080402
202255080403
202255080405
202255080406
202255080407
202255080408
202255080409
202255080410
202255080411
202255080601
202255080609
202255080610
202255080611
202255080702
202255080703
202255080704
202255080709
202255080710
202255081303
202255081304
202255081305
202255081306
202255081309
202255082001
202255082002
202255082003
202255082004
202255082005
202255082006
202255082007
202255082008
202255082010
202255082011
202255082101
202255082102
202255082104
202255082107
202255082109
202255082110
202255082501
202255082503
202255082505
202255082506
202255082507
202255082508
202255082509
202255082510
202255082511
202255082703
202255082705
202255082706
202255082710
202255090204
202255090207
202255090209
202255090211
202255090302
202255090303
202255090304
202255090306
202255090307
202255090309
202255090310
202255090311
202255090403
202255090404
202255090405
202255090406
202255090407
202255090410
202255090411
202255091003
202255091006
202255091007
202255091008
202255091011
202255091101
202255091103
202255091104
202255091106
202255091107
202255091109
202255091110
202255091701
202255091702
202255091703
202255091706
202255091708
202255091709
202255091710
202255091711
202255091802
202255091804
202255091806
202255091807
202255091810
202255091811
202255091901
202255091902
202255091905
202255091906
202255091907
202255091909
202255091911
202255092002
202255092004
202255092006
202255092007
202255092010
202255092011
202255092101
202255092102
202255092105
202255092106
202255092107
202255092109
202255092111
202255092401
202255092405
202255092406
202255092407
202255092408
202255092409
202255092410
202255092411
202255092502
202255092504
202255092505
202255092506
202255092507
202255092511
202255100201
202255100202
202255100203
202255100204
202255100205
202255100206
202255100208
202255100209
202255100210
202255100801
202255100802
202255100803
202255100804
202255100806
202255100807
202255100808
202255100811
202255100903
202255100904
202255100905
202255100907
202255100908
202255100910
202255100911
202255101501
202255101502
202255101504
202255101505
202255101508
202255101509
202255101510
202255101511
202255101602
202255101605
202255101607
202255101608
202255101609
202255101611
202255102301
202255102302
202255102304
202255102305
202255102306
202255102307
202255102309
202255102310
202255102311
202255102401
202255102402
202255102403
202255102405
202255102406
202255102409
202255102410
202255102411
202255102802
202255102803
202255102804
202255102805
202255102806
202255102807
202255102808
202255102809
202255102810
202255102811
202255102812
202255102903
202255102904
202255102905
202255102908
202255102909
202255102910
202255102911
202255103001
202255103004
202255103005
202255103006
202255103007
202255103008
202255103009
202255103011
202255110501
202255110504
202255110505
202255110507
202255110508
202255110509
202255110510
202255110511
202255110601
202255110604
202255110605
202255110606
202255110607
202255110608
202255110609
202255110611
202255111201
202255111202
202255111203
202255111204
202255111208
202255111209
202255111210
202255111211
202255111301
202255111302
202255111303
202255111304
202255111305
202255111306
202255111307
202255111308
202255111309
202255111310
202255111311
202255112002
202255112003
202255112004
202255112005
202255112008
202255112009
202255112010
202255112011
202255112501
202255112502
202255112503
202255112504
202255112505
202255112507
202255112509
202255112510
202255112511
202255112601
202255112602
202255112604
202255112605
202255112606
202255112607
202255112608
202255112609
202255112610
202255112611
202255120201
202255120202
202255120203
202255120205
202255120206
202255120207
202255120208
202255120209
202255120210
202255120211
202255120302
202255120303
202255120304
202255120305
202255120306
202255120308
202255120309
202255120310
202255120311
202255120401
202255120403
202255120404
202255120405
202255120406
202255120408
202255120409
202255120410
202255121001
202255121002
202255121003
202255121005
202255121006
202255121007
202255121008
202255121009
202255121011
202255121012
202255121701
202255121702
202255121704
202255121705
202255121706
202255121707
202255121708
202255121709
202255121710
202255121711
202255121712
202255121801
202255121803
202255121804
202255121806
202255121807
202255121808
202255121809
202255121810
202255122402
202255122403
202255122405
202255122409
202255122410
202255122411
202255122501
202255122503
202255122504
202255122505
202255122506
202255122507
202255122508
202255122509
202255122510
202255122511
202301010101
202301010102
202301010103
202301010104
202301010105
202301010106
202301010107
202301010108
202301010109
202301010110
202301010111
202301010112
202301010201
202301010202
202301010203
202301010204
202301010205
202301010206
202301010207
202301010208
202301010209
202301010210
202301010211
202301010212
202301010301
202301010302
202301010303
202301010304
202301010305
202301010306
202301010307
202301010308
202301010309
202301010310
202301010311
202301010312
202301010401
202301010402
202301010403
202301010404
202301010405
202301010406
202301010407
202301010408
202301010409
202301010410
202301010411
202301010412
202301010501
202301010502
202301010503
202301010504
202301010505
202301010506
202301010507
202301010508
202301010509
202301010510
202301010511
202301010512
202301010601
202301010602
202301010603
202301010604
202301010605
202301010606
202301010607
202301010608
202301010609
202301010610
202301010611
202301010612
202301020101
202301020102
202301020103
202301020104
202301020105
202301020106
202301020107
202301020108
202301020109
202301020110
202301020111
202301020112
202301020201
202301020202
202301020203
202301020204
202301020205
202301020206
202301020207
202301020208
202301020209
202301020210
202301020211
202301020212
202301020301
202301020302
202301020303
202301020304
202301020305
202301020306
202301020307
202301020308
202301020309
202301020310
202301020311
202301020312
202301020401
202301020402
202301020403
202301020404
202301020405
202301020406
202301020407
202301020408
202301020409
202301020410
202301020411
202301020412
202301020501
202301020502
202301020503
202301020504
202301020505
202301020506
202301020507
202301020508
202301020509
202301020510
202301020511
202301020512
202301020601
202301020602
202301020603
202301020604
202301020605
202301020606
202301020607
202301020608
202301020609
202301020610
202301020611
202301020612
202301020701
202301020702
202301020703
202301020704
202301020705
202301020706
202301020707
202301020708
202301020709
202301020710
202301020711
202301020712
202301020801
202301020802
202301020803
202301020804
202301020805
202301020806
202301020807
202301020808
202301020809
202301020810
202301020811
202301020812
202302010101
202302010102
202302010103
202302010104
202302010105
202302010106
202302010107
202302010108
202302010109
202302010110
202302010111
202302010112
202302010201
202302010202
202302010203
202302010204
202302010205
202302010206
202302010207
202302010208
202302010209
202302010210
202302010211
202302010212
202302010301
202302010302
202302010303
202302010304
202302010305
202302010306
202302010307
202302010308
202302010309
202302010310
202302010311
202302010312
202302010401
202302010402
202302010403
202302010404
202302010405
202302010406
202302010407
202302010408
202302010409
202302010410
202302010411
202302010412
202302010501
202302010502
202302010503
202302010504
202302010505
202302010506
202302010507
202302010508
202302010509
202302010510
202302010511
202302010512
202302010601
202302010602
202302010603
202302010604
202302010605
202302010606
202302010607
202302010608
202302010609
202302010610
202302010611
202302010612
202302020101
202302020102
202302020103
202302020104
202302020105
202302020106
202302020107
202302020108
202302020109
202302020110
202302020111
202302020112
202302020201
202302020202
202302020203
202302020204
202302020205
202302020206
202302020207
202302020208
202302020209
202302020210
202302020211
202302020212
202302020301
202302020302
202302020303
202302020304
202302020305
202302020306
202302020307
202302020308
202302020309
202302020310
202302020311
202302020312
202302020401
202302020402
202302020403
202302020404
202302020405
202302020406
202302020407
202302020408
202302020409
202302020410
202302020411
202302020412
202302020501
202302020502
202302020503
202302020504
202302020505
202302020506
202302020507
202302020508
202302020509
202302020510
202302020511
202302020512
202302020601
202302020602
202302020603
202302020604
202302020605
202302020606
202302020607
202302020608
202302020609
202302020610
202302020611
202302020612
202303010101
202303010102
202303010103
202303010104
202303010105
202303010106
202303010107
202303010108
202303010109
202303010110
202303010111
202303010112
202303010201
202303010202
202303010203
202303010204
202303010205
202303010206
202303010207
202303010208
202303010209
202303010210
202303010211
202303010212
202303010301
202303010302
202303010303
202303010304
202303010305
202303010306
202303010307
202303010308
202303010309
202303010310
202303010311
202303010312
202303010401
202303010402
202303010403
202303010404
202303010405
202303010406
202303010407
202303010408
202303010409
202303010410
202303010411
202303010412
202303010501
202303010502
202303010503
202303010504
202303010505
202303010506
202303010507
202303010508
202303010509
202303010510
202303010511
202303010512
202303010601
202303010602
202303010603
202303010604
202303010605
202303010606
202303010607
202303010608
202303010609
202303010610
202303010611
202303010612
202303020101
202303020102
202303020103
202303020104
202303020105
202303020106
202303020107
202303020108
202303020109
202303020110
202303020111
202303020112
202303020201
202303020202
202303020203
202303020204
202303020205
202303020206
202303020207
202303020208
202303020209
202303020210
202303020211
202303020212
202303020301
202303020302
202303020303
202303020304
202303020305
202303020306
202303020307
202303020308
202303020309
202303020310
202303020311
202303020312
202303020401
202303020402
202303020403
202303020404
202303020405
202303020406
202303020407
202303020408
202303020409
202303020410
202303020411
202303020412
202303020501
202303020502
202303020503
202303020504
202303020505
202303020506
202303020507
202303020508
202303020509
202303020510
202303020511
202303020512
202303020601
202303020602
202303020603
202303020604
202303020605
202303020606
202303020607
202303020608
202303020609
202303020610
202303020611
202303020612
202303020701
202303020702
202303020703
202303020704
202303020705
202303020706
202303020707
202303020708
202303020709
202303020710
202303020711
202303020712
202303020801
202303020802
202303020803
202303020804
202303020805
202303020806
202303020807
202303020808
202303020809
202303020810
202303020811
202303020812
202303030101
202303030102
202303030103
202303030104
202303030105
202303030106
202303030107
202303030108
202303030109
202303030110
202303030111
202303030112
202303030201
202303030202
202303030203
202303030204
202303030205
202303030206
202303030207
202303030208
202303030209
202303030210
202303030211
202303030212
202303030301
202303030302
202303030303
202303030304
202303030305
202303030306
202303030307
202303030308
202303030309
202303030310
202303030311
202303030312
202303030401
202303030402
202303030403
202303030404
202303030405
202303030406
202303030407
202303030408
202303030409
202303030410
202303030411
202303030412
202303030501
202303030502
202303030503
202303030504
202303030505
202303030506
202303030507
202303030508
202303030509
202303030510
202303030511
202303030512
202303030601
202303030602
202303030603
202303030604
202303030605
202303030606
202303030607
202303030608
202303030609
202303030610
202303030611
202303030612
202304010101
202304010102
202304010103
202304010104
202304010105
202304010106
202304010107
202304010108
202304010109
202304010110
202304010111
202304010112
202304010201
202304010202
202304010203
202304010204
202304010205
202304010206
202304010207
202304010208
202304010209
202304010210
202304010211
202304010212
202304010301
202304010302
202304010303
202304010304
202304010305
202304010306
202304010307
202304010308
202304010309
202304010310
202304010311
202304010312
202304010401
202304010402
202304010403
202304010404
202304010405
202304010406
202304010407
202304010408
202304010409
202304010410
202304010411
202304010412
202304010501
202304010502
202304010503
202304010504
202304010505
202304010506
202304010507
202304010508
202304010509
202304010510
202304010511
202304010512
202304010601
202304010602
202304010603
202304010604
202304010605
202304010606
202304010607
202304010608
202304010609
202304010610
202304010611
202304010612
202304010701
202304010702
202304010703
202304010704
202304010705
202304010706
202304010707
202304010708
202304010709
202304010710
202304010711
202304010712
202304010801
202304010802
202304010803
202304010804
202304010805
202304010806
202304010807
202304010808
202304010809
202304010810
202304010811
202304010812
202304020101
202304020102
202304020103
202304020104
202304020105
202304020106
202304020107
202304020108
202304020109
202304020110
202304020111
202304020112
202304020201
202304020202
202304020203
202304020204
202304020205
202304020206
202304020207
202304020208
202304020209
202304020210
202304020211
202304020212
202304020301
202304020302
202304020303
202304020304
202304020305
202304020306
202304020307
202304020308
202304020309
202304020310
202304020311
202304020312
202304020401
202304020402
202304020403
202304020404
202304020405
202304020406
202304020407
202304020408
202304020409
202304020410
202304020411
202304020412
202304030101
202304030102
202304030103
202304030104
202304030105
202304030106
202304030107
202304030108
202304030109
202304030110
202304030111
202304030112
202304030201
202304030202
202304030203
202304030204
202304030205
202304030206
202304030207
202304030208
202304030209
202304030210
202304030211
202304030212
202304030301
202304030302
202304030303
202304030304
202304030305
202304030306
202304030307
202304030308
202304030309
202304030310
202304030311
202304030312
202304030401
202304030402
202304030403
202304030404
202304030405
202304030406
202304030407
202304030408
202304030409
202304030410
202304030411
202304030412
202304030501
202304030502
202304030503
202304030504
202304030505
202304030506
202304030507
202304030508
202304030509
202304030510
202304030511
202304030512
202304030601
202304030602
202304030603
202304030604
202304030605
202304030606
202304030607
202304030608
202304030609
202304030610
202304030611
202304030612
202304030701
202304030702
202304030703
202304030704
202304030705
202304030706
202304030707
202304030708
202304030709
202304030710
202304030711
202304030712
202304030801
202304030802
202304030803
202304030804
202304030805
202304030806
202304030807
202304030808
202304030809
202304030810
202304030811
202304030812
202304040101
202304040102
202304040103
202304040104
202304040105
202304040106
202304040107
202304040108
202304040109
202304040110
202304040111
202304040112
202304040201
202304040202
202304040203
202304040204
202304040205
202304040206
202304040207
202304040208
202304040209
202304040210
202304040211
202304040212
202304040301
202304040302
202304040303
202304040304
202304040305
202304040306
202304040307
202304040308
202304040309
202304040310
202304040311
202304040312
202304040401
202304040402
202304040403
202304040404
202304040405
202304040406
202304040407
202304040408
202304040409
202304040410
202304040411
202304040412
202304040501
202304040502
202304040503
202304040504
202304040505
202304040506
202304040507
202304040508
202304040509
202304040510
202304040511
202304040512
202304040601
202304040602
202304040603
202304040604
202304040605
202304040606
202304040607
202304040608
202304040609
202304040610
202304040611
202304040612
202305010101
202305010102
202305010103
202305010104
202305010105
202305010106
202305010107
202305010108
202305010109
202305010110
202305010111
202305010112
202305010201
202305010202
202305010203
202305010204
202305010205
202305010206
202305010207
202305010208
202305010209
202305010210
202305010211
202305010212
202305010301
202305010302
202305010303
202305010304
202305010305
202305010306
202305010307
202305010308
202305010309
202305010310
202305010311
202305010312
202305010401
202305010402
202305010403
202305010404
202305010405
202305010406
202305010407
202305010408
202305010409
202305010410
202305010411
202305010412
202305010501
202305010502
202305010503
202305010504
202305010505
202305010506
202305010507
202305010508
202305010509
202305010510
202305010511
202305010512
202305010601
202305010602
202305010603
202305010604
202305010605
202305010606
202305010607
202305010608
202305010609
202305010610
202305010611
202305010612
202305010701
202305010702
202305010703
202305010704
202305010705
202305010706
202305010707
202305010708
202305010709
202305010710
202305010711
202305010712
202305010801
202305010802
202305010803
202305010804
202305010805
202305010806
202305010807
202305010808
202305010809
202305010810
202305010811
202305010812
202305020101
202305020102
202305020103
202305020104
202305020105
202305020106
202305020107
202305020108
202305020109
202305020110
202305020111
202305020112
202305020201
202305020202
202305020203
202305020204
202305020205
202305020206
202305020207
202305020208
202305020209
202305020210
202305020211
202305020212
202305020301
202305020302
202305020303
202305020304
202305020305
202305020306
202305020307
202305020308
202305020309
202305020310
202305020311
202305020312
202305020401
202305020402
202305020403
202305020404
202305020405
202305020406
202305020407
202305020408
202305020409
202305020410
202305020411
202305020412
202305020501
202305020502
202305020503
202305020504
202305020505
202305020506
202305020507
202305020508
202305020509
202305020510
202305020511
202305020512
202305020601
202305020602
202305020603
202305020604
202305020605
202305020606
202305020607
202305020608
202305020609
202305020610
202305020611
202305020612
202305020701
202305020702
202305020703
202305020704
202305020705
202305020706
202305020707
202305020708
202305020709
202305020710
202305020711
202305020712
202305020801
202305020802
202305020803
202305020804
202305020805
202305020806
202305020807
202305020808
202305020809
202305020810
202305020811
202305020812
202305020901
202305020902
202305020903
202305020904
202305020905
202305020906
202305020907
202305020908
202305020909
202305020910
202305020911
202305020912
202305021001
202305021002
202305021003
202305021004
202305021005
202305021006
202305021007
202305021008
202305021009
202305021010
202305021011
202305021012
202305021101
202305021102
202305021103
202305021104
202305021105
202305021106
202305021107
202305021108
202305021109
202305021110
202305021111
202305021112
202305021201
202305021202
202305021203
202305021204
202305021205
202305021206
202305021207
202305021208
202305021209
202305021210
202305021211
202305021212
202305030101
202305030102
202305030103
202305030104
202305030105
202305030106
202305030107
202305030108
202305030109
202305030110
202305030111
202305030112
202305030201
202305030202
202305030203
202305030204
202305030205
202305030206
202305030207
202305030208
202305030209
202305030210
202305030211
202305030212
202305030301
202305030302
202305030303
202305030304
202305030305
202305030306
202305030307
202305030308
202305030309
202305030310
202305030311
202305030312
202305030401
202305030402
202305030403
202305030404
202305030405
202305030406
202305030407
202305030408
202305030409
202305030410
202305030411
202305030412
202305030501
202305030502
202305030503
202305030504
202305030505
202305030506
202305030507
202305030508
202305030509
202305030510
202305030511
202305030512
202305030601
202305030602
202305030603
202305030604
202305030605
202305030606
202305030607
202305030608
202305030609
202305030610
202305030611
202305030612
202305030701
202305030702
202305030703
202305030704
202305030705
202305030706
202305030707
202305030708
202305030709
202305030710
202305030711
202305030712
202305030801
202305030802
202305030803
202305030804
202305030805
202305030806
202305030807
202305030808
202305030809
202305030810
202305030811
202305030812
202305040101
202305040102
202305040103
202305040104
202305040105
202305040106
202305040107
202305040108
202305040109
202305040110
202305040111
202305040112
202305040201
202305040202
202305040203
202305040204
202305040205
202305040206
202305040207
202305040208
202305040209
202305040210
202305040211
202305040212
202305040301
202305040302
202305040303
202305040304
202305040305
202305040306
202305040307
202305040308
202305040309
202305040310
202305040311
202305040312
202305040401
202305040402
202305040403
202305040404
202305040405
202305040406
202305040407
202305040408
202305040409
202305040410
202305040411
202305040412
202305040501
202305040502
202305040503
202305040504
202305040505
202305040506
202305040507
202305040508
202305040509
202305040510
202305040511
202305040512
202305040601
202305040602
202305040603
202305040604
202305040605
202305040606
202305040607
202305040608
202305040609
202305040610
202305040611
202305040612
202305040701
202305040702
202305040703
202305040704
202305040705
202305040706
202305040707
202305040708
202305040709
202305040710
202305040711
202305040712
202305040801
202305040802
202305040803
202305040804
202305040805
202305040806
202305040807
202305040808
202305040809
202305040810
202305040811
202305040812
202305040901
202305040902
202305040903
202305040904
202305040905
202305040906
202305040907
202305040908
202305040909
202305040910
202305040911
202305040912
202305050101
202305050102
202305050103
202305050104
202305050105
202305050106
202305050107
202305050108
202305050109
202305050110
202305050111
202305050112
202305050201
202305050202
202305050203
202305050204
202305050205
202305050206
202305050207
202305050208
202305050209
202305050210
202305050211
202305050212
202305050301
202305050302
202305050303
202305050304
202305050305
202305050306
202305050307
202305050308
202305050309
202305050310
202305050311
202305050312
202305050401
202305050402
202305050403
202305050404
202305050405
202305050406
202305050407
202305050408
202305050409
202305050410
202305050411
202305050412
202305050501
202305050502
202305050503
202305050504
202305050505
202305050506
202305050507
202305050508
202305050509
202305050510
202305050511
202305050512
202305050601
202305050602
202305050603
202305050604
202305050605
202305050606
202305050607
202305050608
202305050609
202305050610
202305050611
202305050612
202305050701
202305050702
202305050703
202305050704
202305050705
202305050706
202305050707
202305050708
202305050709
202305050710
202305050711
202305050712
202305050801
202305050802
202305050803
202305050804
202305050805
202305050806
202305050807
202305050808
202305050809
202305050810
202305050811
202305050812
202306010101
202306010102
202306010103
202306010104
202306010105
202306010106
202306010107
202306010108
202306010109
202306010110
202306010111
202306010112
202306010201
202306010202
202306010203
202306010204
202306010205
202306010206
202306010207
202306010208
202306010209
202306010210
202306010211
202306010212
202306010301
202306010302
202306010303
202306010304
202306010305
202306010306
202306010307
202306010308
202306010309
202306010310
202306010311
202306010312
202306010401
202306010402
202306010403
202306010404
202306010405
202306010406
202306010407
202306010408
202306010409
202306010410
202306010411
202306010412
202306010501
202306010502
202306010503
202306010504
202306010505
202306010506
202306010507
202306010508
202306010509
202306010510
202306010511
202306010512
202306010601
202306010602
202306010603
202306010604
202306010605
202306010606
202306010607
202306010608
202306010609
202306010610
202306010611
202306010612
202306010701
202306010702
202306010703
202306010704
202306010705
202306010706
202306010707
202306010708
202306010709
202306010710
202306010711
202306010712
202306010801
202306010802
202306010803
202306010804
202306010805
202306010806
202306010807
202306010808
202306010809
202306010810
202306010811
202306010812
202306020101
202306020102
202306020103
202306020104
202306020105
202306020106
202306020107
202306020108
202306020109
202306020110
202306020111
202306020112
202306020201
202306020202
202306020203
202306020204
202306020205
202306020206
202306020207
202306020208
202306020209
202306020210
202306020211
202306020212
202306020301
202306020302
202306020303
202306020304
202306020305
202306020306
202306020307
202306020308
202306020309
202306020310
202306020311
202306020312
202306020401
202306020402
202306020403
202306020404
202306020405
202306020406
202306020407
202306020408
202306020409
202306020410
202306020411
202306020412
202306020501
202306020502
202306020503
202306020504
202306020505
202306020506
202306020507
202306020508
202306020509
202306020510
202306020511
202306020512
202306020601
202306020602
202306020603
202306020604
202306020605
202306020606
202306020607
202306020608
202306020609
202306020610
202306020611
202306020612
202306020701
202306020702
202306020703
202306020704
202306020705
202306020706
202306020707
202306020708
202306020709
202306020710
202306020711
202306020712
202306020801
202306020802
202306020803
202306020804
202306020805
202306020806
202306020807
202306020808
202306020809
202306020810
202306020811
202306020812
202306030101
202306030102
202306030103
202306030104
202306030105
202306030106
202306030107
202306030108
202306030109
202306030110
202306030111
202306030112
202306030201
202306030202
202306030203
202306030204
202306030205
202306030206
202306030207
202306030208
202306030209
202306030210
202306030211
202306030212
202306030301
202306030302
202306030303
202306030304
202306030305
202306030306
202306030307
202306030308
202306030309
202306030310
202306030311
202306030312
202306030401
202306030402
202306030403
202306030404
202306030405
202306030406
202306030407
202306030408
202306030409
202306030410
202306030411
202306030412
202306030501
202306030502
202306030503
202306030504
202306030505
202306030506
202306030507
202306030508
202306030509
202306030510
202306030511
202306030512
202306030601
202306030602
202306030603
202306030604
202306030605
202306030606
202306030607
202306030608
202306030609
202306030610
202306030611
202306030612
202306030701
202306030702
202306030703
202306030704
202306030705
202306030706
202306030707
202306030708
202306030709
202306030710
202306030711
202306030712
202306030801
202306030802
202306030803
202306030804
202306030805
202306030806
202306030807
202306030808
202306030809
202306030810
202306030811
202306030812
202306040101
202306040102
202306040103
202306040104
202306040105
202306040106
202306040107
202306040108
202306040109
202306040110
202306040111
202306040112
202306040201
202306040202
202306040203
202306040204
202306040205
202306040206
202306040207
202306040208
202306040209
202306040210
202306040211
202306040212
202306040301
202306040302
202306040303
202306040304
202306040305
202306040306
202306040307
202306040308
202306040309
202306040310
202306040311
202306040312
202306040401
202306040402
202306040403
202306040404
202306040405
202306040406
202306040407
202306040408
202306040409
202306040410
202306040411
202306040412
202306040501
202306040502
202306040503
202306040504
202306040505
202306040506
202306040507
202306040508
202306040509
202306040510
202306040511
202306040512
202306040601
202306040602
202306040603
202306040604
202306040605
202306040606
202306040607
202306040608
202306040609
202306040610
202306040611
202306040612
202306040701
202306040702
202306040703
202306040704
202306040705
202306040706
202306040707
202306040708
202306040709
202306040710
202306040711
202306040712
202306040801
202306040802
202306040803
202306040804
202306040805
202306040806
202306040807
202306040808
202306040809
202306040810
202306040811
202306040812
202306040901
202306040902
202306040903
202306040904
202306040905
202306040906
202306040907
202306040908
202306040909
202306040910
202306040911
202306040912
202306050101
202306050102
202306050103
202306050104
202306050105
202306050106
202306050107
202306050108
202306050109
202306050110
202306050111
202306050112
202306050201
202306050202
202306050203
202306050204
202306050205
202306050206
202306050207
202306050208
202306050209
202306050210
202306050211
202306050212
202306050301
202306050302
202306050303
202306050304
202306050305
202306050306
202306050307
202306050308
202306050309
202306050310
202306050311
202306050312
202306050401
202306050402
202306050403
202306050404
202306050405
202306050406
202306050407
202306050408
202306050409
202306050410
202306050411
202306050412
202306050501
202306050502
202306050503
202306050504
202306050505
202306050506
202306050507
202306050508
202306050509
202306050510
202306050511
202306050512
202306050601
202306050602
202306050603
202306050604
202306050605
202306050606
202306050607
202306050608
202306050609
202306050610
202306050611
202306050612
202306050701
202306050702
202306050703
202306050704
202306050705
202306050706
202306050707
202306050708
202306050709
202306050710
202306050711
202306050712
202306050801
202306050802
202306050803
202306050804
202306050805
202306050806
202306050807
202306050808
202306050809
202306050810
202306050811
202306050812
202306050901
202306050902
202306050903
202306050904
202306050905
202306050906
202306050907
202306050908
202306050909
202306050910
202306050911
202306050912
202307010101
202307010102
202307010103
202307010104
202307010105
202307010106
202307010107
202307010108
202307010109
202307010110
202307010111
202307010112
202307010201
202307010202
202307010203
202307010204
202307010205
202307010206
202307010207
202307010208
202307010209
202307010210
202307010211
202307010212
202307010301
202307010302
202307010303
202307010304
202307010305
202307010306
202307010307
202307010308
202307010309
202307010310
202307010311
202307010312
202307010401
202307010402
202307010403
202307010404
202307010405
202307010406
202307010407
202307010408
202307010409
202307010410
202307010411
202307010412
202307010501
202307010502
202307010503
202307010504
202307010505
202307010506
202307010507
202307010508
202307010509
202307010510
202307010511
202307010512
202307010601
202307010602
202307010603
202307010604
202307010605
202307010606
202307010607
202307010608
202307010609
202307010610
202307010611
202307010612
202307010701
202307010702
202307010703
202307010704
202307010705
202307010706
202307010707
202307010708
202307010709
202307010710
202307010711
202307010712
202307010801
202307010802
202307010803
202307010804
202307010805
202307010806
202307010807
202307010808
202307010809
202307010810
202307010811
202307010812
202307010901
202307010902
202307010903
202307010904
202307010905
202307010906
202307010907
202307010908
202307010909
202307010910
202307010911
202307010912
202307011001
202307011002
202307011003
202307011004
202307011005
202307011006
202307011007
202307011008
202307011009
202307011010
202307011011
202307011012
202307011101
202307011102
202307011103
202307011104
202307011105
202307011106
202307011107
202307011108
202307011109
202307011110
202307011111
202307011112
202307011201
202307011202
202307011203
202307011204
202307011205
202307011206
202307011207
202307011208
202307011209
202307011210
202307011211
202307011212
202307020101
202307020102
202307020103
202307020104
202307020105
202307020106
202307020107
202307020108
202307020109
202307020110
202307020111
202307020112
202307020201
202307020202
202307020203
202307020204
202307020205
202307020206
202307020207
202307020208
202307020209
202307020210
202307020211
202307020212
202307020301
202307020302
202307020303
202307020304
202307020305
202307020306
202307020307
202307020308
202307020309
202307020310
202307020311
202307020312
202307020401
202307020402
202307020403
202307020404
202307020405
202307020406
202307020407
202307020408
202307020409
202307020410
202307020411
202307020412
202307020501
202307020502
202307020503
202307020504
202307020505
202307020506
202307020507
202307020508
202307020509
202307020510
202307020511
202307020512
202307020601
202307020602
202307020603
202307020604
202307020605
202307020606
202307020607
202307020608
202307020609
202307020610
202307020611
202307020612
202307030101
202307030102
202307030103
202307030104
202307030105
202307030106
202307030107
202307030108
202307030109
202307030110
202307030111
202307030112
202307030201
202307030202
202307030203
202307030204
202307030205
202307030206
202307030207
202307030208
202307030209
202307030210
202307030211
202307030212
202307030301
202307030302
202307030303
202307030304
202307030305
202307030306
202307030307
202307030308
202307030309
202307030310
202307030311
202307030312
202307030401
202307030402
202307030403
202307030404
202307030405
202307030406
202307030407
202307030408
202307030409
202307030410
202307030411
202307030412
202307030501
202307030502
202307030503
202307030504
202307030505
202307030506
202307030507
202307030508
202307030509
202307030510
202307030511
202307030512
202307030601
202307030602
202307030603
202307030604
202307030605
202307030606
202307030607
202307030608
202307030609
202307030610
202307030611
202307030612
202307030701
202307030702
202307030703
202307030704
202307030705
202307030706
202307030707
202307030708
202307030709
202307030710
202307030711
202307030712
202307030801
202307030802
202307030803
202307030804
202307030805
202307030806
202307030807
202307030808
202307030809
202307030810
202307030811
202307030812
202307040101
202307040102
202307040103
202307040104
202307040105
202307040106
202307040107
202307040108
202307040109
202307040110
202307040111
202307040112
202307040201
202307040202
202307040203
202307040204
202307040205
202307040206
202307040207
202307040208
202307040209
202307040210
202307040211
202307040212
202307040301
202307040302
202307040303
202307040304
202307040305
202307040306
202307040307
202307040308
202307040309
202307040310
202307040311
202307040312
202307040401
202307040402
202307040403
202307040404
202307040405
202307040406
202307040407
202307040408
202307040409
202307040410
202307040411
202307040412
202307040501
202307040502
202307040503
202307040504
202307040505
202307040506
202307040507
202307040508
202307040509
202307040510
202307040511
202307040512
202307040601
202307040602
202307040603
202307040604
202307040605
202307040606
202307040607
202307040608
202307040609
202307040610
202307040611
202307040612
202308010101
202308010102
202308010103
202308010104
202308010105
202308010106
202308010107
202308010108
202308010109
202308010110
202308010111
202308010112
202308010201
202308010202
202308010203
202308010204
202308010205
202308010206
202308010207
202308010208
202308010209
202308010210
202308010211
202308010212
202308010301
202308010302
202308010303
202308010304
202308010305
202308010306
202308010307
202308010308
202308010309
202308010310
202308010311
202308010312
202308010401
202308010402
202308010403
202308010404
202308010405
202308010406
202308010407
202308010408
202308010409
202308010410
202308010411
202308010412
202308010501
202308010502
202308010503
202308010504
202308010505
202308010506
202308010507
202308010508
202308010509
202308010510
202308010511
202308010512
202308010601
202308010602
202308010603
202308010604
202308010605
202308010606
202308010607
202308010608
202308010609
202308010610
202308010611
202308010612
202308010701
202308010702
202308010703
202308010704
202308010705
202308010706
202308010707
202308010708
202308010709
202308010710
202308010711
202308010712
202308010801
202308010802
202308010803
202308010804
202308010805
202308010806
202308010807
202308010808
202308010809
202308010810
202308010811
202308010812
202308010901
202308010902
202308010903
202308010904
202308010905
202308010906
202308010907
202308010908
202308010909
202308010911
202308010912
202308011001
202308011002
202308011003
202308011004
202308011005
202308011006
202308011007
202308011008
202308011009
202308011010
202308011011
202308011012
202308011101
202308011102
202308011103
202308011104
202308011105
202308011106
202308011107
202308011108
202308011109
202308011110
202308011111
202308011112
202308011201
202308011202
202308011203
202308011204
202308011205
202308011206
202308011207
202308011208
202308011209
202308011210
202308011211
202308011212
202308020101
202308020102
202308020103
202308020104
202308020105
202308020106
202308020107
202308020108
202308020109
202308020110
202308020111
202308020112
202308020201
202308020202
202308020203
202308020204
202308020205
202308020206
202308020207
202308020208
202308020209
202308020210
202308020211
202308020212
202308020301
202308020302
202308020303
202308020304
202308020305
202308020306
202308020307
202308020308
202308020309
202308020310
202308020311
202308020312
202308020401
202308020402
202308020403
202308020404
202308020405
202308020406
202308020407
202308020408
202308020409
202308020410
202308020411
202308020412
202308020501
202308020502
202308020503
202308020504
202308020505
202308020506
202308020507
202308020508
202308020509
202308020510
202308020511
202308020512
202308020601
202308020602
202308020603
202308020604
202308020605
202308020606
202308020607
202308020608
202308020609
202308020610
202308020611
202308020612
202308020701
202308020702
202308020703
202308020704
202308020705
202308020706
202308020707
202308020708
202308020709
202308020710
202308020711
202308020712
202308020801
202308020802
202308020803
202308020804
202308020805
202308020806
202308020807
202308020808
202308020809
202308020810
202308020811
202308020812
202308020901
202308020902
202308020903
202308020904
202308020905
202308020906
202308020907
202308020908
202308020909
202308020910
202308020911
202308020912
202308030101
202308030102
202308030103
202308030104
202308030105
202308030106
202308030107
202308030108
202308030109
202308030110
202308030111
202308030112
202308030201
202308030202
202308030203
202308030204
202308030205
202308030206
202308030207
202308030208
202308030209
202308030210
202308030211
202308030212
202308030301
202308030302
202308030303
202308030304
202308030305
202308030306
202308030307
202308030308
202308030309
202308030310
202308030311
202308030312
202308030401
202308030402
202308030403
202308030404
202308030405
202308030406
202308030407
202308030408
202308030409
202308030410
202308030411
202308030412
202308030501
202308030502
202308030503
202308030504
202308030505
202308030506
202308030507
202308030508
202308030509
202308030510
202308030511
202308030512
202308030601
202308030602
202308030603
202308030604
202308030605
202308030606
202308030607
202308030608
202308030609
202308030610
202308030611
202308030612
202308030701
202308030702
202308030703
202308030704
202308030705
202308030706
202308030707
202308030708
202308030709
202308030710
202308030711
202308030712
202308030801
202308030802
202308030803
202308030804
202308030805
202308030806
202308030807
202308030808
202308030809
202308030810
202308030811
202308030812
202309010101
202309010102
202309010103
202309010104
202309010105
202309010106
202309010107
202309010108
202309010109
202309010110
202309010111
202309010112
202309010201
202309010202
202309010203
202309010204
202309010205
202309010206
202309010207
202309010208
202309010209
202309010210
202309010211
202309010212
202309010301
202309010302
202309010303
202309010304
202309010305
202309010306
202309010307
202309010308
202309010309
202309010310
202309010311
202309010312
202309010401
202309010402
202309010403
202309010404
202309010405
202309010406
202309010407
202309010408
202309010409
202309010410
202309010411
202309010412
202309010501
202309010502
202309010503
202309010504
202309010505
202309010506
202309010507
202309010508
202309010509
202309010510
202309010511
202309010512
202309010601
202309010602
202309010603
202309010604
202309010605
202309010606
202309010607
202309010608
202309010609
202309010610
202309010611
202309010612
202309010701
202309010702
202309010703
202309010704
202309010705
202309010706
202309010707
202309010708
202309010709
202309010710
202309010711
202309010712
202309010801
202309010802
202309010803
202309010804
202309010805
202309010806
202309010807
202309010808
202309010809
202309010810
202309010811
202309010812
202309010901
202309010902
202309010903
202309010904
202309010905
202309010906
202309010907
202309010908
202309010909
202309010910
202309010911
202309010912
202309011001
202309011002
202309011003
202309011004
202309011005
202309011006
202309011007
202309011008
202309011009
202309011010
202309011011
202309011012
202309011101
202309011102
202309011103
202309011104
202309011105
202309011106
202309011107
202309011108
202309011109
202309011110
202309011111
202309011112
202309011201
202309011202
202309011203
202309011204
202309011205
202309011206
202309011207
202309011208
202309011209
202309011210
202309011211
202309011212
202309020101
202309020102
202309020103
202309020104
202309020105
202309020106
202309020107
202309020108
202309020109
202309020110
202309020111
202309020112
202309020201
202309020202
202309020203
202309020204
202309020205
202309020206
202309020207
202309020208
202309020209
202309020210
202309020211
202309020212
202309020301
202309020302
202309020303
202309020304
202309020305
202309020306
202309020307
202309020308
202309020309
202309020310
202309020311
202309020312
202309020401
202309020402
202309020403
202309020404
202309020405
202309020406
202309020407
202309020408
202309020409
202309020410
202309020411
202309020412
202309020501
202309020502
202309020503
202309020504
202309020505
202309020506
202309020507
202309020508
202309020509
202309020510
202309020511
202309020512
202309020601
202309020602
202309020603
202309020604
202309020605
202309020606
202309020607
202309020608
202309020609
202309020610
202309020611
202309020612
202309020701
202309020702
202309020703
202309020704
202309020705
202309020706
202309020707
202309020708
202309020709
202309020710
202309020711
202309020712
202309020801
202309020802
202309020803
202309020804
202309020805
202309020806
202309020807
202309020808
202309020809
202309020810
202309020811
202309020812
202309030101
202309030102
202309030103
202309030104
202309030105
202309030106
202309030107
202309030108
202309030109
202309030110
202309030111
202309030112
202309030201
202309030202
202309030203
202309030204
202309030205
202309030206
202309030207
202309030208
202309030209
202309030210
202309030211
202309030212
202309030301
202309030302
202309030303
202309030304
202309030305
202309030306
202309030307
202309030308
202309030309
202309030310
202309030311
202309030312
202309030401
202309030402
202309030403
202309030404
202309030405
202309030406
202309030407
202309030408
202309030409
202309030410
202309030411
202309030412
202309030501
202309030502
202309030503
202309030505
202309030506
202309030507
202309030508
202309030509
202309030510
202309030511
202309030512
202309030601
202309030602
202309030603
202309030604
202309030605
202309030606
202309030607
202309030608
202309030609
202309030610
202309030611
202309030612
202309030701
202309030702
202309030703
202309030704
202309030705
202309030706
202309030707
202309030708
202309030709
202309030710
202309030711
202309030712
202309030801
202309030802
202309030803
202309030804
202309030805
202309030806
202309030807
202309030808
202309030809
202309030810
202309030811
202309030812
202309040101
202309040102
202309040103
202309040104
202309040105
202309040106
202309040107
202309040108
202309040109
202309040110
202309040111
202309040112
202309040201
202309040202
202309040203
202309040204
202309040205
202309040206
202309040207
202309040208
202309040209
202309040210
202309040211
202309040212
202309040301
202309040302
202309040303
202309040304
202309040305
202309040306
202309040307
202309040308
202309040309
202309040310
202309040311
202309040312
202309040401
202309040402
202309040403
202309040404
202309040405
202309040406
202309040407
202309040408
202309040409
202309040410
202309040411
202309040412
202309040501
202309040502
202309040503
202309040504
202309040505
202309040506
202309040507
202309040508
202309040509
202309040510
202309040511
202309040512
202309040601
202309040602
202309040603
202309040604
202309040605
202309040606
202309040607
202309040608
202309040609
202309040610
202309040611
202309040612
202309040701
202309040702
202309040703
202309040704
202309040705
202309040706
202309040707
202309040708
202309040709
202309040710
202309040711
202309040712
202309040801
202309040802
202309040803
202309040804
202309040805
202309040806
202309040807
202309040808
202309040809
202309040810
202309040811
202309040812
202309040901
202309040902
202309040903
202309040904
202309040905
202309040906
202309040907
202309040908
202309040909
202309040910
202309040911
202309040912
202309050101
202309050102
202309050103
202309050104
202309050105
202309050106
202309050107
202309050108
202309050109
202309050110
202309050111
202309050112
202309050201
202309050202
202309050203
202309050204
202309050205
202309050206
202309050207
202309050208
202309050209
202309050210
202309050211
202309050212
202309050301
202309050302
202309050303
202309050304
202309050305
202309050306
202309050307
202309050308
202309050309
202309050310
202309050311
202309050312
202309050401
202309050402
202309050403
202309050404
202309050405
202309050406
202309050407
202309050408
202309050409
202309050410
202309050411
202309050412
202309050501
202309050502
202309050503
202309050504
202309050505
202309050506
202309050507
202309050508
202309050509
202309050510
202309050511
202309050512
202309050601
202309050602
202309050603
202309050604
202309050605
202309050606
202309050607
202309050608
202309050609
202309050610
202309050611
202309050612
202309050701
202309050702
202309050703
202309050704
202309050705
202309050706
202309050707
202309050708
202309050709
202309050710
202309050711
202309050712
202309050801
202309050802
202309050803
202309050804
202309050805
202309050806
202309050807
202309050808
202309050809
202309050810
202309050811
202309050812
202309050901
202309050902
202309050903
202309050904
202309050905
202309050906
202309050907
202309050908
202309050909
202309050910
202309050911
202309050912
202310010101
202310010102
202310010103
202310010104
202310010105
202310010106
202310010107
202310010108
202310010109
202310010110
202310010111
202310010112
202310010201
202310010202
202310010203
202310010204
202310010205
202310010206
202310010207
202310010208
202310010209
202310010210
202310010211
202310010212
202310010301
202310010302
202310010303
202310010304
202310010305
202310010306
202310010307
202310010308
202310010309
202310010310
202310010311
202310010312
202310010401
202310010402
202310010403
202310010404
202310010405
202310010406
202310010407
202310010408
202310010409
202310010410
202310010411
202310010412
202310010501
202310010502
202310010503
202310010504
202310010505
202310010506
202310010507
202310010508
202310010509
202310010510
202310010511
202310010512
202310010601
202310010602
202310010603
202310010604
202310010605
202310010606
202310010607
202310010608
202310010609
202310010610
202310010611
202310010612
202310010701
202310010702
202310010703
202310010704
202310010705
202310010706
202310010707
202310010708
202310010709
202310010710
202310010711
202310010712
202310010801
202310010802
202310010803
202310010804
202310010805
202310010806
202310010807
202310010808
202310010809
202310010810
202310010811
202310010812
202310020101
202310020102
202310020103
202310020104
202310020105
202310020106
202310020107
202310020108
202310020109
202310020110
202310020111
202310020112
202310020201
202310020202
202310020203
202310020204
202310020205
202310020206
202310020207
202310020208
202310020209
202310020210
202310020211
202310020212
202310020301
202310020302
202310020303
202310020304
202310020305
202310020306
202310020307
202310020308
202310020309
202310020310
202310020311
202310020312
202310020401
202310020402
202310020403
202310020404
202310020405
202310020406
202310020407
202310020408
202310020409
202310020410
202310020411
202310020412
202310020501
202310020502
202310020503
202310020504
202310020505
202310020506
202310020507
202310020508
202310020509
202310020510
202310020511
202310020512
202310020601
202310020602
202310020603
202310020604
202310020605
202310020606
202310020607
202310020608
202310020609
202310020610
202310020611
202310020612
202310030101
202310030102
202310030103
202310030104
202310030105
202310030106
202310030107
202310030108
202310030109
202310030110
202310030111
202310030112
202310030201
202310030202
202310030203
202310030204
202310030205
202310030206
202310030207
202310030208
202310030209
202310030210
202310030211
202310030212
202310030301
202310030302
202310030303
202310030304
202310030305
202310030306
202310030307
202310030308
202310030309
202310030310
202310030311
202310030312
202310030401
202310030402
202310030403
202310030404
202310030405
202310030406
202310030407
202310030408
202310030409
202310030410
202310030411
202310030412
202310030501
202310030502
202310030503
202310030504
202310030505
202310030506
202310030507
202310030508
202310030509
202310030510
202310030511
202310030512
202310030601
202310030602
202310030603
202310030604
202310030605
202310030606
202310030607
202310030608
202310030609
202310030610
202310030611
202310030612
202310030701
202310030702
202310030703
202310030704
202310030705
202310030706
202310030707
202310030708
202310030709
202310030710
202310030711
202310030712
202310030801
202310030802
202310030803
202310030804
202310030805
202310030806
202310030807
202310030808
202310030809
202310030810
202310030811
202310030812
202330041901
202330041902
202330041903
202330041904
202330041905
202330041906
202330041907
202330041908
202330041909
202330041910
202330041911
202330041912
202330042001
202330042002
202330042003
202330042004
202330042005
202330042006
202330042007
202330042008
202330042009
202330042010
202330042011
202330042012
202330042601
202330042602
202330042603
202330042604
202330042605
202330042606
202330042607
202330042608
202330042609
202330042610
202330042611
202330042612
202330042701
202330042702
202330042703
202330042704
202330042705
202330042706
202330042707
202330042708
202330042709
202330042710
202330042711
202330042712
202330050301
202330050302
202330050303
202330050304
202330050305
202330050306
202330050307
202330050308
202330050309
202330050310
202330050311
202330050312
202330050401
202330050402
202330050403
202330050404
202330050405
202330050406
202330050407
202330050408
202330050409
202330050410
202330050411
202330050412
202330051001
202330051002
202330051003
202330051004
202330051005
202330051006
202330051007
202330051008
202330051009
202330051010
202330051011
202330051012
202330051101
202330051102
202330051103
202330051104
202330051105
202330051106
202330051107
202330051108
202330051109
202330051110
202330051111
202330051112
202330051701
202330051702
202330051703
202330051704
202330051705
202330051706
202330051707
202330051708
202330051709
202330051710
202330051711
202330051712
202330051801
202330051802
202330051803
202330051804
202330051805
202330051806
202330051807
202330051808
202330051809
202330051810
202330051811
202330051812
202330052401
202330052402
202330052403
202330052404
202330052405
202330052406
202330052407
202330052408
202330052409
202330052410
202330052411
202330052412
202330052501
202330052502
202330052503
202330052504
202330052505
202330052506
202330052507
202330052508
202330052509
202330052510
202330052511
202330052512
202330053001
202330053002
202330053003
202330053004
202330053005
202330053006
202330053007
202330053008
202330053009
202330053010
202330053011
202330053101
202330053102
202330053103
202330053104
202330053105
202330053106
202330053107
202330053108
202330053109
202330053110
202330053111
202330053112
202330060101
202330060102
202330060103
202330060104
202330060105
202330060106
202330060107
202330060108
202330060109
202330060110
202330060111
202330060112
202330060701
202330060702
202330060703
202330060704
202330060705
202330060706
202330060707
202330060708
202330060709
202330060710
202330060711
202330060712
202330060801
202330060802
202330060803
202330060804
202330060805
202330060806
202330060807
202330060808
202330060809
202330060810
202330060811
202330060812
202330061301
202330061302
202330061303
202330061304
202330061305
202330061306
202330061307
202330061308
202330061309
202330061310
202330061311
202330061312
202330061401
202330061402
202330061403
202330061404
202330061405
202330061406
202330061408
202330061409
202330061410
202330061411
202330061412
202330061501
202330061502
202330061503
202330061504
202330061505
202330061506
202330061507
202330061508
202330061509
202330061510
202330061511
202330061512
202330062101
202330062102
202330062103
202330062104
202330062105
202330062106
202330062107
202330062108
202330062109
202330062110
202330062111
202330062112
202330062201
202330062202
202330062203
202330062204
202330062205
202330062206
202330062207
202330062208
202330062209
202330062210
202330062211
202330062212
202330062701
202330062702
202330062703
202330062704
202330062705
202330062706
202330062707
202330062708
202330062709
202330062710
202330062711
202330062712
202330062801
202330062802
202330062803
202330062804
202330062805
202330062806
202330062807
202330062808
202330062809
202330062810
202330062811
202330062812
202330062901
202330062902
202330062903
202330062904
202330062905
202330062906
202330062907
202330062908
202330062909
202330062910
202330062911
202330070401
202330070402
202330070403
202330070404
202330070405
202330070406
202330070407
202330070408
202330070409
202330070410
202330070411
202330070412
202330070501
202330070502
202330070503
202330070504
202330070505
202330070506
202330070507
202330070508
202330070509
202330070510
202330070511
202330070512
202330070601
202330070602
202330070603
202330070604
202330070605
202330070606
202330070607
202330070608
202330070609
202330070610
202330070611
202330070612
202330071101
202330071102
202330071103
202330071104
202330071105
202330071106
202330071107
202330071108
202330071109
202330071110
202330071111
202330071112
202330071201
202330071202
202330071203
202330071204
202330071205
202330071206
202330071207
202330071208
202330071209
202330071210
202330071211
202330071212
202330071301
202330071302
202330071303
202330071304
202330071305
202330071306
202330071307
202330071308
202330071309
202330071310
202330071311
202330071312
202330071801
202330071802
202330071803
202330071804
202330071805
202330071806
202330071807
202330071808
202330071809
202330071810
202330071811
202330071812
202330071901
202330071902
202330071903
202330071904
202330071905
202330071906
202330071907
202330071908
202330071909
202330071910
202330071911
202330071912
202330072001
202330072002
202330072003
202330072004
202330072005
202330072006
202330072007
202330072008
202330072009
202330072010
202330072011
202330072012
202330072501
202330072502
202330072503
202330072504
202330072505
202330072506
202330072507
202330072508
202330072509
202330072510
202330072511
202330072512
202330072601
202330072602
202330072603
202330072604
202330072605
202330072606
202330072607
202330072608
202330072609
202330072610
202330072611
202330072612
202330072701
202330072702
202330072703
202330072704
202330072705
202330072706
202330072707
202330072708
202330072709
202330072710
202330072711
202330072712
202330080101
202330080102
202330080103
202330080104
202330080105
202330080106
202330080107
202330080108
202330080109
202330080110
202330080111
202330080112
202330080201
202330080202
202330080203
202330080204
202330080205
202330080206
202330080207
202330080208
202330080209
202330080210
202330080211
202330080212
202330080301
202330080302
202330080303
202330080304
202330080305
202330080306
202330080307
202330080308
202330080309
202330080310
202330080311
202330080312
202330080801
202330080802
202330080803
202330080804
202330080805
202330080806
202330080807
202330080808
202330080809
202330080810
202330080811
202330080812
202330080901
202330080902
202330080903
202330080904
202330080905
202330080906
202330080907
202330080908
202330080909
202330080910
202330080911
202330080912
202330081001
202330081002
202330081003
202330081004
202330081005
202330081006
202330081007
202330081008
202330081009
202330081010
202330081011
202330081012
202330081501
202330081502
202330081503
202330081504
202330081505
202330081506
202330081507
202330081508
202330081509
202330081510
202330081511
202330081512
202330081601
202330081602
202330081603
202330081604
202330081605
202330081606
202330081607
202330081608
202330081609
202330081610
202330081611
202330081612
202330081701
202330081702
202330081703
202330081704
202330081705
202330081706
202330081707
202330081708
202330081709
202330081710
202330081711
202330081712
202330082201
202330082202
202330082203
202330082204
202330082205
202330082206
202330082207
202330082208
202330082209
202330082210
202330082211
202330082212
202330082301
202330082302
202330082303
202330082304
202330082305
202330082306
202330082307
202330082308
202330082309
202330082310
202330082311
202330082312
202330082401
202330082402
202330082403
202330082404
202330082405
202330082406
202330082407
202330082408
202330082409
202330082410
202330082411
202330082412
202330082901
202330082902
202330082903
202330082904
202330082905
202330082906
202330082907
202330082908
202330082909
202330082910
202330082911
202330082912
202330083001
202330083002
202330083003
202330083004
202330083005
202330083006
202330083007
202330083008
202330083009
202330083010
202330083011
202330083012
202330083101
202330083102
202330083103
202330083104
202330083105
202330083106
202330083107
202330083108
202330083109
202330083110
202330083111
202330083112
202330090501
202330090502
202330090503
202330090504
202330090505
202330090506
202330090507
202330090508
202330090509
202330090510
202330090511
202330090512
202330090601
202330090602
202330090603
202330090604
202330090605
202330090606
202330090607
202330090608
202330090609
202330090610
202330090611
202330090612
202330090701
202330090702
202330090703
202330090704
202330090705
202330090706
202330090707
202330090708
202330090709
202330090710
202330090711
202330090712
202330091201
202330091202
202330091203
202330091204
202330091205
202330091206
202330091207
202330091208
202330091209
202330091210
202330091211
202330091212
202330091301
202330091302
202330091303
202330091304
202330091305
202330091306
202330091307
202330091308
202330091309
202330091310
202330091311
202330091312
202330091401
202330091402
202330091403
202330091404
202330091405
202330091406
202330091407
202330091408
202330091409
202330091410
202330091411
202330091412
202330091901
202330091902
202330091903
202330091904
202330091905
202330091906
202330091907
202330091908
202330091909
202330091910
202330091911
202330091912
202330092001
202330092002
202330092003
202330092004
202330092005
202330092006
202330092007
202330092008
202330092009
202330092010
202330092011
202330092012
202330092101
202330092102
202330092103
202330092104
202330092105
202330092106
202330092107
202330092108
202330092109
202330092110
202330092111
202330092112
202330092601
202330092602
202330092603
202330092604
202330092605
202330092606
202330092607
202330092608
202330092609
202330092610
202330092611
202330092612
202330092701
202330092702
202330092703
202330092704
202330092705
202330092706
202330092707
202330092708
202330092709
202330092710
202330092711
202330092712
202330092801
202330092802
202330092803
202330092804
202330092805
202330092806
202330092807
202330092808
202330092809
202330092810
202330092811
202330092812
202330100301
202330100302
202330100303
202330100304
202330100305
202330100306
202330100307
202330100308
202330100309
202330100310
202330100311
202330100312
202330100401
202330100402
202330100403
202330100404
202330100405
202330100406
202330100407
202330100408
202330100409
202330100410
202330100411
202330100412
202330100501
202330100502
202330100503
202330100504
202330100505
202330100506
202330100507
202330100508
202330100509
202330100510
202330100511
202330100512
202330101001
202330101002
202330101003
202330101004
202330101005
202330101006
202330101007
202330101008
202330101009
202330101010
202330101011
202330101012
202330101101
202330101102
202330101103
202330101104
202330101105
202330101106
202330101107
202330101108
202330101109
202330101110
202330101111
202330101112
202330101201
202330101202
202330101203
202330101204
202330101205
202330101206
202330101207
202330101208
202330101209
202330101210
202330101211
202330101212
202330101701
202330101702
202330101703
202330101704
202330101705
202330101706
202330101707
202330101708
202330101709
202330101710
202330101711
202330101712
202330101801
202330101802
202330101803
202330101804
202330101805
202330101806
202330101807
202330101808
202330101809
202330101810
202330101811
202330101812
202330101901
202330101902
202330101903
202330101904
202330101905
202330101906
202330101907
202330101908
202330101909
202330101910
202330101911
202330101912
202330102401
202330102402
202330102403
202330102404
202330102405
202330102406
202330102407
202330102408
202330102409
202330102410
202330102411
202330102412
202330102501
202330102502
202330102503
202330102504
202330102505
202330102506
202330102507
202330102508
202330102509
202330102510
202330102511
202330102512
202330102601
202330102602
202330102603
202330102604
202330102605
202330102606
202330102607
202330102608
202330102609
202330102610
202330102611
202330102612
202330110101
202330110102
202330110103
202330110104
202330110105
202330110106
202330110107
202330110108
202330110109
202330110110
202330110111
202330110112
202330110201
202330110202
202330110203
202330110204
202330110205
202330110206
202330110207
202330110208
202330110209
202330110210
202330110211
202330110212
202330110301
202330110302
202330110303
202330110304
202330110305
202330110306
202330110307
202330110308
202330110309
202330110310
202330110311
202330110312
202330110701
202330110702
202330110703
202330110704
202330110705
202330110706
202330110707
202330110708
202330110709
202330110710
202330110711
202330110712
202330110801
202330110802
202330110803
202330110804
202330110805
202330110806
202330110807
202330110808
202330110809
202330110810
202330110811
202330110812
202330110901
202330110902
202330110903
202330110904
202330110905
202330110906
202330110907
202330110908
202330110909
202330110910
202330110911
202330110912
202335043001
202335043002
202335043003
202335043004
202335043005
202335043006
202335043007
202335043008
202335043009
202335043010
202335043011
202335050101
202335050102
202335050103
202335050104
202335050105
202335050106
202335050107
202335050108
202335050109
202335050110
202335050111
202335050201
202335050202
202335050203
202335050204
202335050205
202335050206
202335050207
202335050208
202335050209
202335050210
202335050211
202335050701
202335050702
202335050703
202335050704
202335050705
202335050706
202335050707
202335050708
202335050709
202335050710
202335050711
202335050801
202335050802
202335050803
202335050804
202335050805
202335050806
202335050807
202335050809
202335050810
202335050811
202335050812
202335050901
202335050902
202335050903
202335050904
202335050905
202335050906
202335050907
202335050908
202335050909
202335050910
202335050911
202335050912
202335051401
202335051402
202335051403
202335051404
202335051405
202335051406
202335051407
202335051408
202335051409
202335051410
202335051411
202335051501
202335051502
202335051503
202335051504
202335051506
202335051508
202335051509
202335051510
202335051511
202335051512
202335051601
202335051602
202335051603
202335051604
202335051605
202335051606
202335051607
202335051608
202335051609
202335051610
202335051611
202335052101
202335052102
202335052103
202335052104
202335052105
202335052106
202335052107
202335052108
202335052109
202335052110
202335052111
202335052201
202335052202
202335052203
202335052204
202335052205
202335052207
202335052208
202335052209
202335052210
202335052211
202335052212
202335052301
202335052304
202335052305
202335052306
202335052307
202335052308
202335052309
202335052310
202335052311
202335052312
202335062501
202335062502
202335062503
202335062504
202335062505
202335062506
202335062507
202335062508
202335062509
202335062510
202335062511
202335062601
202335062602
202335062603
202335062604
202335062605
202335062606
202335062607
202335062608
202335062609
202335062610
202335062611
202335062612
202335062701
202335062702
202335062703
202335062704
202335062705
202335062706
202335062707
202335062708
202335062709
202335062710
202335062711
202335070201
202335070202
202335070203
202335070204
202335070205
202335070206
202335070208
202335070209
202335070210
202335070211
202335070301
202335070302
202335070303
202335070304
202335070305
202335070306
202335070307
202335070308
202335070309
202335070310
202335070311
202335070312
202335070401
202335070402
202335070403
202335070404
202335070405
202335070407
202335070408
202335070409
202335070410
202335070411
202335070412
202335070902
202335070903
202335070904
202335070905
202335070906
202335070907
202335070908
202335070909
202335070910
202335070911
202335071002
202335071003
202335071004
202335071005
202335071006
202335071007
202335071008
202335071009
202335071010
202335071011
202335071012
202335071101
202335071102
202335071104
202335071105
202335071106
202335071107
202335071108
202335071109
202335071110
202335071111
202335071601
202335071602
202335071603
202335071604
202335071605
202335071607
202335071608
202335071609
202335071610
202335071611
202335071701
202335071702
202335071703
202335071704
202335071705
202335071706
202335071707
202335071708
202335071709
202335071710
202335071711
202335071712
202335071801
202335071802
202335071803
202335071804
202335071805
202335071806
202335071807
202335071808
202335071809
202335071810
202335071811
202335071812
202335072301
202335072302
202335072303
202335072304
202335072305
202335072306
202335072307
202335072308
202335072309
202335072310
202335072311
202335072402
202335072403
202335072404
202335072405
202335072406
202335072407
202335072408
202335072409
202335072410
202335072411
202335072412
202335072501
202335072504
202335072505
202335072506
202335072507
202335072508
202335072509
202335072510
202335072511
202335072512
202335073001
202335073002
202335073003
202335073004
202335073005
202335073006
202335073007
202335073008
202335073009
202335073010
202335073011
202335073101
202335073102
202335073103
202335073104
202335073105
202335073106
202335073108
202335073109
202335073110
202335073111
202335073112
202335080101
202335080102
202335080103
202335080104
202335080105
202335080106
202335080107
202335080108
202335080109
202335080110
202335080111
202335080112
202335080601
202335080602
202335080603
202335080604
202335080605
202335080606
202335080607
202335080608
202335080609
202335080610
202335080611
202335080702
202335080703
202335080704
202335080705
202335080706
202335080707
202335080708
202335080709
202335080710
202335080711
202335080712
202335080801
202335080802
202335080803
202335080804
202335080805
202335080806
202335080807
202335080808
202335080809
202335080810
202335080811
202335081302
202335081303
202335081304
202335081305
202335081306
202335081307
202335081308
202335081309
202335081310
202335081311
202335081401
202335081402
202335081403
202335081404
202335081405
202335081406
202335081407
202335081408
202335081409
202335081410
202335081411
202335081412
202335081501
202335081502
202335081503
202335081504
202335081505
202335081506
202335081507
202335081508
202335081509
202335081510
202335081511
202335081512
202335091701
202335091702
202335091703
202335091704
202335091705
202335091706
202335091707
202335091708
202335091709
202335091710
202335091711
202335091801
202335091802
202335091803
202335091804
202335091805
202335091806
202335091807
202335091808
202335091809
202335091810
202335091811
202335091812
202335091901
202335091902
202335091903
202335091904
202335091905
202335091906
202335091907
202335091908
202335091909
202335091910
202335091911
202335091912
202335092401
202335092402
202335092403
202335092405
202335092406
202335092407
202335092408
202335092409
202335092410
202335092411
202335092501
202335092502
202335092503
202335092504
202335092505
202335092506
202335092507
202335092508
202335092509
202335092510
202335092511
202335092512
202335092601
202335092602
202335092603
202335092604
202335092605
202335092606
202335092607
202335092608
202335092609
202335092610
202335092611
202335092612
202335100101
202335100102
202335100103
202335100104
202335100105
202335100106
202335100107
202335100108
202335100109
202335100110
202335100111
202335100201
202335100202
202335100203
202335100204
202335100205
202335100207
202335100208
202335100209
202335100210
202335100211
202335100212
202335100301
202335100302
202335100303
202335100304
202335100305
202335100306
202335100307
202335100308
202335100309
202335100310
202335100311
202335100312
202335100801
202335100802
202335100803
202335100804
202335100805
202335100806
202335100807
202335100808
202335100809
202335100810
202335100811
202335100812
202335100901
202335100902
202335100903
202335100904
202335100905
202335100906
202335100907
202335100908
202335100909
202335100910
202335100911
202335100912
202335101001
202335101002
202335101003
202335101004
202335101005
202335101006
202335101007
202335101008
202335101009
202335101010
202335101011
202335101012
202335101501
202335101502
202335101503
202335101504
202335101505
202335101506
202335101507
202335101508
202335101509
202335101510
202335101511
202335101512
202335101601
202335101602
202335101603
202335101604
202335101605
202335101606
202335101607
202335101608
202335101609
202335101610
202335101611
202335101612
202335101701
202335101702
202335101703
202335101704
202335101705
202335101706
202335101707
202335101708
202335101709
202335101710
202335101711
202335101712
202335102201
202335102202
202335102203
202335102204
202335102205
202335102206
202335102207
202335102208
202335102209
202335102210
202335102211
202335102301
202335102302
202335102303
202335102304
202335102305
202335102306
202335102307
202335102308
202335102309
202335102310
202335102311
202335102312
202335102401
202335102402
202335102403
202335102404
202335102405
202335102406
202335102407
202335102408
202335102409
202335102410
202335102411
202335102412
202335102902
202335102903
202335102904
202335102905
202335102906
202335102907
202335102908
202335102909
202335102910
202335102911
202335102912
202335103001
202335103002
202335103003
202335103004
202335103005
202335103006
202335103007
202335103008
202335103009
202335103010
202335103011
202335103012
202335103101
202335103102
202335103103
202335103104
202335103105
202335103106
202335103107
202335103108
202335103109
202335103110
202335103111
202335103112
202335110501
202335110502
202335110503
202335110504
202335110505
202335110506
202335110507
202335110508
202335110509
202335110510
202335110511
202335110512
202335110601
202335110602
202335110603
202335110604
202335110605
202335110606
202335110607
202335110608
202335110609
202335110610
202335110611
202335110612
202335110701
202335110702
202335110703
202335110704
202335110705
202335110706
202335110707
202335110708
202335110709
202335110710
202335110711
202335110712
202335111201
202335111202
202335111203
202335111204
202335111205
202335111206
202335111207
202335111208
202335111209
202335111210
202335111211
202335111212
202335111301
202335111302
202335111303
202335111304
202335111305
202335111306
202335111307
202335111308
202335111309
202335111310
202335111311
202335111312
202335111401
202335111402
202335111403
202335111404
202335111405
202335111406
202335111407
202335111408
202335111409
202335111410
202335111411
202335111412
202335111901
202335111902
202335111903
202335111904
202335111905
202335111906
202335111907
202335111908
202335111909
202335111910
202335111911
202335111912
202335112001
202335112002
202335112003
202335112004
202335112005
202335112006
202335112007
202335112008
202335112009
202335112010
202335112011
202335112012
202335112101
202335112102
202335112103
202335112104
202335112105
202335112106
202335112107
202335112108
202335112109
202335112110
202335112111
202335112112
202336010201
202336010202
202336010203
202336010204
202336010205
202336010206
202336010207
202336010208
202336010209
202336010210
202336010301
202336010302
202336010303
202336010304
202336010305
202336010306
202336010308
202336010309
202336010310
202336031101
202336031102
202336031104
202336031105
202336031106
202336031107
202336031108
202336031109
202336031110
202336031111
202336031112
202336031201
202336031202
202336031203
202336031204
202336031205
202336031206
202336031207
202336031208
202336031209
202336031210
202336031211
202336031212
202336031301
202336031302
202336031303
202336031304
202336031305
202336031306
202336031307
202336031308
202336031309
202336031310
202336031312
202336031401
202336031402
202336031403
202336031404
202336031405
202336031406
202336031407
202336031408
202336031409
202336031410
202336031411
202336031412
202336031901
202336031902
202336031903
202336031904
202336031905
202336031906
202336031907
202336031908
202336031909
202336031910
202336031911
202336031912
202336032001
202336032003
202336032005
202336032006
202336032007
202336032008
202336032009
202336032010
202336032011
202336032012
202336032101
202336032102
202336032103
202336032104
202336032105
202336032106
202336032107
202336032108
202336032109
202336032110
202336032111
202336032601
202336032602
202336032603
202336032604
202336032605
202336032606
202336032608
202336032609
202336032610
202336032611
202336032701
202336032702
202336032703
202336032704
202336032705
202336032706
202336032707
202336032708
202336032709
202336032710
202336032711
202336032801
202336032802
202336032803
202336032804
202336032805
202336032806
202336032807
202336032808
202336032809
202336032810
202336032811
202336032812
202336040201
202336040202
202336040203
202336040204
202336040205
202336040206
202336040207
202336040208
202336040209
202336040210
202336040211
202336040301
202336040302
202336040303
202336040304
202336040305
202336040306
202336040307
202336040308
202336040309
202336040310
202336040311
202336040312
202336040401
202336040402
202336040403
202336040404
202336040405
202336040406
202336040407
202336040408
202336040409
202336040410
202336040901
202336040902
202336040903
202336040904
202336040905
202336040907
202336040908
202336040909
202336040910
202336040911
202336040912
202336041001
202336041002
202336041003
202336041004
202336041005
202336041006
202336041007
202336041009
202336041010
202336041011
202336041012
202336041101
202336041102
202336041103
202336041104
202336041105
202336041106
202336041107
202336041108
202336041109
202336041110
202336041111
202336041112
202336041601
202336041602
202336041603
202336041604
202336041605
202336041606
202336041607
202336041608
202336041609
202336041610
202336041611
202336041701
202336041702
202336041703
202336041704
202336041705
202336041706
202336041707
202336041708
202336041709
202336041710
202336041711
202336041801
202336041802
202336041803
202336041804
202336041805
202336041806
202336041807
202336041808
202336041809
202336041810
202336041811
202336042302
202336042303
202336042304
202336042305
202336042306
202336042307
202336042308
202336042309
202336042310
202336042311
202336042401
202336042402
202336042403
202336042404
202336042405
202336042406
202336042407
202336042408
202336042409
202336042410
202336042411
202336042412
202336042501
202336042502
202336042503
202336042504
202336042505
202336042506
202336042507
202336042508
202336042509
202336042510
202336042511
202336042512
202336052801
202336052802
202336052803
202336052805
202336052806
202336052807
202336052808
202336052809
202336052810
202336052811
202336052901
202336052902
202336052903
202336052904
202336052905
202336052906
202336052907
202336052908
202336052909
202336052910
202336052911
202336052912
202336053001
202336053003
202336053004
202336053005
202336053006
202336053007
202336053008
202336053009
202336053010
202336053011
202336053012
202336060401
202336060402
202336060403
202336060404
202336060405
202336060406
202336060407
202336060408
202336060409
202336060410
202336060411
202336060412
202336060501
202336060502
202336060503
202336060504
202336060505
202336060506
202336060507
202336060508
202336060509
202336060510
202336060511
202336060512
202336060601
202336060602
202336060603
202336060604
202336060605
202336060606
202336060607
202336060608
202336060609
202336060610
202336060611
202336060612
202336061101
202336061103
202336061105
202336061106
202336061107
202336061108
202336061109
202336061110
202336061111
202336061202
202336061203
202336061204
202336061205
202336061206
202336061207
202336061208
202336061209
202336061210
202336061211
202336061212
202336061301
202336061303
202336061304
202336061305
202336061306
202336061307
202336061308
202336061309
202336061310
202336061311
202336061312
202336061801
202336061802
202336061803
202336061804
202336061805
202336061806
202336061807
202336061808
202336061809
202336061810
202336061811
202336061901
202336061902
202336061903
202336061904
202336061905
202336061907
202336061908
202336061909
202336061910
202336061911
202336061912
202336062001
202336062002
202336062003
202336062004
202336062005
202336062006
202336062007
202336062008
202336062009
202336062010
202336062011
202336062012
202336082001
202336082002
202336082003
202336082004
202336082005
202336082006
202336082007
202336082008
202336082009
202336082010
202336082011
202336082101
202336082102
202336082103
202336082104
202336082105
202336082106
202336082107
202336082108
202336082109
202336082110
202336082111
202336082112
202336082201
202336082202
202336082203
202336082204
202336082205
202336082206
202336082207
202336082208
202336082209
202336082210
202336082211
202336082701
202336082702
202336082703
202336082704
202336082705
202336082706
202336082707
202336082708
202336082709
202336082710
202336082711
202336082801
202336082802
202336082803
202336082804
202336082805
202336082806
202336082807
202336082808
202336082809
202336082810
202336082811
202336082812
202336082901
202336082902
202336082903
202336082904
202336082905
202336082906
202336082907
202336082908
202336082909
202336082910
202336082911
202336082912
202336090301
202336090302
202336090303
202336090304
202336090305
202336090306
202336090307
202336090308
202336090309
202336090310
202336090311
202336090312
202336090401
202336090402
202336090403
202336090404
202336090405
202336090406
202336090407
202336090408
202336090409
202336090410
202336090411
202336090412
202336090501
202336090502
202336090503
202336090504
202336090505
202336090506
202336090507
202336090508
202336090509
202336090510
202336090511
202336090512
202336091001
202336091002
202336091003
202336091004
202336091005
202336091006
202336091007
202336091008
202336091009
202336091010
202336091011
202336091101
202336091102
202336091103
202336091104
202336091105
202336091106
202336091107
202336091108
202336091109
202336091110
202336091111
202336091112
202336091201
202336091202
202336091203
202336091204
202336091205
202336091206
202336091207
202336091208
202336091209
202336091210
202336091211
202336091212
202336112601
202336112602
202336112603
202336112604
202336112605
202336112606
202336112607
202336112608
202336112609
202336112610
202336112611
202336112612
202336112701
202336112702
202336112703
202336112704
202336112705
202336112706
202336112707
202336112708
202336112709
202336112710
202336112711
202336112712
202336112801
202336112802
202336112803
202336112804
202336112805
202336112806
202336112807
202336112808
202336112809
202336112810
202336112811
202336112812
202336120301
202336120302
202336120303
202336120304
202336120305
202336120306
202336120307
202336120308
202336120309
202336120310
202336120311
202336120312
202336120401
202336120402
202336120403
202336120404
202336120405
202336120406
202336120407
202336120408
202336120409
202336120410
202336120411
202336120412
202336120501
202336120502
202336120503
202336120504
202336120505
202336120506
202336120507
202336120508
202336120509
202336120510
202336120511
202336120512
202336121001
202336121002
202336121003
202336121004
202336121005
202336121006
202336121007
202336121008
202336121009
202336121010
202336121011
202336121101
202336121102
202336121103
202336121104
202336121105
202336121106
202336121107
202336121108
202336121109
202336121110
202336121111
202336121201
202336121202
202336121203
202336121204
202336121205
202336121206
202336121207
202336121208
202336121209
202336121210
202336121211
202336121701
202336121702
202336121703
202336121704
202336121705
202336121706
202336121707
202336121708
202336121709
202336121710
202336121711
202336121801
202336121802
202336121803
202336121804
202336121805
202336121806
202336121807
202336121808
202336121809
202336121810
202336121811
202336121901
202336121902
202336121903
202336121904
202336121905
202336121906
202336121907
202336121908
202336121909
202336121910
202336121911
202336122401
202336122402
202336122403
202336122404
202336122405
202336122406
202336122407
202336122408
202336122409
202336122410
202336122411
202336122501
202336122502
202336122503
202336122504
202336122505
202336122506
202336122507
202336122508
202336122509
202336122510
202336122511
202336122601
202336122602
202336122603
202336122604
202336122605
202336122606
202336122607
202336122608
202336122609
202336122610
202336122611
202336123001
202336123002
202336123003
202336123004
202336123005
202336123006
202336123007
202336123008
202336123009
202336123010
202336123011
202336123101
202336123102
202336123103
202336123104
202336123105
202336123106
202336123107
202336123108
202336123109
202336123110
202336123111
202342011001
202342011002
202342011003
202342011004
202342011005
202342011006
202342011007
202342011008
202342011009
202342011010
202342011011
202342011012
202342011101
202342011102
202342011103
202342011104
202342011105
202342011106
202342011107
202342011108
202342011109
202342011110
202342011111
202342011112
202342011201
202342011202
202342011203
202342011204
202342011205
202342011206
202342011207
202342011208
202342011209
202342011210
202342011211
202342011212
202342011301
202342011302
202342011303
202342011304
202342011305
202342011306
202342011307
202342011308
202342011309
202342011310
202342011311
202342011312
202342021301
202342021302
202342021303
202342021304
202342021305
202342021306
202342021307
202342021308
202342021309
202342021310
202342021311
202342021312
202342021401
202342021402
202342021403
202342021404
202342021405
202342021406
202342021407
202342021408
202342021409
202342021410
202342021411
202342021412
202342021501
202342021502
202342021503
202342021504
202342021505
202342021506
202342021507
202342021508
202342021509
202342021510
202342021511
202342021512
202342021601
202342021602
202342021603
202342021604
202342021605
202342021606
202342021607
202342021608
202342021609
202342021610
202342021611
202342021612
202342021701
202342021702
202342021703
202342021704
202342021705
202342021706
202342021707
202342021708
202342021709
202342021710
202342021711
202342021712
202342032001
202342032002
202342032003
202342032004
202342032005
202342032006
202342032007
202342032008
202342032009
202342032010
202342032011
202342032012
202342032101
202342032102
202342032103
202342032104
202342032105
202342032106
202342032107
202342032108
202342032109
202342032110
202342032111
202342032112
202342032201
202342032202
202342032203
202342032204
202342032205
202342032206
202342032207
202342032208
202342032209
202342032210
202342032211
202342032212
202342032301
202342032302
202342032303
202342032304
202342032305
202342032306
202342032307
202342032308
202342032309
202342032310
202342032311
202342032312
202342032401
202342032402
202342032403
202342032404
202342032405
202342032406
202342032407
202342032408
202342032409
202342032410
202342032411
202342032412
202342042401
202342042402
202342042403
202342042404
202342042405
202342042406
202342042407
202342042408
202342042409
202342042410
202342042411
202342042412
202342042501
202342042502
202342042503
202342042504
202342042505
202342042506
202342042507
202342042508
202342042509
202342042510
202342042511
202342042512
202342042601
202342042602
202342042603
202342042604
202342042605
202342042606
202342042607
202342042608
202342042609
202342042610
202342042611
202342042612
202342042701
202342042702
202342042703
202342042704
202342042705
202342042706
202342042707
202342042708
202342042709
202342042710
202342042711
202342042712
202342042801
202342042802
202342042803
202342042804
202342042805
202342042806
202342042807
202342042808
202342042809
202342042810
202342042811
202342042812
202342052901
202342052902
202342052903
202342052904
202342052905
202342052906
202342052907
202342052908
202342052909
202342052910
202342052911
202342052912
202342053001
202342053002
202342053003
202342053004
202342053005
202342053006
202342053007
202342053008
202342053009
202342053010
202342053011
202342053012
202342053101
202342053102
202342053103
202342053104
202342053105
202342053106
202342053107
202342053108
202342053109
202342053110
202342053111
202342053112
202342060101
202342060102
202342060103
202342060104
202342060105
202342060106
202342060107
202342060108
202342060109
202342060110
202342060111
202342060112
202342060201
202342060202
202342060203
202342060204
202342060205
202342060206
202342060207
202342060208
202342060209
202342060210
202342060211
202342060212
202342062601
202342062602
202342062603
202342062604
202342062605
202342062606
202342062607
202342062608
202342062609
202342062610
202342062611
202342062612
202342062701
202342062702
202342062703
202342062704
202342062705
202342062706
202342062707
202342062708
202342062709
202342062710
202342062711
202342062712
202342062901
202342062902
202342062903
202342062904
202342062905
202342062906
202342062907
202342062908
202342062909
202342062910
202342062911
202342062912
202342063001
202342063002
202342063003
202342063004
202342063005
202342063006
202342063007
202342063008
202342063009
202342063010
202342063011
202342063012
202342071701
202342071702
202342071703
202342071704
202342071705
202342071706
202342071707
202342071708
202342071709
202342071710
202342071711
202342071712
202342071801
202342071802
202342071803
202342071804
202342071805
202342071806
202342071807
202342071808
202342071809
202342071810
202342071811
202342071812
202342071901
202342071902
202342071903
202342071904
202342071905
202342071906
202342071907
202342071908
202342071909
202342071910
202342071911
202342071912
202342072001
202342072002
202342072003
202342072004
202342072005
202342072006
202342072007
202342072008
202342072009
202342072010
202342072011
202342072012
202342081001
202342081002
202342081003
202342081004
202342081005
202342081006
202342081007
202342081008
202342081009
202342081010
202342081011
202342081012
202342081101
202342081102
202342081103
202342081104
202342081105
202342081106
202342081107
202342081108
202342081109
202342081110
202342081111
202342081112
202342081401
202342081402
202342081403
202342081404
202342081405
202342081406
202342081407
202342081408
202342081409
202342081410
202342081411
202342081412
202342081501
202342081502
202342081503
202342081504
202342081505
202342081506
202342081507
202342081508
202342081509
202342081510
202342081511
202342081512
202342082801
202342082802
202342082803
202342082804
202342082805
202342082806
202342082807
202342082808
202342082809
202342082810
202342082811
202342082812
202342082901
202342082902
202342082903
202342082904
202342082905
202342082906
202342082907
202342082908
202342082909
202342082910
202342082911
202342082912
202342083001
202342083002
202342083003
202342083004
202342083005
202342083006
202342083007
202342083008
202342083009
202342083010
202342083011
202342083012
202342083101
202342083102
202342083103
202342083104
202342083105
202342083106
202342083107
202342083108
202342083109
202342083110
202342083111
202342083112
202342090101
202342090102
202342090103
202342090104
202342090105
202342090106
202342090107
202342090108
202342090109
202342090110
202342090111
202342090112
202342091901
202342091902
202342091903
202342091904
202342091905
202342091906
202342091907
202342091908
202342091909
202342091910
202342091911
202342091912
202342092001
202342092002
202342092003
202342092004
202342092005
202342092006
202342092007
202342092008
202342092009
202342092010
202342092011
202342092012
202342092101
202342092102
202342092103
202342092104
202342092105
202342092106
202342092107
202342092108
202342092109
202342092110
202342092111
202342092112
202342092201
202342092202
202342092203
202342092204
202342092205
202342092206
202342092207
202342092208
202342092209
202342092210
202342092211
202342092212
202342101601
202342101602
202342101603
202342101604
202342101605
202342101606
202342101607
202342101608
202342101609
202342101610
202342101611
202342101612
202342101701
202342101702
202342101703
202342101704
202342101705
202342101706
202342101707
202342101708
202342101709
202342101710
202342101711
202342101712
202342101801
202342101802
202342101803
202342101804
202342101805
202342101806
202342101807
202342101808
202342101809
202342101810
202342101811
202342101812
202342101901
202342101902
202342101903
202342101904
202342101905
202342101906
202342101907
202342101908
202342101909
202342101910
202342101911
202342101912
202342102001
202342102002
202342102003
202342102004
202342102005
202342102006
202342102007
202342102008
202342102009
202342102010
202342102011
202342102012
202342112001
202342112002
202342112003
202342112004
202342112005
202342112006
202342112007
202342112008
202342112009
202342112010
202342112011
202342112012
202342112101
202342112102
202342112103
202342112104
202342112105
202342112106
202342112107
202342112108
202342112109
202342112110
202342112111
202342112112
202342112201
202342112202
202342112203
202342112204
202342112205
202342112206
202342112207
202342112208
202342112209
202342112210
202342112211
202342112212
202342112301
202342112302
202342112303
202342112304
202342112305
202342112306
202342112307
202342112308
202342112309
202342112310
202342112311
202342112312
202342112401
202342112402
202342112403
202342112404
202342112405
202342112406
202342112407
202342112408
202342112409
202342112410
202342112411
202342112412
202342122101
202342122102
202342122103
202342122104
202342122105
202342122106
202342122107
202342122108
202342122109
202342122110
202342122111
202342122112
202342122201
202342122202
202342122203
202342122204
202342122205
202342122206
202342122207
202342122208
202342122209
202342122210
202342122211
202342122212
202342122501
202342122502
202342122503
202342122504
202342122505
202342122506
202342122507
202342122508
202342122509
202342122510
202342122511
202342122512
202342122601
202342122602
202342122603
202342122604
202342122605
202342122606
202342122607
202342122608
202342122609
202342122610
202342122611
202342122612
202343011601
202343011602
202343011603
202343011604
202343011605
202343011606
202343011607
202343011608
202343011609
202343011610
202343011611
202343011612
202343011701
202343011702
202343011703
202343011704
202343011705
202343011706
202343011707
202343011708
202343011709
202343011710
202343011711
202343011712
202343011801
202343011802
202343011803
202343011804
202343011805
202343011806
202343011807
202343011808
202343011809
202343011810
202343011811
202343011812
202343011901
202343011902
202343011903
202343011904
202343011905
202343011906
202343011907
202343011908
202343011909
202343011910
202343011911
202343011912
202343012001
202343012002
202343012003
202343012004
202343012005
202343012006
202343012007
202343012008
202343012009
202343012010
202343012011
202343012012
202343020601
202343020602
202343020603
202343020604
202343020605
202343020606
202343020607
202343020608
202343020609
202343020610
202343020611
202343020612
202343020701
202343020702
202343020703
202343020704
202343020705
202343020706
202343020707
202343020708
202343020709
202343020710
202343020711
202343020712
202343020801
202343020802
202343020803
202343020804
202343020805
202343020806
202343020807
202343020808
202343020809
202343020810
202343020811
202343020812
202343020901
202343020902
202343020903
202343020904
202343020905
202343020906
202343020907
202343020908
202343020909
202343020910
202343020911
202343020912
202343021001
202343021002
202343021003
202343021004
202343021005
202343021006
202343021007
202343021008
202343021009
202343021010
202343021011
202343021012
202343031301
202343031302
202343031303
202343031304
202343031305
202343031306
202343031307
202343031308
202343031309
202343031310
202343031311
202343031312
202343031401
202343031402
202343031403
202343031404
202343031405
202343031406
202343031407
202343031408
202343031409
202343031410
202343031411
202343031412
202343031501
202343031502
202343031503
202343031504
202343031505
202343031506
202343031507
202343031508
202343031509
202343031510
202343031511
202343031512
202343031601
202343031602
202343031603
202343031604
202343031605
202343031606
202343031607
202343031608
202343031609
202343031610
202343031611
202343031612
202343031701
202343031702
202343031703
202343031704
202343031705
202343031706
202343031707
202343031708
202343031709
202343031710
202343031711
202343031712
202343041001
202343041002
202343041003
202343041004
202343041005
202343041006
202343041007
202343041008
202343041009
202343041010
202343041011
202343041012
202343041101
202343041102
202343041103
202343041104
202343041105
202343041106
202343041107
202343041108
202343041109
202343041110
202343041111
202343041112
202343041201
202343041202
202343041203
202343041204
202343041205
202343041206
202343041207
202343041208
202343041209
202343041210
202343041211
202343041212
202343041301
202343041302
202343041303
202343041304
202343041305
202343041306
202343041307
202343041308
202343041309
202343041310
202343041311
202343041312
202343041401
202343041402
202343041403
202343041404
202343041405
202343041406
202343041407
202343041408
202343041409
202343041410
202343041411
202343041412
202343050101
202343050102
202343050103
202343050104
202343050105
202343050106
202343050107
202343050108
202343050109
202343050110
202343050111
202343050112
202343050201
202343050202
202343050203
202343050204
202343050205
202343050206
202343050207
202343050208
202343050209
202343050210
202343050211
202343050212
202343050301
202343050302
202343050303
202343050304
202343050305
202343050306
202343050307
202343050308
202343050309
202343050310
202343050311
202343050312
202343050401
202343050402
202343050403
202343050404
202343050405
202343050406
202343050407
202343050408
202343050409
202343050410
202343050411
202343050412
202343050501
202343050502
202343050503
202343050504
202343050505
202343050506
202343050507
202343050508
202343050509
202343050510
202343050511
202343050512
202343061901
202343061902
202343061903
202343061904
202343061905
202343061906
202343061907
202343061908
202343061909
202343061910
202343061911
202343061912
202343062001
202343062002
202343062003
202343062004
202343062005
202343062006
202343062007
202343062008
202343062009
202343062010
202343062011
202343062012
202343062101
202343062102
202343062103
202343062104
202343062105
202343062106
202343062107
202343062108
202343062109
202343062110
202343062111
202343062112
202343062201
202343062202
202343062203
202343062204
202343062205
202343062206
202343062207
202343062208
202343062209
202343062210
202343062211
202343062212
202343062301
202343062302
202343062303
202343062304
202343062305
202343062306
202343062307
202343062308
202343062309
202343062310
202343062311
202343062312
202343072101
202343072102
202343072103
202343072104
202343072105
202343072106
202343072107
202343072108
202343072109
202343072110
202343072111
202343072112
202343072201
202343072202
202343072203
202343072204
202343072205
202343072206
202343072207
202343072208
202343072209
202343072210
202343072211
202343072212
202343072301
202343072302
202343072303
202343072304
202343072305
202343072306
202343072307
202343072308
202343072309
202343072310
202343072311
202343072312
202343072401
202343072402
202343072403
202343072404
202343072405
202343072406
202343072407
202343072408
202343072409
202343072410
202343072411
202343072412
202343072501
202343072502
202343072503
202343072504
202343072505
202343072506
202343072507
202343072508
202343072509
202343072510
202343072511
202343072512
202343080501
202343080502
202343080503
202343080504
202343080505
202343080506
202343080507
202343080508
202343080509
202343080510
202343080511
202343080512
202343080601
202343080602
202343080603
202343080604
202343080605
202343080606
202343080607
202343080608
202343080609
202343080610
202343080611
202343080612
202343080701
202343080702
202343080703
202343080704
202343080705
202343080706
202343080707
202343080708
202343080709
202343080710
202343080711
202343080712
202343080801
202343080802
202343080803
202343080804
202343080805
202343080806
202343080807
202343080808
202343080809
202343080810
202343080811
202343080812
202343080901
202343080902
202343080903
202343080904
202343080905
202343080906
202343080907
202343080908
202343080909
202343080910
202343080911
202343080912
202343092501
202343092502
202343092503
202343092504
202343092505
202343092506
202343092507
202343092508
202343092509
202343092510
202343092511
202343092512
202343092601
202343092602
202343092603
202343092604
202343092605
202343092606
202343092607
202343092608
202343092609
202343092610
202343092611
202343092612
202343092701
202343092702
202343092703
202343092704
202343092705
202343092706
202343092707
202343092708
202343092709
202343092710
202343092711
202343092712
202343092801
202343092802
202343092803
202343092804
202343092805
202343092806
202343092807
202343092808
202343092809
202343092810
202343092811
202343092812
202343092901
202343092902
202343092903
202343092904
202343092905
202343092906
202343092907
202343092908
202343092909
202343092910
202343092911
202343092912
202343102301
202343102302
202343102303
202343102304
202343102305
202343102306
202343102307
202343102308
202343102309
202343102310
202343102311
202343102312
202343102401
202343102402
202343102403
202343102404
202343102405
202343102406
202343102407
202343102408
202343102409
202343102410
202343102411
202343102412
202343102501
202343102502
202343102503
202343102504
202343102505
202343102506
202343102507
202343102508
202343102509
202343102510
202343102511
202343102512
202343102601
202343102602
202343102603
202343102604
202343102605
202343102606
202343102607
202343102608
202343102609
202343102610
202343102611
202343102612
202343102701
202343102702
202343102703
202343102704
202343102705
202343102706
202343102707
202343102708
202343102709
202343102710
202343102711
202343102712
202343112701
202343112702
202343112703
202343112704
202343112705
202343112706
202343112707
202343112708
202343112709
202343112710
202343112711
202343112712
202343112801
202343112802
202343112803
202343112804
202343112805
202343112806
202343112807
202343112808
202343112809
202343112810
202343112811
202343112812
202343112901
202343112902
202343112903
202343112904
202343112905
202343112906
202343112907
202343112908
202343112909
202343112910
202343112911
202343112912
202343113001
202343113002
202343113003
202343113004
202343113005
202343113006
202343113007
202343113008
202343113009
202343113010
202343113011
202343113012
202343120101
202343120102
202343120103
202343120104
202343120105
202343120106
202343120107
202343120108
202343120109
202343120110
202343120111
202343120112
202343121601
202343121602
202343121603
202343121604
202343121605
202343121606
202343121607
202343121608
202343121609
202343121610
202343121611
202343121612
202343121701
202343121702
202343121703
202343121704
202343121705
202343121706
202343121707
202343121708
202343121709
202343121710
202343121711
202343121712
202343121801
202343121802
202343121803
202343121804
202343121805
202343121806
202343121807
202343121808
202343121809
202343121810
202343121811
202343121812
202343121901
202343121902
202343121903
202343121904
202343121905
202343121906
202343121907
202343121908
202343121909
202343121910
202343121911
202343121912
202343122001
202343122002
202343122003
202343122004
202343122005
202343122006
202343122007
202343122008
202343122009
202343122010
202343122011
202343122012
202344012301
202344012302
202344012303
202344012304
202344012305
202344012306
202344012307
202344012308
202344012309
202344012310
202344012311
202344012312
202344012401
202344012402
202344012403
202344012404
202344012405
202344012406
202344012407
202344012408
202344012409
202344012410
202344012411
202344012412
202344012501
202344012502
202344012503
202344012504
202344012505
202344012506
202344012507
202344012508
202344012509
202344012510
202344012511
202344012512
202344012601
202344012602
202344012603
202344012604
202344012605
202344012606
202344012607
202344012608
202344012609
202344012610
202344012611
202344012612
202344012701
202344012702
202344012703
202344012704
202344012705
202344012706
202344012707
202344012708
202344012709
202344012710
202344012711
202344012712
202344022001
202344022002
202344022003
202344022004
202344022005
202344022006
202344022007
202344022008
202344022009
202344022010
202344022011
202344022012
202344022101
202344022102
202344022103
202344022104
202344022105
202344022106
202344022107
202344022108
202344022109
202344022110
202344022111
202344022112
202344022201
202344022202
202344022203
202344022204
202344022205
202344022206
202344022207
202344022208
202344022209
202344022210
202344022211
202344022212
202344022301
202344022302
202344022303
202344022304
202344022305
202344022306
202344022307
202344022308
202344022309
202344022310
202344022311
202344022312
202344022401
202344022402
202344022403
202344022404
202344022405
202344022406
202344022407
202344022408
202344022409
202344022410
202344022411
202344022412
202344030601
202344030602
202344030603
202344030604
202344030605
202344030606
202344030607
202344030608
202344030609
202344030610
202344030611
202344030612
202344030701
202344030702
202344030703
202344030704
202344030705
202344030706
202344030707
202344030708
202344030709
202344030710
202344030711
202344030712
202344030801
202344030802
202344030803
202344030804
202344030805
202344030806
202344030807
202344030808
202344030809
202344030810
202344030811
202344030812
202344030901
202344030902
202344030903
202344030904
202344030905
202344030906
202344030907
202344030908
202344030909
202344030910
202344030911
202344030912
202344031001
202344031002
202344031003
202344031004
202344031005
202344031006
202344031007
202344031008
202344031009
202344031010
202344031011
202344031012
202344032701
202344032702
202344032703
202344032704
202344032705
202344032706
202344032707
202344032708
202344032709
202344032710
202344032711
202344032712
202344032801
202344032802
202344032803
202344032804
202344032805
202344032806
202344032807
202344032808
202344032809
202344032810
202344032811
202344032812
202344032901
202344032902
202344032903
202344032904
202344032905
202344032906
202344032907
202344032908
202344032909
202344032910
202344032911
202344032912
202344033001
202344033002
202344033003
202344033004
202344033005
202344033006
202344033007
202344033008
202344033009
202344033010
202344033011
202344033012
202344033101
202344033102
202344033103
202344033104
202344033105
202344033106
202344033107
202344033108
202344033109
202344033110
202344033111
202344033112
202344041701
202344041702
202344041703
202344041704
202344041705
202344041706
202344041707
202344041708
202344041709
202344041710
202344041711
202344041712
202344041801
202344041802
202344041803
202344041804
202344041805
202344041806
202344041807
202344041808
202344041809
202344041810
202344041811
202344041812
202344041901
202344041902
202344041903
202344041904
202344041905
202344041906
202344041907
202344041908
202344041909
202344041910
202344041911
202344041912
202344042001
202344042002
202344042003
202344042004
202344042005
202344042006
202344042007
202344042008
202344042009
202344042010
202344042011
202344042012
202344042101
202344042102
202344042103
202344042104
202344042105
202344042106
202344042107
202344042108
202344042109
202344042110
202344042111
202344042112
202344050801
202344050802
202344050803
202344050804
202344050805
202344050806
202344050807
202344050808
202344050809
202344050810
202344050811
202344050812
202344050901
202344050902
202344050903
202344050904
202344050905
202344050906
202344050907
202344050908
202344050909
202344050910
202344050911
202344050912
202344051001
202344051002
202344051003
202344051004
202344051005
202344051006
202344051007
202344051008
202344051009
202344051010
202344051011
202344051012
202344051101
202344051102
202344051103
202344051104
202344051105
202344051106
202344051107
202344051108
202344051109
202344051110
202344051111
202344051112
202344051201
202344051202
202344051203
202344051204
202344051205
202344051206
202344051207
202344051208
202344051209
202344051210
202344051211
202344051212
202344052201
202344052202
202344052203
202344052204
202344052205
202344052206
202344052207
202344052208
202344052209
202344052210
202344052211
202344052212
202344052301
202344052302
202344052303
202344052304
202344052305
202344052306
202344052307
202344052308
202344052309
202344052310
202344052311
202344052312
202344052401
202344052402
202344052403
202344052404
202344052405
202344052406
202344052407
202344052408
202344052409
202344052410
202344052411
202344052412
202344052501
202344052502
202344052503
202344052504
202344052505
202344052506
202344052507
202344052508
202344052509
202344052510
202344052511
202344052512
202344052601
202344052602
202344052603
202344052604
202344052605
202344052606
202344052607
202344052608
202344052609
202344052610
202344052611
202344052612
202344060501
202344060502
202344060503
202344060504
202344060505
202344060506
202344060507
202344060508
202344060509
202344060510
202344060511
202344060512
202344060601
202344060602
202344060603
202344060604
202344060605
202344060606
202344060607
202344060608
202344060609
202344060610
202344060611
202344060612
202344060701
202344060702
202344060703
202344060704
202344060705
202344060706
202344060707
202344060708
202344060709
202344060710
202344060711
202344060712
202344060801
202344060802
202344060803
202344060804
202344060805
202344060806
202344060807
202344060808
202344060809
202344060810
202344060811
202344060812
202344060901
202344060902
202344060903
202344060904
202344060905
202344060906
202344060907
202344060908
202344060909
202344060910
202344060911
202344060912
202344062601
202344062602
202344062603
202344062604
202344062605
202344062606
202344062607
202344062608
202344062609
202344062610
202344062611
202344062612
202344062701
202344062702
202344062703
202344062704
202344062705
202344062706
202344062707
202344062708
202344062709
202344062710
202344062711
202344062712
202344062801
202344062802
202344062803
202344062804
202344062805
202344062806
202344062807
202344062808
202344062809
202344062810
202344062811
202344062812
202344062901
202344062902
202344062903
202344062904
202344062905
202344062906
202344062907
202344062908
202344062909
202344062910
202344062911
202344062912
202344063001
202344063002
202344063003
202344063004
202344063005
202344063006
202344063007
202344063008
202344063009
202344063010
202344063011
202344063012
202344071001
202344071002
202344071003
202344071004
202344071005
202344071006
202344071007
202344071008
202344071009
202344071010
202344071011
202344071012
202344071101
202344071102
202344071103
202344071104
202344071105
202344071106
202344071107
202344071108
202344071109
202344071110
202344071111
202344071112
202344071201
202344071202
202344071203
202344071204
202344071205
202344071206
202344071207
202344071208
202344071209
202344071210
202344071211
202344071212
202344071301
202344071302
202344071303
202344071304
202344071305
202344071306
202344071307
202344071308
202344071309
202344071310
202344071311
202344071312
202344071401
202344071402
202344071403
202344071404
202344071405
202344071406
202344071407
202344071408
202344071409
202344071410
202344071411
202344071412
202344073101
202344073102
202344073103
202344073104
202344073105
202344073106
202344073107
202344073108
202344073109
202344073110
202344073111
202344073112
202344080101
202344080102
202344080103
202344080104
202344080105
202344080106
202344080107
202344080108
202344080109
202344080110
202344080111
202344080112
202344080201
202344080202
202344080203
202344080204
202344080205
202344080206
202344080207
202344080208
202344080209
202344080210
202344080211
202344080212
202344080301
202344080302
202344080303
202344080304
202344080305
202344080306
202344080307
202344080308
202344080309
202344080310
202344080311
202344080312
202344080401
202344080402
202344080403
202344080404
202344080405
202344080406
202344080407
202344080408
202344080409
202344080410
202344080411
202344080412
202344081301
202344081302
202344081303
202344081304
202344081305
202344081306
202344081307
202344081308
202344081309
202344081310
202344081401
202344081402
202344081403
202344081404
202344081405
202344081406
202344081407
202344081408
202344081409
202344081410
202344081501
202344081502
202344081503
202344081504
202344081505
202344081506
202344081507
202344081508
202344081509
202344081510
202344081511
202344081601
202344081602
202344081603
202344081604
202344081605
202344081606
202344081607
202344081608
202344081609
202344081610
202344081611
202344081701
202344081702
202344081703
202344081704
202344081705
202344081706
202344081707
202344081708
202344081709
202344081710
202344081711
202344081801
202344081802
202344081803
202344081804
202344081805
202344081806
202344081807
202344081808
202344081809
202344081810
202344090401
202344090402
202344090403
202344090404
202344090405
202344090406
202344090407
202344090408
202344090409
202344090410
202344090411
202344090412
202344090501
202344090502
202344090503
202344090504
202344090505
202344090506
202344090507
202344090508
202344090509
202344090510
202344090511
202344090512
202344090601
202344090602
202344090603
202344090604
202344090605
202344090606
202344090607
202344090608
202344090609
202344090610
202344090611
202344090612
202344090701
202344090702
202344090703
202344090704
202344090705
202344090706
202344090707
202344090708
202344090709
202344090710
202344090711
202344090712
202344090801
202344090802
202344090803
202344090804
202344090805
202344090806
202344090807
202344090808
202344090809
202344090810
202344090811
202344090812
202344091701
202344091702
202344091703
202344091704
202344091705
202344091706
202344091707
202344091708
202344091709
202344091710
202344091711
202344091712
202344091801
202344091802
202344091803
202344091804
202344091805
202344091806
202344091807
202344091808
202344091809
202344091810
202344091811
202344091812
202344091901
202344091902
202344091903
202344091904
202344091905
202344091906
202344091907
202344091908
202344091909
202344091910
202344091911
202344091912
202344092101
202344092102
202344092103
202344092104
202344092105
202344092106
202344092107
202344092108
202344092109
202344092110
202344092111
202344092112
202344092201
202344092202
202344092203
202344092204
202344092205
202344092206
202344092207
202344092208
202344092209
202344092210
202344092211
202344092212
202344100201
202344100202
202344100203
202344100204
202344100205
202344100206
202344100207
202344100208
202344100209
202344100210
202344100211
202344100212
202344100301
202344100302
202344100303
202344100304
202344100305
202344100306
202344100307
202344100308
202344100309
202344100310
202344100311
202344100312
202344100401
202344100402
202344100403
202344100404
202344100405
202344100406
202344100407
202344100408
202344100409
202344100410
202344100411
202344100412
202344100501
202344100502
202344100503
202344100504
202344100505
202344100506
202344100507
202344100508
202344100509
202344100510
202344100511
202344100512
202344100601
202344100602
202344100603
202344100604
202344100605
202344100606
202344100607
202344100608
202344100609
202344100610
202344100611
202344100612
202344102901
202344102902
202344102903
202344102904
202344102905
202344102906
202344102907
202344102908
202344102909
202344102910
202344103001
202344103002
202344103003
202344103004
202344103005
202344103006
202344103007
202344103008
202344103009
202344103010
202344103101
202344103102
202344103103
202344103104
202344103105
202344103106
202344103107
202344103108
202344103109
202344103110
202344103111
202344103112
202344110101
202344110102
202344110103
202344110104
202344110105
202344110106
202344110107
202344110108
202344110109
202344110110
202344110111
202344110112
202344110201
202344110202
202344110203
202344110204
202344110205
202344110206
202344110207
202344110208
202344110209
202344110210
202344110301
202344110302
202344110303
202344110304
202344110305
202344110306
202344110307
202344110308
202344110309
202344110310
202344110311
202344110312
202344111301
202344111302
202344111303
202344111304
202344111305
202344111306
202344111307
202344111308
202344111309
202344111310
202344111311
202344111312
202344111401
202344111402
202344111403
202344111404
202344111405
202344111406
202344111407
202344111408
202344111409
202344111410
202344111411
202344111412
202344111501
202344111502
202344111503
202344111504
202344111505
202344111506
202344111507
202344111508
202344111509
202344111510
202344111511
202344111512
202344111601
202344111602
202344111603
202344111604
202344111605
202344111606
202344111607
202344111608
202344111609
202344111610
202344111611
202344111612
202344111701
202344111702
202344111703
202344111704
202344111705
202344111706
202344111707
202344111708
202344111709
202344111710
202344111711
202344111712
202344120401
202344120402
202344120403
202344120404
202344120405
202344120406
202344120407
202344120408
202344120409
202344120410
202344120411
202344120412
202344120501
202344120502
202344120503
202344120504
202344120505
202344120506
202344120507
202344120508
202344120509
202344120510
202344120511
202344120512
202344120601
202344120602
202344120603
202344120604
202344120605
202344120606
202344120607
202344120608
202344120609
202344120610
202344120611
202344120612
202344120701
202344120702
202344120703
202344120704
202344120705
202344120706
202344120707
202344120708
202344120709
202344120710
202344120711
202344120712
202344120801
202344120802
202344120803
202344120804
202344120805
202344120806
202344120807
202344120808
202344120809
202344120810
202344120811
202344120812
202344120901
202344120902
202344120903
202344120904
202344120905
202344120906
202344120907
202344120908
202344120909
202344120910
202344120911
202344120912
202344122601
202344122602
202344122603
202344122604
202344122605
202344122606
202344122607
202344122608
202344122609
202344122610
202344122701
202344122702
202344122703
202344122704
202344122705
202344122706
202344122707
202344122708
202344122709
202344122710
202344122711
202344122712
202344122801
202344122802
202344122803
202344122804
202344122805
202344122806
202344122807
202344122808
202344122809
202344122810
202344122901
202344122902
202344122903
202344122904
202344122905
202344122906
202344122907
202344122908
202344122909
202344122910
202344122911
202344122912
202344123001
202344123002
202344123003
202344123004
202344123005
202344123006
202344123007
202344123008
202344123009
202344123010
202344123011
202344123012
202344123101
202344123102
202344123103
202344123104
202344123105
202344123106
202344123107
202344123108
202344123109
202344123110
202344123111
202344123112
202345010101
202345010102
202345010103
202345010104
202345010105
202345010106
202345010107
202345010108
202345010109
202345010110
202345010111
202345010112
202345010201
202345010202
202345010203
202345010204
202345010205
202345010206
202345010207
202345010208
202345010209
202345010210
202345010211
202345010212
202345010301
202345010302
202345010303
202345010304
202345010305
202345010306
202345010307
202345010308
202345010309
202345010310
202345010311
202345010312
202345010401
202345010402
202345010403
202345010404
202345010405
202345010406
202345010407
202345010408
202345010409
202345010410
202345010411
202345010412
202345010601
202345010602
202345010603
202345010604
202345010605
202345010606
202345010607
202345010608
202345010609
202345010610
202345010611
202345010612
202345013001
202345013002
202345013003
202345013004
202345013005
202345013006
202345013007
202345013008
202345013009
202345013010
202345013011
202345013012
202345013101
202345013102
202345013103
202345013104
202345013105
202345013106
202345013107
202345013108
202345013109
202345013110
202345013111
202345013112
202345020101
202345020102
202345020103
202345020104
202345020105
202345020106
202345020107
202345020108
202345020109
202345020110
202345020111
202345020112
202345020201
202345020202
202345020203
202345020204
202345020205
202345020206
202345020207
202345020208
202345020209
202345020210
202345020211
202345020212
202345020301
202345020302
202345020303
202345020304
202345020305
202345020306
202345020307
202345020308
202345020309
202345020310
202345020311
202345020312
202345022701
202345022702
202345022703
202345022704
202345022705
202345022706
202345022707
202345022708
202345022709
202345022710
202345022711
202345022712
202345022801
202345022802
202345022803
202345022804
202345022805
202345022806
202345022807
202345022808
202345022809
202345022810
202345022811
202345022812
202345030101
202345030102
202345030103
202345030104
202345030105
202345030106
202345030107
202345030108
202345030109
202345030110
202345030111
202345030112
202345030201
202345030202
202345030203
202345030204
202345030205
202345030206
202345030207
202345030208
202345030209
202345030210
202345030211
202345030212
202345030301
202345030302
202345030303
202345030304
202345030305
202345030306
202345030307
202345030308
202345030309
202345030310
202345030311
202345030312
202345040301
202345040302
202345040303
202345040304
202345040305
202345040306
202345040307
202345040308
202345040309
202345040310
202345040311
202345040312
202345040401
202345040402
202345040403
202345040404
202345040405
202345040406
202345040407
202345040408
202345040409
202345040410
202345040411
202345040412
202345040501
202345040502
202345040503
202345040504
202345040505
202345040506
202345040507
202345040508
202345040509
202345040510
202345040511
202345040512
202345040601
202345040602
202345040603
202345040604
202345040606
202345040607
202345040608
202345040609
202345040610
202345040611
202345040612
202345040701
202345040702
202345040703
202345040704
202345040705
202345040706
202345040707
202345040708
202345040709
202345040710
202345040711
202345040712
202345051501
202345051502
202345051503
202345051504
202345051505
202345051506
202345051507
202345051508
202345051509
202345051510
202345051511
202345051512
202345051601
202345051602
202345051603
202345051604
202345051605
202345051606
202345051607
202345051608
202345051609
202345051610
202345051611
202345051612
202345051701
202345051702
202345051703
202345051704
202345051705
202345051706
202345051707
202345051708
202345051709
202345051710
202345051711
202345051712
202345051801
202345051802
202345051803
202345051804
202345051805
202345051806
202345051807
202345051808
202345051809
202345051810
202345051811
202345051812
202345051901
202345051902
202345051903
202345051904
202345051905
202345051906
202345051907
202345051908
202345051909
202345051910
202345051911
202345051912
202345061201
202345061202
202345061203
202345061204
202345061205
202345061206
202345061207
202345061208
202345061209
202345061210
202345061211
202345061212
202345061301
202345061302
202345061303
202345061304
202345061305
202345061306
202345061307
202345061308
202345061309
202345061310
202345061311
202345061312
202345061401
202345061402
202345061403
202345061404
202345061405
202345061406
202345061407
202345061408
202345061409
202345061410
202345061411
202345061412
202345061501
202345061502
202345061503
202345061504
202345061505
202345061506
202345061507
202345061508
202345061509
202345061510
202345061511
202345061512
202345061601
202345061602
202345061603
202345061604
202345061605
202345061606
202345061607
202345061608
202345061609
202345061610
202345061611
202345061612
202345070301
202345070302
202345070303
202345070304
202345070305
202345070306
202345070307
202345070308
202345070309
202345070310
202345070311
202345070312
202345070401
202345070402
202345070403
202345070404
202345070405
202345070406
202345070407
202345070408
202345070409
202345070410
202345070411
202345070412
202345070501
202345070502
202345070503
202345070504
202345070505
202345070506
202345070507
202345070508
202345070509
202345070510
202345070511
202345070512
202345070601
202345070602
202345070603
202345070604
202345070605
202345070606
202345070607
202345070608
202345070609
202345070610
202345070611
202345070612
202345070701
202345070702
202345070703
202345070704
202345070705
202345070706
202345070707
202345070708
202345070709
202345070710
202345070711
202345070712
202345072601
202345072602
202345072603
202345072604
202345072605
202345072606
202345072607
202345072608
202345072609
202345072610
202345072611
202345072612
202345072701
202345072702
202345072703
202345072704
202345072705
202345072706
202345072707
202345072708
202345072709
202345072710
202345072711
202345072712
202345072801
202345072802
202345072803
202345072804
202345072805
202345072806
202345072807
202345072808
202345072809
202345072810
202345072811
202345072812
202345072901
202345072902
202345072903
202345072904
202345072905
202345072906
202345072907
202345072908
202345072909
202345072910
202345072911
202345082101
202345082102
202345082103
202345082104
202345082105
202345082106
202345082107
202345082108
202345082109
202345082110
202345082111
202345082112
202345082201
202345082202
202345082203
202345082204
202345082205
202345082206
202345082207
202345082208
202345082209
202345082210
202345082211
202345082212
202345082301
202345082302
202345082303
202345082304
202345082305
202345082306
202345082307
202345082308
202345082309
202345082310
202345082311
202345082312
202345082402
202345082403
202345082404
202345082405
202345082406
202345082407
202345082408
202345082409
202345082410
202345082411
202345082412
202345082501
202345082502
202345082503
202345082504
202345082505
202345082506
202345082507
202345082508
202345082509
202345082510
202345082511
202345082512
202345091101
202345091102
202345091103
202345091104
202345091105
202345091106
202345091107
202345091108
202345091109
202345091110
202345091111
202345091112
202345091201
202345091202
202345091203
202345091204
202345091205
202345091206
202345091207
202345091208
202345091209
202345091210
202345091211
202345091212
202345091301
202345091302
202345091303
202345091304
202345091305
202345091306
202345091307
202345091308
202345091309
202345091310
202345091311
202345091312
202345091401
202345091402
202345091403
202345091404
202345091405
202345091406
202345091407
202345091408
202345091409
202345091410
202345091411
202345091412
202345091501
202345091502
202345091503
202345091504
202345091505
202345091506
202345091507
202345091508
202345091509
202345091510
202345091511
202345091512
202345100901
202345100902
202345100903
202345100904
202345100905
202345100906
202345100907
202345100908
202345100909
202345100910
202345100911
202345101001
202345101002
202345101003
202345101004
202345101005
202345101006
202345101007
202345101008
202345101009
202345101010
202345101011
202345101012
202345101101
202345101102
202345101103
202345101104
202345101105
202345101106
202345101107
202345101108
202345101109
202345101110
202345101111
202345101112
202345101201
202345101202
202345101203
202345101204
202345101205
202345101206
202345101207
202345101208
202345101209
202345101210
202345101211
202345101212
202345101301
202345101302
202345101303
202345101304
202345101305
202345101306
202345101307
202345101308
202345101309
202345101310
202345101311
202345101312
202345110601
202345110602
202345110603
202345110604
202345110605
202345110606
202345110607
202345110608
202345110609
202345110610
202345110611
202345110612
202345110701
202345110702
202345110703
202345110704
202345110705
202345110706
202345110707
202345110708
202345110709
202345110710
202345110711
202345110712
202345110801
202345110802
202345110803
202345110804
202345110805
202345110806
202345110807
202345110808
202345110809
202345110810
202345110811
202345110812
202345110901
202345110902
202345110903
202345110904
202345110905
202345110906
202345110907
202345110908
202345110909
202345110910
202345110911
202345110912
202345111001
202345111002
202345111003
202345111004
202345111005
202345111006
202345111007
202345111008
202345111009
202345111010
202345111011
202345111012
202345121101
202345121102
202345121103
202345121104
202345121105
202345121106
202345121107
202345121108
202345121109
202345121110
202345121111
202345121112
202345121201
202345121202
202345121203
202345121204
202345121205
202345121206
202345121207
202345121208
202345121209
202345121210
202345121211
202345121212
202345121301
202345121302
202345121303
202345121304
202345121305
202345121306
202345121307
202345121308
202345121309
202345121310
202345121311
202345121312
202345121401
202345121402
202345121403
202345121404
202345121405
202345121406
202345121407
202345121408
202345121409
202345121410
202345121411
202345121412
202345121501
202345121502
202345121503
202345121504
202345121505
202345121506
202345121507
202345121508
202345121509
202345121510
202345121511
202345121512
202346031202
202346031203
202346031204
202346031205
202346031206
202346031207
202346031208
202346031209
202346031210
202346031211
202346031212
202346031302
202346031303
202346031304
202346031305
202346031306
202346031307
202346031308
202346031309
202346031310
202346031311
202346031312
202346031401
202346031402
202346031403
202346031404
202346031405
202346031406
202346031407
202346031408
202346031409
202346031410
202346031411
202346031412
202346031902
202346031903
202346031904
202346031905
202346031906
202346031908
202346031909
202346032101
202346032103
202346032104
202346032105
202346032106
202346032107
202346032108
202346032109
202346032501
202346032502
202346032503
202346032504
202346032506
202346032507
202346032508
202346032509
202346032701
202346032702
202346032703
202346032704
202346032705
202346032706
202346032707
202346032708
202346032709
202346032801
202346032802
202346032803
202346032804
202346032805
202346032806
202346032807
202346032808
202346040201
202346040203
202346040204
202346040205
202346040206
202346040207
202346040208
202346040209
202346040210
202346040211
202346040401
202346040402
202346040404
202346040405
202346040406
202346040407
202346040409
202346040410
202346040411
202346040901
202346040902
202346040903
202346040904
202346040905
202346040906
202346040907
202346040908
202346040909
202346040911
202346041101
202346041102
202346041103
202346041104
202346041106
202346041107
202346041108
202346041109
202346041110
202346041111
202346041701
202346041702
202346041703
202346041706
202346041707
202346041708
202346041709
202346041710
202346041711
202346041801
202346041802
202346041803
202346041804
202346041805
202346041806
202346041807
202346041808
202346041809
202346041810
202346041811
202346042301
202346042302
202346042303
202346042304
202346042305
202346042306
202346042307
202346042308
202346042309
202346042310
202346042311
202346042501
202346042502
202346042503
202346042504
202346042505
202346042506
202346042507
202346042508
202346042509
202346042510
202346042511
202346050101
202346050102
202346050103
202346050104
202346050105
202346050106
202346050107
202346050108
202346050109
202346050110
202346050111
202346050201
202346050202
202346050203
202346050204
202346050205
202346050206
202346050207
202346050208
202346050209
202346050210
202346050211
202346050701
202346050702
202346050703
202346050704
202346050705
202346050706
202346050707
202346050708
202346050709
202346050710
202346050711
202346050901
202346050902
202346050903
202346050904
202346050905
202346050906
202346050907
202346050908
202346050909
202346050910
202346050911
202346051401
202346051402
202346051403
202346051404
202346051405
202346051406
202346051407
202346051408
202346051409
202346051410
202346051411
202346051601
202346051602
202346051603
202346051604
202346051605
202346051606
202346051607
202346051608
202346051609
202346051610
202346051611
202346051612
202346052101
202346052102
202346052104
202346052105
202346052106
202346052107
202346052108
202346052109
202346052110
202346052111
202346052301
202346052302
202346052303
202346052304
202346052305
202346052306
202346052307
202346052308
202346052309
202346052310
202346052311
202346052312
202346052801
202346052802
202346052803
202346052804
202346052805
202346052806
202346052807
202346052808
202346052809
202346052810
202346052811
202346053001
202346053002
202346053003
202346053004
202346053005
202346053006
202346053007
202346053008
202346053009
202346053010
202346053011
202346053012
202346060401
202346060402
202346060403
202346060404
202346060405
202346060406
202346060407
202346060408
202346060409
202346060410
202346060411
202346060412
202346060601
202346060602
202346060603
202346060604
202346060605
202346060607
202346060608
202346060609
202346060610
202346060611
202346060612
202346061101
202346061102
202346061103
202346061104
202346061105
202346061106
202346061107
202346061108
202346061109
202346061110
202346061111
202346061112
202346061301
202346061302
202346061303
202346061304
202346061305
202346061306
202346061307
202346061308
202346061309
202346061310
202346061311
202346061312
202346061801
202346061802
202346061803
202346061804
202346061805
202346061806
202346061807
202346061808
202346061809
202346061810
202346061811
202346062001
202346062002
202346062003
202346062006
202346062007
202346062008
202346062009
202346062010
202346062011
202346062501
202346062502
202346062503
202346062504
202346062505
202346062506
202346062507
202346062508
202346062509
202346062510
202346062511
202346062701
202346062702
202346062703
202346062704
202346062705
202346062706
202346062707
202346062708
202346062709
202346062710
202346062711
202346062712
202346070301
202346070302
202346070304
202346070305
202346070306
202346070307
202346070308
202346070309
202346070310
202346070311
202346070312
202346070401
202346070402
202346070403
202346070404
202346070405
202346070406
202346070407
202346070408
202346070409
202346070410
202346070411
202346070412
202346070901
202346070902
202346070903
202346070905
202346070906
202346070907
202346070908
202346070909
202346070910
202346070911
202346070912
202346071101
202346071102
202346071103
202346071104
202346071105
202346071106
202346071107
202346071108
202346071109
202346071110
202346071111
202346071112
202346071601
202346071602
202346071603
202346071604
202346071605
202346071606
202346071607
202346071608
202346071609
202346071610
202346071611
202346071801
202346071802
202346071803
202346071804
202346071805
202346071806
202346071807
202346071808
202346071809
202346071810
202346071811
202346072401
202346072402
202346072403
202346072404
202346072405
202346072406
202346072407
202346072408
202346072409
202346072410
202346072411
202346072501
202346072502
202346072503
202346072504
202346072505
202346072506
202346072507
202346072508
202346072509
202346072510
202346072511
202346072512
202346073001
202346073002
202346073003
202346073004
202346073005
202346073006
202346073007
202346073008
202346073010
202346073011
202346073012
202346080101
202346080102
202346080103
202346080104
202346080105
202346080106
202346080107
202346080108
202346080109
202346080110
202346080111
202346080112
202346080601
202346080602
202346080603
202346080604
202346080605
202346080606
202346080607
202346080608
202346080609
202346080610
202346080611
202346080612
202346080801
202346080802
202346080803
202346080804
202346080805
202346080806
202346080807
202346080808
202346080809
202346080811
202346080812
202346081402
202346081403
202346081404
202346081405
202346081406
202346081407
202346081408
202346081409
202346081410
202346081411
202346081412
202346081501
202346081502
202346081503
202346081504
202346081505
202346081506
202346081507
202346081508
202346081509
202346081510
202346081511
202346082101
202346082102
202346082103
202346082104
202346082105
202346082106
202346082107
202346082108
202346082109
202346082110
202346082111
202346082201
202346082202
202346082203
202346082204
202346082205
202346082206
202346082207
202346082208
202346082209
202346082210
202346082211
202346082701
202346082702
202346082703
202346082704
202346082705
202346082706
202346082707
202346082708
202346082709
202346082710
202346082711
202346082712
202346082901
202346082902
202346082903
202346082904
202346082905
202346082906
202346082907
202346082908
202346082909
202346082910
202346082911
202346082912
202346090302
202346090303
202346090304
202346090305
202346090306
202346090307
202346090308
202346090309
202346090310
202346090311
202346090312
202346090501
202346090503
202346090504
202346090505
202346090506
202346090507
202346090508
202346090509
202346090510
202346090512
202346091001
202346091002
202346091003
202346091004
202346091005
202346091006
202346091007
202346091008
202346091009
202346091010
202346091011
202346091101
202346091102
202346091103
202346091104
202346091105
202346091106
202346091107
202346091108
202346091109
202346091110
202346091111
202346091112
202346091601
202346091602
202346091603
202346091604
202346091605
202346091606
202346091607
202346091608
202346091609
202346091610
202346091611
202346091612
202346091901
202346091902
202346091903
202346091904
202346091905
202346091906
202346091907
202346091908
202346091909
202346091910
202346091911
202346091912
202346092401
202346092402
202346092403
202346092404
202346092405
202346092406
202346092407
202346092408
202346092409
202346092410
202346092411
202346092412
202346092601
202346092602
202346092603
202346092604
202346092605
202346092606
202346092607
202346092608
202346092609
202346092610
202346092611
202346092612
202346100201
202346100202
202346100203
202346100204
202346100206
202346100207
202346100208
202346100209
202346100210
202346100211
202346100212
202346100301
202346100302
202346100303
202346100304
202346100305
202346100306
202346100307
202346100308
202346100309
202346100310
202346100311
202346100312
202346100801
202346100802
202346100803
202346100804
202346100805
202346100806
202346100807
202346100808
202346100809
202346100810
202346100811
202346100812
202346101001
202346101002
202346101003
202346101004
202346101005
202346101006
202346101007
202346101008
202346101009
202346101010
202346101011
202346101012
202346101501
202346101502
202346101503
202346101504
202346101505
202346101506
202346101507
202346101508
202346101509
202346101510
202346101511
202346101701
202346101702
202346101703
202346101704
202346101705
202346101706
202346101707
202346101708
202346101709
202346101710
202346101711
202346101712
202346102201
202346102202
202346102203
202346102204
202346102205
202346102206
202346102207
202346102208
202346102209
202346102210
202346102211
202346102401
202346102402
202346102403
202346102404
202346102405
202346102406
202346102407
202346102408
202346102409
202346102410
202346102411
202346102412
202346103001
202346103002
202346103003
202346103004
202346103005
202346103006
202346103007
202346103008
202346103009
202346103010
202346103011
202346103012
202346103101
202346103102
202346103103
202346103104
202346103105
202346103106
202346103107
202346103108
202346103109
202346103110
202346103111
202346103112
202346110501
202346110502
202346110503
202346110504
202346110505
202346110506
202346110507
202346110508
202346110509
202346110510
202346110511
202346110512
202346110701
202346110702
202346110703
202346110704
202346110705
202346110706
202346110707
202346110708
202346110709
202346110710
202346110711
202346110712
202346111201
202346111202
202346111203
202346111204
202346111205
202346111206
202346111207
202346111208
202346111209
202346111210
202346111401
202346111402
202346111403
202346111404
202346111405
202346111406
202346111407
202346111408
202346111409
202346111410
202346111901
202346111902
202346111903
202346111904
202346111905
202346111906
202346111907
202346111908
202346111909
202346111910
202346112001
202346112002
202346112003
202346112004
202346112005
202346112006
202346112007
202346112008
202346112009
202346112010
202346112101
202346112102
202346112103
202346112104
202346112105
202346112106
202346112107
202346112108
202346112109
202346112110
202346112601
202346112602
202346112603
202346112604
202346112605
202346112606
202346112607
202346112608
202346112609
202346112610
202346112801
202346112802
202346112803
202346112804
202346112805
202346112806
202346112807
202346112808
202346112809
202346112810
202346112811
202346120301
202346120302
202346120303
202346120304
202346120305
202346120306
202346120307
202346120308
202346120309
202346120310
202346120401
202346120402
202346120403
202346120404
202346120405
202346120406
202346120407
202346120408
202346120409
202346120410
202346120411
202346120501
202346120502
202346120503
202346120504
202346120505
202346120506
202346120507
202346120508
202346120509
202346121001
202346121002
202346121003
202346121004
202346121005
202346121006
202346121007
202346121008
202346121009
202346121010
202346121011
202346121201
202346121202
202346121203
202346121204
202346121205
202346121206
202346121207
202346121208
202346121209
202346121210
202346121211
202346121212
202346121801
202346121802
202346121803
202346121804
202346121805
202346121806
202346121807
202346121808
202346121809
202346121810
202346121811
202346121901
202346121902
202346121903
202346121904
202346121905
202346121906
202346121907
202346121908
202346121909
202346121910
202346121911
202346121912
202346122301
202346122302
202346122303
202346122304
202346122305
202346122306
202346122307
202346122308
202346122309
202346122310
202346122501
202346122502
202346122503
202346122504
202346122505
202346122506
202346122507
202346122508
202346122509
202346122510
202346122601
202346122602
202346122603
202346122604
202346122605
202346122606
202346122607
202346122608
202346122609
202346122610
202346122701
202346122702
202346122703
202346122704
202346122705
202346122706
202346122707
202346122708
202346122709
202346122710
202347011001
202347011002
202347011003
202347011004
202347011005
202347011006
202347011007
202347011008
202347011009
202347011010
202347011011
202347011101
202347011102
202347011103
202347011104
202347011105
202347011106
202347011107
202347011109
202347011110
202347011111
202347011201
202347011202
202347011203
202347011204
202347011205
202347011206
202347011207
202347011208
202347011209
202347011210
202347011211
202347011301
202347011302
202347011303
202347011304
202347011305
202347011306
202347011307
202347011308
202347011309
202347011310
202347011311
202347012301
202347012302
202347012304
202347012305
202347012306
202347012307
202347012308
202347012309
202347012401
202347012402
202347012403
202347012404
202347012405
202347012406
202347012407
202347012408
202347012409
202347012410
202347012501
202347012502
202347012503
202347012504
202347012505
202347012506
202347012507
202347012508
202347012509
202347012510
202347012601
202347012602
202347012603
202347012604
202347012605
202347012606
202347012607
202347012609
202347012610
202347012701
202347012703
202347012704
202347012705
202347012706
202347012707
202347012708
202347012710
202347020602
202347020603
202347020604
202347020605
202347020606
202347020607
202347020608
202347020609
202347020701
202347020702
202347020703
202347020704
202347020705
202347020706
202347020707
202347020708
202347020709
202347020710
202347020801
202347020802
202347020803
202347020804
202347020805
202347020806
202347020807
202347020808
202347020809
202347020810
202347020901
202347020902
202347020903
202347020904
202347020905
202347020906
202347020907
202347020908
202347020909
202347020910
202347021001
202347021002
202347021004
202347021005
202347021006
202347021008
202347021009
202347021010
202347022001
202347022002
202347022003
202347022004
202347022005
202347022006
202347022007
202347022008
202347022009
202347022101
202347022102
202347022103
202347022105
202347022106
202347022107
202347022108
202347022109
202347022201
202347022202
202347022203
202347022204
202347022205
202347022206
202347022207
202347022208
202347022209
202347022210
202347022301
202347022302
202347022303
202347022304
202347022305
202347022306
202347022307
202347022308
202347022309
202347022310
202347022401
202347022402
202347022403
202347022404
202347022405
202347022406
202347022407
202347022408
202347022409
202347022410
202347030602
202347030603
202347030604
202347030606
202347030607
202347030608
202347030609
202347030702
202347030703
202347030704
202347030705
202347030706
202347030707
202347030708
202347030709
202347030801
202347030802
202347030803
202347030804
202347030805
202347030806
202347030807
202347030808
202347030809
202347030901
202347030902
202347030904
202347030905
202347030906
202347030907
202347030908
202347030909
202347030910
202347031001
202347031002
202347031003
202347031004
202347031005
202347031006
202347031007
202347031008
202347031009
202347031010
202347032101
202347032102
202347032103
202347032104
202347032105
202347032106
202347032107
202347032108
202347032109
202347032110
202347032201
202347032202
202347032203
202347032204
202347032205
202347032206
202347032207
202347032208
202347032209
202347032210
202347032211
202347032301
202347032302
202347032303
202347032304
202347032305
202347032306
202347032307
202347032308
202347032309
202347032310
202347032311
202347032401
202347032402
202347032403
202347032404
202347032405
202347032406
202347032407
202347032408
202347032409
202347032410
202347032411
202347032412
202347040501
202347040502
202347040503
202347040504
202347040505
202347040506
202347040507
202347040508
202347040509
202347040510
202347040511
202347040512
202347040601
202347040602
202347040604
202347040605
202347040606
202347040607
202347040608
202347040609
202347040610
202347040611
202347040612
202347040701
202347040702
202347040703
202347040704
202347040705
202347040706
202347040707
202347040708
202347040709
202347040710
202347040711
202347040712
202347041401
202347041402
202347041403
202347041404
202347041405
202347041406
202347041407
202347041408
202347041409
202347041410
202347041411
202347041412
202347041702
202347041703
202347041704
202347041705
202347041706
202347041707
202347041708
202347041709
202347041710
202347041711
202347041712
202347041801
202347041802
202347041803
202347041804
202347041805
202347041806
202347041807
202347041808
202347041810
202347041811
202347041812
202347042601
202347042602
202347042603
202347042605
202347042606
202347042607
202347042608
202347042609
202347042610
202347042611
202347042612
202347042701
202347042702
202347042703
202347042704
202347042705
202347042706
202347042707
202347042708
202347042709
202347042710
202347042711
202347042712
202347042801
202347042802
202347042803
202347042804
202347042805
202347042806
202347042807
202347042808
202347042809
202347042810
202347042811
202347042812
202347051001
202347051003
202347051004
202347051005
202347051006
202347051007
202347051008
202347051009
202347051010
202347051011
202347051012
202347051101
202347051102
202347051103
202347051104
202347051105
202347051106
202347051107
202347051108
202347051109
202347051110
202347051111
202347051112
202347051201
202347051202
202347051203
202347051204
202347051205
202347051206
202347051207
202347051208
202347051209
202347051210
202347051211
202347051212
202347052401
202347052402
202347052403
202347052404
202347052405
202347052406
202347052407
202347052408
202347052409
202347052410
202347052411
202347052412
202347052501
202347052502
202347052503
202347052504
202347052505
202347052506
202347052507
202347052508
202347052509
202347052510
202347052511
202347052512
202347052601
202347052602
202347052603
202347052604
202347052605
202347052606
202347052607
202347052608
202347052609
202347052610
202347052611
202347052612
202347060801
202347060802
202347060803
202347060804
202347060805
202347060806
202347060807
202347060808
202347060809
202347060810
202347060811
202347060812
202347060901
202347060902
202347060903
202347060904
202347060905
202347060906
202347060907
202347060908
202347060909
202347060910
202347060911
202347060912
202347061201
202347061202
202347061203
202347061204
202347061205
202347061206
202347061207
202347061208
202347061209
202347061210
202347061211
202347061212
202347062002
202347062004
202347062005
202347062006
202347062007
202347062008
202347062009
202347062010
202347062011
202347062101
202347062102
202347062103
202347062104
202347062105
202347062106
202347062107
202347062108
202347062109
202347062110
202347062111
202347062201
202347062202
202347062203
202347062204
202347062205
202347062206
202347062207
202347062208
202347062209
202347062210
202347062211
202347062301
202347062302
202347062303
202347062304
202347062305
202347062306
202347062307
202347062308
202347062309
202347062310
202347062311
202347062312
202347070401
202347070402
202347070403
202347070404
202347070405
202347070406
202347070407
202347070408
202347070409
202347070410
202347070501
202347070503
202347070504
202347070505
202347070506
202347070507
202347070508
202347070509
202347070510
202347070511
202347070601
202347070602
202347070603
202347070604
202347070605
202347070606
202347070607
202347070608
202347070609
202347070610
202347070611
202347070702
202347070703
202347070704
202347070705
202347070706
202347070707
202347070708
202347070709
202347070710
202347070711
202347070712
202347071901
202347071903
202347071904
202347071905
202347071906
202347071907
202347071908
202347071909
202347071910
202347071911
202347071912
202347072001
202347072002
202347072003
202347072004
202347072005
202347072006
202347072007
202347072008
202347072009
202347072010
202347072011
202347072012
202347072102
202347072103
202347072104
202347072105
202347072106
202347072107
202347072108
202347072109
202347072110
202347072111
202347072112
202347080201
202347080202
202347080203
202347080204
202347080205
202347080206
202347080207
202347080208
202347080209
202347080210
202347080211
202347080212
202347080301
202347080302
202347080303
202347080304
202347080305
202347080306
202347080307
202347080308
202347080309
202347080310
202347080311
202347080312
202347080402
202347080403
202347080404
202347080405
202347080406
202347080407
202347080408
202347080409
202347080410
202347080411
202347080412
202347081501
202347081502
202347081503
202347081504
202347081505
202347081506
202347081507
202347081508
202347081509
202347081510
202347081601
202347081602
202347081603
202347081604
202347081605
202347081606
202347081607
202347081608
202347081609
202347081610
202347081611
202347081701
202347081702
202347081703
202347081704
202347081705
202347081706
202347081707
202347081708
202347081709
202347081710
202347081801
202347081802
202347081803
202347081804
202347081805
202347081806
202347081807
202347081808
202347081809
202347081810
202347081811
202347083001
202347083002
202347083003
202347083004
202347083005
202347083006
202347083007
202347083008
202347083009
202347083010
202347083011
202347083012
202347083101
202347083102
202347083103
202347083104
202347083105
202347083106
202347083107
202347083108
202347083109
202347083110
202347083111
202347083112
202347090101
202347090102
202347090103
202347090104
202347090105
202347090106
202347090107
202347090108
202347090109
202347090110
202347090111
202347090112
202347091301
202347091302
202347091303
202347091304
202347091305
202347091306
202347091307
202347091308
202347091309
202347091310
202347091311
202347091312
202347091401
202347091402
202347091403
202347091404
202347091405
202347091406
202347091407
202347091408
202347091409
202347091410
202347091411
202347091412
202347091501
202347091502
202347091503
202347091504
202347091505
202347091506
202347091507
202347091508
202347091509
202347091510
202347091511
202347091512
202347092602
202347092603
202347092604
202347092605
202347092606
202347092607
202347092608
202347092609
202347092610
202347092701
202347092702
202347092703
202347092704
202347092705
202347092706
202347092707
202347092708
202347092709
202347092710
202347092711
202347092802
202347092803
202347092804
202347092805
202347092806
202347092807
202347092808
202347092809
202347092810
202347092811
202347092901
202347092902
202347092903
202347092904
202347092905
202347092906
202347092907
202347092908
202347092909
202347092910
202347092911
202347101001
202347101002
202347101003
202347101004
202347101005
202347101006
202347101007
202347101008
202347101009
202347101010
202347101101
202347101102
202347101103
202347101104
202347101105
202347101106
202347101107
202347101108
202347101109
202347101110
202347101111
202347101202
202347101203
202347101204
202347101205
202347101206
202347101207
202347101208
202347101209
202347101210
202347101211
202347101301
202347101302
202347101303
202347101304
202347101305
202347101306
202347101307
202347101308
202347101309
202347101310
202347101311
202347102301
202347102302
202347102303
202347102304
202347102305
202347102306
202347102307
202347102308
202347102309
202347102310
202347102311
202347102501
202347102502
202347102503
202347102504
202347102505
202347102506
202347102507
202347102508
202347102509
202347102510
202347102511
202347102601
202347102602
202347102603
202347102604
202347102605
202347102606
202347102607
202347102608
202347102609
202347102610
202347102611
202347102701
202347102702
202347102703
202347102704
202347102705
202347102706
202347102707
202347102708
202347102709
202347102710
202347102711
202347102712
202347110701
202347110702
202347110703
202347110704
202347110705
202347110706
202347110707
202347110708
202347110709
202347110710
202347110711
202347110801
202347110802
202347110803
202347110804
202347110805
202347110806
202347110807
202347110808
202347110809
202347110810
202347110811
202347110901
202347110902
202347110903
202347110904
202347110905
202347110907
202347110908
202347110909
202347110910
202347110911
202347111001
202347111002
202347111003
202347111004
202347111005
202347111006
202347111007
202347111008
202347111009
202347111010
202347111011
202347111012
202347112101
202347112102
202347112103
202347112104
202347112105
202347112106
202347112107
202347112108
202347112109
202347112110
202347112111
202347112201
202347112202
202347112203
202347112204
202347112205
202347112206
202347112207
202347112208
202347112209
202347112210
202347112211
202347112301
202347112302
202347112303
202347112304
202347112305
202347112306
202347112307
202347112308
202347112309
202347112310
202347112311
202347112401
202347112402
202347112403
202347112404
202347112405
202347112406
202347112407
202347112408
202347112409
202347112410
202347112411
202347120601
202347120602
202347120603
202347120604
202347120605
202347120606
202347120607
202347120608
202347120609
202347120610
202347120611
202347120701
202347120702
202347120703
202347120704
202347120705
202347120706
202347120707
202347120708
202347120709
202347120710
202347120711
202347120801
202347120802
202347120803
202347120804
202347120805
202347120806
202347120807
202347120808
202347120809
202347120810
202347120811
202347120812
202347121101
202347121102
202347121103
202347121104
202347121105
202347121106
202347121107
202347121108
202347121109
202347121110
202347121111
202347122701
202347122702
202347122703
202347122704
202347122705
202347122707
202347122708
202347122709
202347122710
202347122711
202347122712
202347122901
202347122902
202347122903
202347122904
202347122905
202347122906
202347122907
202347122908
202347122909
202347122910
202347122911
202347122912
202347123001
202347123002
202347123003
202347123004
202347123005
202347123006
202347123007
202347123008
202347123009
202347123010
202347123011
202347123101
202347123102
202347123103
202347123104
202347123105
202347123106
202347123107
202347123108
202347123109
202347123110
202347123111
202348010101
202348010102
202348010103
202348010104
202348010106
202348010107
202348010108
202348010109
202348010110
202348010111
202348010112
202348010201
202348010202
202348010203
202348010204
202348010205
202348010206
202348010208
202348010209
202348010210
202348010211
202348010301
202348010302
202348010304
202348010305
202348010306
202348010307
202348010308
202348010309
202348010310
202348010311
202348010312
202348010401
202348010402
202348010403
202348010404
202348010405
202348010407
202348010408
202348010409
202348010410
202348010411
202348010412
202348010601
202348010602
202348010603
202348010604
202348010605
202348010606
202348010607
202348010608
202348010609
202348010610
202348010611
202348010612
202348011601
202348011602
202348011604
202348011605
202348011607
202348011608
202348011609
202348011610
202348011611
202348011701
202348011702
202348011704
202348011705
202348011706
202348011707
202348011708
202348011709
202348011710
202348011711
202348011801
202348011802
202348011803
202348011804
202348011805
202348011806
202348011807
202348011808
202348011809
202348011810
202348011811
202348011812
202348011901
202348011902
202348011903
202348011904
202348011905
202348011906
202348011907
202348011908
202348011909
202348011910
202348011911
202348011912
202348012001
202348012002
202348012004
202348012005
202348012006
202348012007
202348012008
202348012009
202348012010
202348012011
202348012012
202348013001
202348013002
202348013003
202348013004
202348013005
202348013006
202348013007
202348013008
202348013009
202348013010
202348013011
202348013101
202348013102
202348013103
202348013104
202348013105
202348013106
202348013107
202348013108
202348013109
202348013110
202348013111
202348020101
202348020102
202348020103
202348020104
202348020105
202348020106
202348020107
202348020108
202348020109
202348020110
202348020111
202348020112
202348020201
202348020202
202348020203
202348020204
202348020205
202348020206
202348020207
202348020208
202348020209
202348020210
202348020211
202348020212
202348020301
202348020302
202348020303
202348020304
202348020305
202348020306
202348020307
202348020308
202348020309
202348020310
202348020311
202348020312
202348021301
202348021302
202348021303
202348021304
202348021305
202348021306
202348021307
202348021308
202348021309
202348021310
202348021311
202348021401
202348021402
202348021403
202348021405
202348021406
202348021407
202348021408
202348021409
202348021410
202348021411
202348021501
202348021502
202348021503
202348021504
202348021505
202348021506
202348021507
202348021508
202348021509
202348021510
202348021511
202348021512
202348021601
202348021602
202348021603
202348021604
202348021605
202348021606
202348021607
202348021608
202348021609
202348021610
202348021611
202348021612
202348021701
202348021702
202348021703
202348021704
202348021705
202348021706
202348021707
202348021708
202348021709
202348021710
202348021711
202348021712
202348022701
202348022702
202348022703
202348022704
202348022705
202348022706
202348022708
202348022709
202348022710
202348022711
202348022801
202348022803
202348022805
202348022806
202348022807
202348022808
202348022809
202348022810
202348022811
202348030101
202348030102
202348030103
202348030104
202348030105
202348030106
202348030107
202348030108
202348030109
202348030110
202348030111
202348030201
202348030202
202348030203
202348030204
202348030205
202348030206
202348030207
202348030208
202348030209
202348030210
202348030211
202348030212
202348030301
202348030302
202348030303
202348030305
202348030306
202348030307
202348030308
202348030309
202348030310
202348030311
202348030312
202348031401
202348031402
202348031403
202348031404
202348031405
202348031406
202348031407
202348031408
202348031409
202348031410
202348031411
202348031412
202348031501
202348031502
202348031504
202348031505
202348031506
202348031507
202348031508
202348031509
202348031510
202348031511
202348031512
202348031601
202348031602
202348031603
202348031604
202348031605
202348031606
202348031607
202348031608
202348031609
202348031610
202348031611
202348031612
202348031701
202348031702
202348031703
202348031704
202348031705
202348031706
202348031707
202348031708
202348031709
202348031710
202348031711
202348031712
202348032701
202348032702
202348032703
202348032704
202348032705
202348032706
202348032707
202348032708
202348032709
202348032710
202348032711
202348032712
202348032901
202348032902
202348032904
202348032905
202348032906
202348032907
202348032908
202348032909
202348032910
202348032911
202348032912
202348033001
202348033002
202348033003
202348033004
202348033005
202348033006
202348033007
202348033008
202348033009
202348033010
202348033011
202348033012
202348033101
202348033102
202348033103
202348033104
202348033105
202348033106
202348033107
202348033108
202348033110
202348033111
202348033112
202348041001
202348041002
202348041003
202348041004
202348041005
202348041006
202348041007
202348041008
202348041009
202348041010
202348041011
202348041012
202348041101
202348041102
202348041103
202348041104
202348041105
202348041106
202348041107
202348041108
202348041109
202348041110
202348041111
202348041112
202348041201
202348041202
202348041203
202348041204
202348041205
202348041206
202348041207
202348041208
202348041209
202348041210
202348041211
202348041212
202348041301
202348041302
202348041303
202348041304
202348041305
202348041306
202348041307
202348041308
202348041309
202348041310
202348041311
202348041312
202348041901
202348041902
202348041903
202348041904
202348041905
202348041906
202348041907
202348041908
202348041909
202348041910
202348041911
202348041912
202348042001
202348042002
202348042003
202348042004
202348042005
202348042006
202348042007
202348042008
202348042009
202348042010
202348042011
202348042012
202348042101
202348042102
202348042103
202348042104
202348042105
202348042106
202348042107
202348042108
202348042109
202348042110
202348042111
202348042112
202348042401
202348042402
202348042403
202348042404
202348042405
202348042406
202348042407
202348042408
202348042410
202348042411
202348042412
202348050201
202348050202
202348050203
202348050204
202348050205
202348050206
202348050207
202348050208
202348050209
202348050210
202348050211
202348050212
202348050301
202348050302
202348050303
202348050304
202348050305
202348050306
202348050307
202348050308
202348050309
202348050310
202348050311
202348050312
202348050401
202348050402
202348050403
202348050404
202348050405
202348050406
202348050407
202348050408
202348050409
202348050410
202348050411
202348050412
202348050501
202348050502
202348050503
202348050504
202348050505
202348050506
202348050507
202348050508
202348050510
202348050511
202348050512
202348051601
202348051602
202348051603
202348051604
202348051605
202348051606
202348051607
202348051608
202348051609
202348051610
202348051611
202348051612
202348051701
202348051702
202348051703
202348051704
202348051705
202348051706
202348051707
202348051708
202348051709
202348051710
202348051711
202348051712
202348051801
202348051802
202348051803
202348051804
202348051805
202348051806
202348051807
202348051808
202348051809
202348051810
202348051811
202348051812
202348051901
202348051902
202348051903
202348051904
202348051905
202348051906
202348051907
202348051908
202348051910
202348051911
202348051912
202348053001
202348053002
202348053003
202348053004
202348053005
202348053006
202348053007
202348053008
202348053009
202348053010
202348053011
202348053012
202348053101
202348053102
202348053103
202348053104
202348053105
202348053106
202348053107
202348053108
202348053109
202348053110
202348053111
202348053112
202348060101
202348060102
202348060103
202348060104
202348060105
202348060106
202348060107
202348060108
202348060109
202348060110
202348060111
202348060112
202348060201
202348060202
202348060203
202348060204
202348060205
202348060206
202348060207
202348060208
202348060209
202348060210
202348060211
202348060212
202348061301
202348061302
202348061304
202348061305
202348061306
202348061307
202348061308
202348061309
202348061310
202348061311
202348061312
202348061401
202348061402
202348061403
202348061404
202348061405
202348061406
202348061407
202348061408
202348061409
202348061410
202348061411
202348061412
202348061501
202348061502
202348061503
202348061504
202348061505
202348061506
202348061507
202348061508
202348061509
202348061510
202348061511
202348061512
202348061601
202348061602
202348061603
202348061604
202348061605
202348061606
202348061607
202348061608
202348061609
202348061610
202348061611
202348061612
202348062701
202348062702
202348062703
202348062704
202348062705
202348062706
202348062707
202348062708
202348062709
202348062710
202348062711
202348062712
202348062801
202348062802
202348062803
202348062804
202348062805
202348062806
202348062807
202348062808
202348062809
202348062810
202348062811
202348062812
202348062901
202348062902
202348062903
202348062904
202348062905
202348062906
202348062907
202348062908
202348062909
202348062910
202348062911
202348062912
202348063001
202348063002
202348063003
202348063004
202348063005
202348063006
202348063007
202348063008
202348063009
202348063010
202348063011
202348063012
202348071201
202348071202
202348071203
202348071204
202348071205
202348071206
202348071207
202348071208
202348071209
202348071210
202348071211
202348071212
202348071301
202348071302
202348071303
202348071304
202348071305
202348071306
202348071307
202348071308
202348071309
202348071310
202348071311
202348071312
202348071401
202348071403
202348071404
202348071405
202348071406
202348071407
202348071408
202348071409
202348071410
202348071411
202348071412
202348071701
202348071702
202348071703
202348071704
202348071705
202348071706
202348071707
202348071708
202348071709
202348071710
202348071711
202348071712
202348072601
202348072602
202348072603
202348072604
202348072605
202348072606
202348072607
202348072608
202348072609
202348072610
202348072611
202348072612
202348072701
202348072702
202348072703
202348072704
202348072705
202348072706
202348072707
202348072708
202348072709
202348072710
202348072711
202348072712
202348072801
202348072802
202348072803
202348072804
202348072805
202348072806
202348072807
202348072808
202348072809
202348072810
202348072811
202348072812
202348073101
202348073102
202348073103
202348073104
202348073105
202348073106
202348073107
202348073108
202348073109
202348073110
202348073111
202348073112
202348080801
202348080802
202348080803
202348080804
202348080805
202348080806
202348080807
202348080808
202348080809
202348080810
202348080811
202348080812
202348080901
202348080902
202348080903
202348080904
202348080905
202348080906
202348080907
202348080908
202348080909
202348080910
202348080911
202348080912
202348081001
202348081002
202348081003
202348081004
202348081005
202348081006
202348081007
202348081008
202348081009
202348081010
202348081011
202348081012
202348081101
202348081102
202348081103
202348081104
202348081105
202348081106
202348081107
202348081108
202348081109
202348081110
202348081111
202348081112
202348082201
202348082202
202348082203
202348082204
202348082205
202348082206
202348082207
202348082208
202348082209
202348082210
202348082211
202348082212
202348082301
202348082302
202348082303
202348082304
202348082305
202348082306
202348082307
202348082308
202348082309
202348082310
202348082311
202348082312
202348082401
202348082402
202348082403
202348082404
202348082405
202348082406
202348082407
202348082408
202348082409
202348082410
202348082411
202348082412
202348082502
202348082503
202348082504
202348082505
202348082506
202348082507
202348082508
202348082509
202348082510
202348082511
202348082512
202348090501
202348090502
202348090503
202348090504
202348090505
202348090506
202348090507
202348090508
202348090509
202348090510
202348090511
202348090512
202348090601
202348090602
202348090603
202348090604
202348090605
202348090606
202348090607
202348090608
202348090609
202348090610
202348090611
202348090612
202348090701
202348090702
202348090703
202348090704
202348090705
202348090706
202348090707
202348090708
202348090709
202348090710
202348090711
202348090712
202348090801
202348090802
202348090803
202348090804
202348090805
202348090806
202348090807
202348090808
202348090809
202348090810
202348090811
202348090812
202348092001
202348092002
202348092003
202348092004
202348092005
202348092006
202348092007
202348092008
202348092009
202348092010
202348092011
202348092012
202348092101
202348092102
202348092103
202348092104
202348092105
202348092106
202348092107
202348092108
202348092109
202348092110
202348092111
202348092112
202348092201
202348092202
202348092203
202348092204
202348092205
202348092206
202348092207
202348092208
202348092209
202348092210
202348092211
202348092212
202348092501
202348092502
202348092503
202348092504
202348092505
202348092506
202348092507
202348092508
202348092509
202348092510
202348092511
202348092512
202348100301
202348100302
202348100303
202348100304
202348100305
202348100306
202348100307
202348100308
202348100309
202348100310
202348100311
202348100312
202348100401
202348100402
202348100403
202348100404
202348100405
202348100406
202348100407
202348100408
202348100409
202348100410
202348100411
202348100412
202348100501
202348100502
202348100503
202348100504
202348100505
202348100506
202348100507
202348100508
202348100509
202348100510
202348100511
202348100512
202348100601
202348100602
202348100603
202348100604
202348100605
202348100606
202348100607
202348100608
202348100609
202348100610
202348100611
202348100612
202348101601
202348101602
202348101603
202348101604
202348101605
202348101606
202348101607
202348101608
202348101609
202348101610
202348101611
202348101612
202348101801
202348101802
202348101803
202348101804
202348101805
202348101806
202348101807
202348101808
202348101809
202348101810
202348101811
202348101812
202348101901
202348101902
202348101903
202348101904
202348101905
202348101906
202348101907
202348101908
202348101909
202348101910
202348101911
202348101912
202348102001
202348102002
202348102003
202348102004
202348102005
202348102006
202348102007
202348102008
202348102009
202348102010
202348102011
202348102012
202348103101
202348103102
202348103103
202348103104
202348103105
202348103106
202348103107
202348103108
202348103109
202348103110
202348103111
202348103112
202348110101
202348110102
202348110103
202348110104
202348110105
202348110106
202348110107
202348110108
202348110109
202348110110
202348110111
202348110112
202348110201
202348110202
202348110203
202348110204
202348110205
202348110206
202348110207
202348110208
202348110209
202348110210
202348110211
202348110212
202348110601
202348110602
202348110603
202348110604
202348110605
202348110606
202348110607
202348110608
202348110609
202348110610
202348110611
202348110612
202348111401
202348111402
202348111403
202348111404
202348111405
202348111406
202348111407
202348111408
202348111409
202348111410
202348111411
202348111412
202348111501
202348111502
202348111503
202348111504
202348111505
202348111506
202348111507
202348111508
202348111509
202348111510
202348111511
202348111512
202348111601
202348111602
202348111603
202348111604
202348111605
202348111606
202348111607
202348111608
202348111609
202348111610
202348111611
202348111612
202348111701
202348111702
202348111703
202348111704
202348111705
202348111706
202348111707
202348111708
202348111709
202348111710
202348111711
202348111712
202348112801
202348112802
202348112803
202348112804
202348112805
202348112806
202348112807
202348112808
202348112809
202348112810
202348112811
202348112812
202348112901
202348112902
202348112903
202348112904
202348112905
202348112906
202348112907
202348112908
202348112909
202348112910
202348112911
202348112912
202348113001
202348113002
202348113003
202348113004
202348113005
202348113006
202348113007
202348113008
202348113009
202348113010
202348113011
202348113012
202348120101
202348120102
202348120103
202348120104
202348120105
202348120106
202348120107
202348120108
202348120109
202348120110
202348120111
202348120112
202348121201
202348121202
202348121203
202348121204
202348121205
202348121206
202348121207
202348121208
202348121209
202348121210
202348121211
202348121212
202348121301
202348121302
202348121303
202348121304
202348121305
202348121306
202348121307
202348121308
202348121309
202348121310
202348121311
202348121312
202348121401
202348121402
202348121403
202348121404
202348121405
202348121406
202348121407
202348121408
202348121409
202348121410
202348121411
202348121412
202348121501
202348121502
202348121503
202348121504
202348121505
202348121506
202348121507
202348121508
202348121509
202348121510
202348121511
202348121512
202348122001
202348122002
202348122003
202348122004
202348122005
202348122006
202348122007
202348122008
202348122009
202348122010
202348122011
202348122012
202348122101
202348122102
202348122103
202348122104
202348122105
202348122106
202348122107
202348122108
202348122109
202348122110
202348122111
202348122112
202348122201
202348122202
202348122203
202348122204
202348122205
202348122206
202348122207
202348122208
202348122209
202348122210
202348122211
202348122212
202348122501
202348122502
202348122503
202348122504
202348122505
202348122506
202348122507
202348122508
202348122509
202348122510
202348122511
202348122512
202350010201
202350010202
202350010203
202350010204
202350010205
202350010206
202350010207
202350010208
202350010209
202350010210
202350010211
202350010212
202350010301
202350010302
202350010303
202350010304
202350010305
202350010306
202350010307
202350010308
202350010309
202350010310
202350010311
202350010312
202350010401
202350010402
202350010403
202350010404
202350010405
202350010406
202350010407
202350010408
202350010409
202350010410
202350010411
202350010412
202350011001
202350011002
202350011003
202350011004
202350011005
202350011006
202350011007
202350011008
202350011009
202350011010
202350011011
202350011012
202350011101
202350011102
202350011103
202350011104
202350011105
202350011106
202350011107
202350011108
202350011109
202350011110
202350011111
202350011112
202350011201
202350011202
202350011203
202350011204
202350011205
202350011206
202350011207
202350011208
202350011209
202350011210
202350011211
202350011212
202350032801
202350032802
202350032803
202350032804
202350032805
202350032806
202350032807
202350032808
202350032809
202350032810
202350032812
202350032901
202350032902
202350032903
202350032904
202350032905
202350032906
202350032907
202350032908
202350032909
202350032910
202350032911
202350032912
202350033001
202350033002
202350033004
202350033005
202350033006
202350033007
202350033008
202350033009
202350033010
202350033011
202350033012
202350033101
202350033102
202350033103
202350033104
202350033105
202350033106
202350033107
202350033108
202350033109
202350033110
202350033111
202350033112
202350040401
202350040402
202350040403
202350040404
202350040405
202350040406
202350040407
202350040408
202350040409
202350040410
202350040411
202350040412
202350040501
202350040502
202350040503
202350040504
202350040505
202350040506
202350040507
202350040508
202350040509
202350040510
202350040511
202350040512
202350040602
202350040603
202350040604
202350040605
202350040606
202350040607
202350040608
202350040609
202350040610
202350040611
202350041101
202350041102
202350041103
202350041104
202350041105
202350041106
202350041107
202350041108
202350041109
202350041110
202350041111
202350041112
202350041201
202350041202
202350041203
202350041204
202350041205
202350041206
202350041207
202350041208
202350041209
202350041210
202350041211
202350041212
202350041301
202350041302
202350041303
202350041304
202350041305
202350041306
202350041307
202350041308
202350041309
202350041310
202350041311
202350041312
202350041401
202350041402
202350041403
202350041404
202350041405
202350041406
202350041407
202350041408
202350041409
202350041410
202350041411
202350041412
202350041801
202350041802
202350041803
202350041804
202350041805
202350041806
202350041807
202350041808
202350041809
202350041810
202350041811
202350041812
202350041901
202350041902
202350041903
202350041904
202350041905
202350041906
202350041907
202350041908
202350041909
202350041910
202350041911
202350041912
202350042001
202350042002
202350042003
202350042004
202350042005
202350042006
202350042007
202350042008
202350042009
202350042010
202350042011
202350042012
202350042601
202350042602
202350042603
202350042604
202350042605
202350042606
202350042607
202350042608
202350042609
202350042610
202350042611
202350042612
202350042701
202350042702
202350042703
202350042704
202350042705
202350042706
202350042707
202350042708
202350042709
202350042710
202350042711
202350042712
202350042801
202350042802
202350042803
202350042804
202350042805
202350042806
202350042807
202350042808
202350042809
202350042810
202350042811
202350042812
202350050201
202350050202
202350050203
202350050204
202350050205
202350050206
202350050207
202350050208
202350050209
202350050210
202350050211
202350050212
202350050301
202350050302
202350050303
202350050304
202350050305
202350050306
202350050307
202350050308
202350050309
202350050310
202350050311
202350050312
202350050401
202350050402
202350050403
202350050404
202350050405
202350050406
202350050407
202350050408
202350050409
202350050410
202350050411
202350050412
202350050501
202350050502
202350050503
202350050504
202350050505
202350050506
202350050507
202350050508
202350050509
202350050510
202350050511
202350050512
202350051001
202350051002
202350051003
202350051004
202350051005
202350051006
202350051007
202350051008
202350051009
202350051010
202350051011
202350051012
202350051101
202350051102
202350051103
202350051104
202350051105
202350051106
202350051107
202350051108
202350051109
202350051110
202350051111
202350051112
202350051201
202350051202
202350051203
202350051204
202350051205
202350051206
202350051207
202350051208
202350051209
202350051210
202350051211
202350051212
202350051701
202350051702
202350051703
202350051704
202350051705
202350051706
202350051707
202350051708
202350051709
202350051710
202350051711
202350051712
202350051801
202350051802
202350051803
202350051804
202350051805
202350051806
202350051807
202350051808
202350051809
202350051810
202350051811
202350051812
202350051901
202350051902
202350051904
202350051905
202350051906
202350051907
202350051908
202350051909
202350051910
202350051911
202350051912
202350052401
202350052402
202350052403
202350052404
202350052405
202350052406
202350052407
202350052408
202350052409
202350052410
202350052411
202350052412
202350052501
202350052502
202350052503
202350052504
202350052505
202350052506
202350052507
202350052508
202350052509
202350052510
202350052511
202350052512
202350052601
202350052602
202350052603
202350052604
202350052605
202350052606
202350052607
202350052608
202350052609
202350052610
202350052611
202350052612
202350053101
202350053102
202350053103
202350053104
202350053105
202350053106
202350053107
202350053108
202350053109
202350053110
202350053111
202350053112
202350060101
202350060102
202350060103
202350060104
202350060105
202350060106
202350060107
202350060108
202350060109
202350060110
202350060111
202350060112
202350060201
202350060202
202350060203
202350060204
202350060205
202350060206
202350060207
202350060208
202350060209
202350060210
202350060211
202350060701
202350060702
202350060703
202350060704
202350060705
202350060706
202350060707
202350060708
202350060709
202350060710
202350060711
202350060712
202350060801
202350060802
202350060803
202350060804
202350060805
202350060806
202350060807
202350060808
202350060809
202350060810
202350060811
202350060812
202350060901
202350060902
202350060903
202350060904
202350060905
202350060906
202350060907
202350060908
202350060909
202350060910
202350060911
202350060912
202350061401
202350061402
202350061403
202350061404
202350061405
202350061406
202350061407
202350061408
202350061409
202350061410
202350061411
202350061412
202350061501
202350061502
202350061503
202350061504
202350061505
202350061506
202350061507
202350061508
202350061509
202350061510
202350061511
202350061512
202350061601
202350061602
202350061603
202350061604
202350061605
202350061606
202350061607
202350061608
202350061609
202350061610
202350061611
202350061612
202350062101
202350062102
202350062103
202350062104
202350062105
202350062106
202350062107
202350062108
202350062109
202350062110
202350062111
202350062112
202350062201
202350062202
202350062203
202350062204
202350062205
202350062206
202350062207
202350062208
202350062209
202350062210
202350062211
202350062212
202350062301
202350062302
202350062303
202350062304
202350062305
202350062306
202350062307
202350062308
202350062309
202350062310
202350062311
202350062312
202350062801
202350062802
202350062803
202350062804
202350062805
202350062806
202350062807
202350062808
202350062809
202350062810
202350062811
202350062812
202350062901
202350062902
202350062903
202350062904
202350062905
202350062906
202350062907
202350062908
202350062909
202350062910
202350062911
202350062912
202350063001
202350063002
202350063003
202350063004
202350063005
202350063006
202350063007
202350063008
202350063009
202350063010
202350063011
202350063012
202350070501
202350070502
202350070503
202350070504
202350070505
202350070506
202350070507
202350070508
202350070509
202350070510
202350070511
202350070512
202350070601
202350070602
202350070603
202350070604
202350070605
202350070606
202350070607
202350070608
202350070609
202350070610
202350070611
202350070612
202350070701
202350070702
202350070703
202350070704
202350070705
202350070706
202350070707
202350070708
202350070709
202350070710
202350070711
202350070712
202350071201
202350071202
202350071203
202350071204
202350071205
202350071206
202350071207
202350071208
202350071209
202350071210
202350071211
202350071212
202350071301
202350071302
202350071303
202350071304
202350071305
202350071306
202350071307
202350071308
202350071309
202350071310
202350071311
202350071312
202350071401
202350071402
202350071403
202350071404
202350071405
202350071406
202350071407
202350071408
202350071409
202350071410
202350071411
202350071412
202350071901
202350071903
202350071904
202350071905
202350071906
202350071907
202350071908
202350071909
202350071910
202350071911
202350071912
202350072001
202350072002
202350072003
202350072004
202350072005
202350072006
202350072007
202350072008
202350072009
202350072010
202350072011
202350072012
202350072101
202350072102
202350072103
202350072104
202350072105
202350072106
202350072107
202350072108
202350072109
202350072110
202350072111
202350072112
202350072601
202350072602
202350072603
202350072604
202350072605
202350072606
202350072607
202350072608
202350072609
202350072610
202350072611
202350072612
202350072701
202350072702
202350072703
202350072704
202350072705
202350072706
202350072707
202350072708
202350072709
202350072710
202350072711
202350072712
202350072801
202350072802
202350072803
202350072804
202350072805
202350072806
202350072807
202350072808
202350072809
202350072810
202350072811
202350072812
202350080201
202350080202
202350080203
202350080204
202350080205
202350080206
202350080207
202350080208
202350080209
202350080210
202350080211
202350080212
202350080301
202350080302
202350080303
202350080304
202350080305
202350080306
202350080307
202350080308
202350080309
202350080310
202350080311
202350080312
202350080401
202350080402
202350080403
202350080404
202350080405
202350080406
202350080407
202350080408
202350080409
202350080410
202350080411
202350080412
202350080901
202350080902
202350080903
202350080904
202350080905
202350080906
202350080907
202350080908
202350080909
202350080910
202350080911
202350080912
202350081001
202350081002
202350081003
202350081004
202350081005
202350081006
202350081007
202350081008
202350081009
202350081010
202350081011
202350081012
202350081101
202350081102
202350081103
202350081104
202350081105
202350081106
202350081107
202350081108
202350081109
202350081110
202350081111
202350081112
202350081601
202350081602
202350081603
202350081604
202350081605
202350081606
202350081607
202350081608
202350081609
202350081610
202350081611
202350081612
202350081701
202350081702
202350081703
202350081704
202350081705
202350081706
202350081707
202350081708
202350081709
202350081710
202350081711
202350081712
202350081801
202350081802
202350081803
202350081804
202350081805
202350081806
202350081807
202350081808
202350081809
202350081810
202350081811
202350082301
202350082302
202350082303
202350082304
202350082305
202350082306
202350082307
202350082308
202350082309
202350082310
202350082311
202350082312
202350082401
202350082402
202350082403
202350082404
202350082405
202350082406
202350082407
202350082408
202350082409
202350082410
202350082411
202350082412
202350082501
202350082502
202350082503
202350082504
202350082505
202350082506
202350082507
202350082508
202350082509
202350082510
202350082511
202350082512
202350083001
202350083002
202350083003
202350083004
202350083005
202350083006
202350083007
202350083008
202350083009
202350083010
202350083011
202350083012
202350083101
202350083102
202350083103
202350083104
202350083105
202350083106
202350083107
202350083108
202350083109
202350083110
202350083111
202350083112
202350090101
202350090102
202350090103
202350090104
202350090105
202350090106
202350090107
202350090108
202350090109
202350090110
202350090111
202350090112
202350090601
202350090602
202350090603
202350090604
202350090605
202350090606
202350090607
202350090608
202350090609
202350090610
202350090611
202350090612
202350090701
202350090702
202350090703
202350090704
202350090705
202350090706
202350090707
202350090708
202350090709
202350090710
202350090711
202350090712
202350090801
202350090802
202350090803
202350090804
202350090805
202350090806
202350090807
202350090808
202350090809
202350090810
202350090811
202350090812
202350091301
202350091302
202350091303
202350091304
202350091305
202350091306
202350091307
202350091308
202350091309
202350091310
202350091311
202350091312
202350091401
202350091402
202350091403
202350091404
202350091405
202350091406
202350091407
202350091408
202350091409
202350091410
202350091411
202350091412
202350091501
202350091502
202350091503
202350091504
202350091505
202350091506
202350091507
202350091508
202350091509
202350091510
202350091511
202350091512
202350092001
202350092002
202350092003
202350092004
202350092005
202350092006
202350092007
202350092008
202350092009
202350092010
202350092011
202350092012
202350092101
202350092102
202350092103
202350092104
202350092105
202350092106
202350092107
202350092108
202350092109
202350092110
202350092111
202350092112
202350092201
202350092202
202350092203
202350092204
202350092205
202350092206
202350092207
202350092208
202350092209
202350092210
202350092211
202350092212
202350092701
202350092702
202350092703
202350092704
202350092705
202350092706
202350092707
202350092708
202350092709
202350092710
202350092711
202350092712
202350092801
202350092802
202350092803
202350092804
202350092805
202350092806
202350092807
202350092808
202350092809
202350092810
202350092811
202350092812
202350092901
202350092902
202350092903
202350092904
202350092905
202350092906
202350092907
202350092908
202350092909
202350092910
202350092911
202350092912
202350100401
202350100402
202350100403
202350100404
202350100405
202350100406
202350100407
202350100408
202350100409
202350100410
202350100411
202350100412
202350100501
202350100502
202350100503
202350100504
202350100505
202350100506
202350100507
202350100508
202350100509
202350100510
202350100511
202350100512
202350100601
202350100602
202350100603
202350100604
202350100605
202350100606
202350100607
202350100608
202350100609
202350100610
202350100611
202350100612
202350101101
202350101102
202350101103
202350101104
202350101105
202350101106
202350101107
202350101108
202350101109
202350101110
202350101111
202350101112
202350101201
202350101202
202350101203
202350101204
202350101205
202350101206
202350101207
202350101208
202350101209
202350101210
202350101211
202350101212
202350101301
202350101302
202350101303
202350101304
202350101305
202350101306
202350101307
202350101308
202350101309
202350101310
202350101311
202350101312
202350101801
202350101802
202350101803
202350101804
202350101805
202350101806
202350101807
202350101808
202350101809
202350101810
202350101811
202350101812
202350101901
202350101902
202350101903
202350101904
202350101905
202350101906
202350101907
202350101908
202350101909
202350101910
202350101911
202350101912
202350102001
202350102002
202350102003
202350102004
202350102005
202350102006
202350102007
202350102008
202350102009
202350102010
202350102011
202350102012
202350102501
202350102502
202350102503
202350102504
202350102505
202350102506
202350102507
202350102508
202350102509
202350102510
202350102511
202350102512
202350102601
202350102602
202350102603
202350102604
202350102605
202350102606
202350102607
202350102608
202350102609
202350102610
202350102611
202350102612
202350102701
202350102702
202350102703
202350102704
202350102705
202350102706
202350102707
202350102708
202350102709
202350102710
202350102711
202350102712
202350103101
202350103102
202350103103
202350103104
202350103105
202350103106
202350103107
202350103108
202350103109
202350103110
202350103111
202350110101
202350110102
202350110103
202350110104
202350110105
202350110106
202350110107
202350110108
202350110109
202350110110
202350110111
202350110112
202350110201
202350110202
202350110203
202350110204
202350110205
202350110206
202350110207
202350110208
202350110209
202350110210
202350110211
202350110212
202350110301
202350110302
202350110303
202350110304
202350110305
202350110306
202350110307
202350110308
202350110701
202350110702
202350110703
202350110704
202350110705
202350110706
202350110707
202350110708
202350110709
202350110710
202350110711
202350110712
202350110801
202350110802
202350110803
202350110804
202350110805
202350110806
202350110807
202350110808
202350110809
202350110810
202350110811
202350110812
202350110901
202350110902
202350110903
202350110904
202350110905
202350110906
202350110907
202350110908
202350110909
202350110910
202350110911
202350110912
202350111401
202350111402
202350111403
202350111404
202350111405
202350111406
202350111407
202350111408
202350111409
202350111410
202350111411
202350111412
202350111501
202350111502
202350111503
202350111504
202350111505
202350111506
202350111507
202350111508
202350111509
202350111510
202350111511
202350111512
202350111601
202350111602
202350111603
202350111604
202350111605
202350111606
202350111607
202350111608
202350111609
202350111610
202350111611
202350111612
202350112101
202350112102
202350112103
202350112104
202350112105
202350112106
202350112107
202350112108
202350112109
202350112110
202350112111
202350112112
202350112201
202350112202
202350112203
202350112204
202350112205
202350112206
202350112207
202350112208
202350112209
202350112210
202350112211
202350112212
202350112301
202350112302
202350112303
202350112304
202350112305
202350112306
202350112307
202350112308
202350112309
202350112310
202350112311
202350112312
202350112801
202350112802
202350112803
202350112804
202350112805
202350112806
202350112807
202350112808
202350112809
202350112810
202350112811
202350112812
202350112901
202350112902
202350112903
202350112904
202350112905
202350112906
202350112907
202350112908
202350112909
202350112910
202350112911
202350112912
202350113001
202350113002
202350113003
202350113004
202350113005
202350113006
202350113007
202350113008
202350113009
202350113010
202350113011
202350120101
202350120102
202350120103
202350120104
202350120105
202350120106
202350120107
202350120108
202350120109
202350120110
202350120111
202350120112
202350120501
202350120502
202350120503
202350120504
202350120505
202350120506
202350120507
202350120508
202350120509
202350120510
202350120511
202350120512
202350120601
202350120602
202350120603
202350120604
202350120605
202350120606
202350120607
202350120608
202350120609
202350120610
202350120611
202350120612
202350120701
202350120702
202350120703
202350120704
202350120705
202350120706
202350120707
202350120708
202350120709
202350120710
202350120711
202350120712
202350121201
202350121202
202350121203
202350121204
202350121205
202350121206
202350121207
202350121208
202350121209
202350121210
202350121211
202350121212
202350121301
202350121302
202350121303
202350121304
202350121305
202350121306
202350121307
202350121308
202350121309
202350121310
202350121311
202350121312
202350121401
202350121402
202350121403
202350121404
202350121405
202350121406
202350121407
202350121408
202350121409
202350121410
202350121411
202350121412
202350121901
202350121902
202350121903
202350121904
202350121905
202350121906
202350121907
202350121908
202350121909
202350121910
202350121911
202350121912
202350122001
202350122002
202350122003
202350122004
202350122005
202350122006
202350122007
202350122008
202350122009
202350122010
202350122011
202350122012
202350122101
202350122102
202350122103
202350122104
202350122105
202350122106
202350122107
202350122108
202350122109
202350122110
202350122111
202350122112
202350122901
202350122902
202350122903
202350122904
202350122905
202350122906
202350122907
202350122908
202350122909
202350122910
202350122911
202350122912
202350123001
202350123002
202350123003
202350123004
202350123005
202350123006
202350123007
202350123008
202350123009
202350123010
202350123011
202350123012
202350123101
202350123102
202350123103
202350123104
202350123105
202350123106
202350123107
202350123108
202350123109
202350123110
202350123111
202350123112
202351011702
202351011703
202351011704
202351011705
202351011706
202351011707
202351011708
202351011709
202351011710
202351011711
202351011712
202351011801
202351011802
202351011803
202351011804
202351011805
202351011806
202351011807
202351011808
202351011809
202351011810
202351011811
202351011812
202351011901
202351011902
202351011903
202351011904
202351011905
202351011906
202351011907
202351011908
202351011909
202351011910
202351011911
202351011912
202351012401
202351012402
202351012403
202351012404
202351012405
202351012406
202351012407
202351012408
202351012409
202351012410
202351012411
202351012412
202351012501
202351012502
202351012503
202351012504
202351012505
202351012506
202351012507
202351012508
202351012509
202351012510
202351012511
202351012512
202351012601
202351012602
202351012603
202351012604
202351012605
202351012606
202351012607
202351012608
202351012609
202351012610
202351012611
202351012612
202351012701
202351012702
202351012703
202351012704
202351012705
202351012706
202351012707
202351012708
202351012709
202351012710
202351012711
202351012712
202351013101
202351013102
202351013103
202351013104
202351013105
202351013107
202351013108
202351013109
202351013110
202351013111
202351013112
202351020101
202351020102
202351020103
202351020104
202351020105
202351020106
202351020107
202351020108
202351020109
202351020110
202351020111
202351020112
202351020201
202351020202
202351020203
202351020204
202351020205
202351020206
202351020207
202351020208
202351020209
202351020210
202351020211
202351020212
202351020701
202351020702
202351020703
202351020704
202351020705
202351020706
202351020707
202351020708
202351020709
202351020710
202351020711
202351020712
202351020801
202351020802
202351020803
202351020804
202351020805
202351020806
202351020807
202351020808
202351020809
202351020810
202351020811
202351020812
202351020901
202351020902
202351020903
202351020904
202351020905
202351020906
202351020907
202351020908
202351020909
202351020910
202351020911
202351020912
202351021401
202351021402
202351021403
202351021404
202351021405
202351021406
202351021407
202351021408
202351021409
202351021410
202351021411
202351021412
202351021501
202351021502
202351021503
202351021504
202351021505
202351021506
202351021507
202351021508
202351021509
202351021510
202351021511
202351021512
202351021601
202351021602
202351021603
202351021604
202351021605
202351021606
202351021607
202351021608
202351021609
202351021610
202351021611
202351021612
202351022101
202351022102
202351022103
202351022104
202351022105
202351022106
202351022107
202351022108
202351022109
202351022110
202351022111
202351022112
202351022201
202351022202
202351022203
202351022204
202351022205
202351022206
202351022207
202351022208
202351022209
202351022210
202351022211
202351022212
202351022301
202351022302
202351022303
202351022304
202351022305
202351022306
202351022307
202351022308
202351022309
202351022310
202351022311
202351022312
202351022801
202351022802
202351022803
202351022804
202351022805
202351022806
202351022807
202351022808
202351022809
202351022810
202351022811
202351022812
202351030101
202351030102
202351030103
202351030104
202351030105
202351030106
202351030107
202351030108
202351030109
202351030110
202351030111
202351030112
202351030201
202351030202
202351030203
202351030204
202351030205
202351030206
202351030207
202351030208
202351030209
202351030210
202351030211
202351030212
202351030701
202351030702
202351030703
202351030704
202351030705
202351030706
202351030707
202351030708
202351030709
202351030710
202351030711
202351030712
202351030801
202351030802
202351030803
202351030804
202351030805
202351030806
202351030807
202351030808
202351030809
202351030810
202351030811
202351030812
202351030901
202351030902
202351030903
202351030904
202351030905
202351030906
202351030907
202351030908
202351030909
202351030910
202351030911
202351030912
202351031401
202351031402
202351031403
202351031404
202351031405
202351031406
202351031407
202351031408
202351031409
202351031410
202351031411
202351031412
202351031501
202351031502
202351031503
202351031504
202351031505
202351031506
202351031507
202351031508
202351031509
202351031510
202351031511
202351031512
202351031601
202351031602
202351031603
202351031604
202351031605
202351031606
202351031607
202351031608
202351031609
202351031610
202351031611
202351031612
202351032102
202351032103
202351032104
202351032105
202351032106
202351032107
202351032108
202351032109
202351032110
202351032111
202351032112
202351032201
202351032202
202351032203
202351032204
202351032205
202351032206
202351032207
202351032208
202351032209
202351032210
202351032211
202351032212
202351032301
202351032302
202351032303
202351032304
202351032305
202351032306
202351032307
202351032308
202351032309
202351032310
202351032311
202351032312
202354010101
202354010102
202354010103
202354010104
202354010105
202354010106
202354010107
202354010108
202354010109
202354010110
202354010111
202354010801
202354010802
202354010803
202354010804
202354010805
202354010806
202354010807
202354010808
202354010809
202354010901
202354010902
202354010903
202354010904
202354010905
202354010906
202354010907
202354010908
202354010909
202354011001
202354011002
202354011003
202354011004
202354011005
202354011006
202354011007
202354011008
202354011009
202354011101
202354011102
202354011103
202354011104
202354011105
202354011106
202354011107
202354011108
202354011109
202354011501
202354011502
202354011503
202354011504
202354011505
202354011506
202354011507
202354011508
202354011509
202354011701
202354011702
202354011703
202354011704
202354011705
202354011706
202354011707
202354011708
202354011709
202354011710
202354011801
202354011802
202354011803
202354011804
202354011805
202354011806
202354011807
202354011808
202354011809
202354011810
202354012201
202354012202
202354012203
202354012204
202354012205
202354012206
202354012207
202354012208
202354012209
202354012210
202354012401
202354012402
202354012403
202354012404
202354012405
202354012406
202354012407
202354012408
202354012409
202354012410
202354012411
202354012501
202354012502
202354012503
202354012504
202354012505
202354012506
202354012507
202354012508
202354012509
202354012510
202354012901
202354012902
202354012903
202354012904
202354012905
202354012906
202354012907
202354012908
202354012909
202354012910
202354012911
202354013101
202354013102
202354013103
202354013104
202354013105
202354013106
202354013107
202354013108
202354013109
202354013110
202354013111
202354020101
202354020102
202354020103
202354020104
202354020105
202354020106
202354020107
202354020108
202354020109
202354020110
202354020501
202354020502
202354020503
202354020505
202354020506
202354020507
202354020508
202354020509
202354020510
202354020701
202354020702
202354020703
202354020704
202354020705
202354020706
202354020707
202354020708
202354020709
202354020710
202354020801
202354020802
202354020803
202354020804
202354020805
202354020806
202354020807
202354020808
202354020809
202354021201
202354021202
202354021203
202354021204
202354021205
202354021206
202354021207
202354021208
202354021209
202354021301
202354021302
202354021303
202354021304
202354021305
202354021306
202354021307
202354021308
202354021309
202354021401
202354021402
202354021403
202354021404
202354021405
202354021406
202354021407
202354021408
202354021409
202354021902
202354021903
202354021904
202354021905
202354021906
202354021907
202354021908
202354021909
202354021910
202354022101
202354022102
202354022103
202354022104
202354022105
202354022106
202354022107
202354022108
202354022109
202354022201
202354022202
202354022203
202354022204
202354022205
202354022206
202354022207
202354022208
202354022209
202354022601
202354022602
202354022603
202354022604
202354022605
202354022606
202354022607
202354022608
202354022609
202354022801
202354022802
202354022803
202354022804
202354022805
202354022806
202354022807
202354022808
202354022809
202354022810
202354030101
202354030102
202354030103
202354030104
202354030105
202354030106
202354030107
202354030108
202354030109
202354030110
202354030501
202354030502
202354030503
202354030504
202354030505
202354030506
202354030507
202354030508
202354030601
202354030602
202354030603
202354030604
202354030605
202354030606
202354030607
202354030608
202354030609
202354030701
202354030702
202354030703
202354030704
202354030705
202354030706
202354030707
202354030708
202354031202
202354031203
202354031204
202354031205
202354031206
202354031207
202354031208
202354031209
202354031401
202354031402
202354031403
202354031404
202354031405
202354031406
202354031407
202354031408
202354031409
202354031410
202354031411
202354031501
202354031502
202354031503
202354031504
202354031505
202354031506
202354031507
202354031508
202354031509
202354031510
202354031901
202354031902
202354031903
202354031904
202354031905
202354031906
202354031907
202354031908
202354031909
202354031910
202354032101
202354032102
202354032103
202354032104
202354032105
202354032106
202354032107
202354032108
202354032109
202354032110
202354032201
202354032202
202354032203
202354032205
202354032206
202354032207
202354032208
202354032209
202354032601
202354032602
202354032603
202354032604
202354032605
202354032606
202354032607
202354032608
202354032609
202354032610
202354032611
202354032612
202354032801
202354032802
202354032803
202354032804
202354032805
202354032806
202354032807
202354032808
202354032809
202354032810
202354032811
202354032812
202354032901
202354032902
202354032903
202354032904
202354032905
202354032906
202354032907
202354032908
202354032909
202354032910
202354032911
202354032912
202354040801
202354040802
202354040803
202354040804
202354040805
202354040806
202354040807
202354040808
202354040809
202354040810
202354040811
202354040901
202354040902
202354040903
202354040904
202354040905
202354040906
202354040907
202354040908
202354040909
202354040910
202354040911
202354040912
202354041501
202354041502
202354041503
202354041504
202354041505
202354041506
202354041508
202354041509
202354041510
202354041511
202354041512
202354041601
202354041602
202354041603
202354041604
202354041605
202354041606
202354041607
202354041608
202354041609
202354041610
202354041611
202354041612
202354042201
202354042202
202354042203
202354042204
202354042205
202354042206
202354042207
202354042208
202354042209
202354042210
202354042211
202354042301
202354042302
202354042303
202354042304
202354042305
202354042306
202354042307
202354042308
202354042309
202354042310
202354042311
202354042901
202354042902
202354042903
202354042904
202354042905
202354042906
202354042907
202354042908
202354042909
202354042910
202354042911
202354043001
202354043002
202354043003
202354043004
202354043005
202354043006
202354043007
202354043008
202354043009
202354043010
202354043011
202354043012
202354050601
202354050602
202354050603
202354050604
202354050605
202354050606
202354050607
202354050608
202354050609
202354050610
202354050611
202354050701
202354050702
202354050703
202354050704
202354050705
202354050706
202354050707
202354050708
202354050709
202354050710
202354050711
202354051301
202354051302
202354051303
202354051304
202354051305
202354051306
202354051307
202354051308
202354051309
202354051310
202354051311
202354051401
202354051402
202354051403
202354051404
202354051405
202354051406
202354051407
202354051408
202354051409
202354051410
202354051411
202354051412
202354052001
202354052002
202354052003
202354052004
202354052005
202354052006
202354052007
202354052008
202354052009
202354052010
202354052011
202354052101
202354052102
202354052103
202354052104
202354052105
202354052106
202354052107
202354052108
202354052109
202354052110
202354052111
202354052801
202354052802
202354052803
202354052804
202354052805
202354052806
202354052807
202354052808
202354052809
202354052810
202354052811
202354052812
202354053001
202354053002
202354053003
202354053004
202354053005
202354053006
202354053007
202354053008
202354053009
202354053010
202354053011
202354061001
202354061002
202354061003
202354061004
202354061005
202354061006
202354061007
202354061008
202354061009
202354061010
202354061011
202354061101
202354061102
202354061103
202354061104
202354061105
202354061106
202354061107
202354061108
202354061109
202354061110
202354061111
202354061112
202354061701
202354061702
202354061703
202354061704
202354061705
202354061706
202354061707
202354061708
202354061709
202354061710
202354061711
202354061712
202354061801
202354061802
202354061803
202354061804
202354061805
202354061806
202354061807
202354061808
202354061809
202354061810
202354061811
202354061812
202354062401
202354062402
202354062403
202354062404
202354062405
202354062406
202354062407
202354062408
202354062409
202354062410
202354062411
202354062501
202354062502
202354062503
202354062504
202354062505
202354062506
202354062507
202354062508
202354062509
202354062510
202354062511
202354070101
202354070102
202354070103
202354070104
202354070105
202354070106
202354070107
202354070108
202354070109
202354070110
202354070111
202354070112
202354070201
202354070202
202354070203
202354070204
202354070205
202354070206
202354070207
202354070208
202354070209
202354070210
202354070211
202354070801
202354070802
202354070803
202354070804
202354070805
202354070806
202354070807
202354070808
202354070809
202354070810
202354070811
202354070901
202354070902
202354070903
202354070904
202354070905
202354070906
202354070907
202354070908
202354070909
202354070910
202354070911
202354070912
202354071601
202354071602
202354071603
202354071604
202354071605
202354071606
202354071607
202354071608
202354071609
202354071610
202354071611
202354071612
202354071701
202354071702
202354071703
202354071704
202354071705
202354071706
202354071707
202354071708
202354071709
202354071710
202354071711
202354072201
202354072202
202354072203
202354072204
202354072205
202354072206
202354072207
202354072208
202354072209
202354072210
202354072211
202354072212
202354072301
202354072302
202354072303
202354072304
202354072305
202354072306
202354072307
202354072308
202354072309
202354072310
202354072311
202354072312
202354072901
202354072902
202354072903
202354072904
202354072905
202354072906
202354072907
202354072908
202354072909
202354072910
202354072911
202354073001
202354073002
202354073003
202354073004
202354073005
202354073006
202354073007
202354073008
202354073009
202354073010
202354073011
202354081201
202354081202
202354081203
202354081204
202354081205
202354081206
202354081207
202354081208
202354081209
202354081210
202354081211
202354081212
202354081301
202354081302
202354081303
202354081304
202354081305
202354081306
202354081307
202354081308
202354081309
202354081310
202354081311
202354081312
202354081901
202354081902
202354081903
202354081904
202354081905
202354081906
202354081907
202354081908
202354081909
202354081910
202354081911
202354081912
202354082001
202354082002
202354082003
202354082004
202354082005
202354082006
202354082007
202354082008
202354082009
202354082010
202354082011
202354082601
202354082602
202354082603
202354082604
202354082605
202354082606
202354082607
202354082608
202354082609
202354082610
202354082611
202354082701
202354082702
202354082703
202354082704
202354082705
202354082706
202354082707
202354082708
202354082709
202354082710
202354082711
202354082712
202354090201
202354090202
202354090203
202354090204
202354090205
202354090206
202354090207
202354090208
202354090209
202354090210
202354090211
202354090301
202354090302
202354090303
202354090304
202354090305
202354090306
202354090307
202354090308
202354090309
202354090310
202354090311
202354090901
202354090902
202354090903
202354090904
202354090905
202354090906
202354090907
202354090908
202354090909
202354090910
202354090911
202354090912
202354091001
202354091002
202354091003
202354091004
202354091005
202354091006
202354091007
202354091008
202354091009
202354091010
202354091011
202354091012
202354091701
202354091702
202354091703
202354091704
202354091705
202354091706
202354091707
202354091708
202354091709
202354091710
202354091711
202354091801
202354091802
202354091803
202354091804
202354091805
202354091806
202354091807
202354091808
202354091809
202354091810
202354091811
202354091812
202354093001
202354093002
202354093003
202354093004
202354093005
202354093006
202354093007
202354093008
202354093009
202354093010
202354093011
202354100101
202354100102
202354100103
202354100104
202354100105
202354100106
202354100107
202354100108
202354100109
202354100110
202354100111
202354100701
202354100702
202354100703
202354100704
202354100705
202354100706
202354100707
202354100708
202354100709
202354100710
202354100711
202354100801
202354100802
202354100803
202354100804
202354100805
202354100806
202354100807
202354100808
202354100809
202354100810
202354100811
202354100812
202354101401
202354101402
202354101403
202354101404
202354101405
202354101406
202354101407
202354101408
202354101409
202354101410
202354101411
202354101412
202354101501
202354101502
202354101503
202354101504
202354101505
202354101506
202354101507
202354101508
202354101509
202354101510
202354101511
202354101512
202354102101
202354102102
202354102103
202354102104
202354102105
202354102106
202354102107
202354102108
202354102109
202354102110
202354102111
202354102112
202354102201
202354102202
202354102203
202354102204
202354102205
202354102206
202354102207
202354102208
202354102209
202354102210
202354102211
202354102801
202354102802
202354102803
202354102804
202354102805
202354102806
202354102807
202354102808
202354102809
202354102810
202354102811
202354102812
202354102901
202354102902
202354102903
202354102904
202354102905
202354102906
202354102907
202354102908
202354102909
202354102910
202354102911
202354102912
202354110401
202354110402
202354110403
202354110404
202354110405
202354110406
202354110407
202354110408
202354110409
202354110410
202354110411
202354110412
202354110501
202354110502
202354110503
202354110504
202354110505
202354110506
202354110507
202354110508
202354110509
202354110510
202354110511
202354110512
202354111101
202354111102
202354111103
202354111104
202354111105
202354111106
202354111107
202354111108
202354111109
202354111110
202354111111
202354111112
202354111201
202354111202
202354111203
202354111204
202354111205
202354111206
202354111207
202354111208
202354111209
202354111210
202354111211
202354111212
202354111801
202354111802
202354111803
202354111804
202354111805
202354111806
202354111807
202354111808
202354111809
202354111810
202354111811
202354111901
202354111902
202354111903
202354111904
202354111905
202354111906
202354111907
202354111908
202354111909
202354111910
202354111911
202354111912
202354112501
202354112502
202354112503
202354112504
202354112505
202354112506
202354112507
202354112508
202354112509
202354112510
202354112511
202354112512
202354112601
202354112602
202354112603
202354112604
202354112605
202354112606
202354112607
202354112608
202354112609
202354112610
202354112611
202354112612
202354120201
202354120202
202354120203
202354120204
202354120205
202354120206
202354120207
202354120208
202354120209
202354120210
202354120301
202354120302
202354120303
202354120304
202354120305
202354120306
202354120307
202354120308
202354120309
202354120310
202354120311
202354120901
202354120902
202354120903
202354120904
202354120905
202354120906
202354120907
202354120908
202354120909
202354120910
202354120911
202354120912
202354121001
202354121002
202354121003
202354121004
202354121005
202354121006
202354121007
202354121008
202354121009
202354121010
202354121011
202354121012
202354121601
202354121602
202354121603
202354121604
202354121605
202354121606
202354121607
202354121608
202354121609
202354121610
202354121701
202354121702
202354121703
202354121704
202354121705
202354121706
202354121707
202354121708
202354121709
202354121710
202354121711
202354122801
202354122802
202354122803
202354122804
202354122805
202354122806
202354122807
202354122808
202354122809
202354122810
202354122811
202354122812
202354122901
202354122902
202354122903
202354122904
202354122905
202354122906
202354122907
202354122908
202354122909
202354122910
202354122911
202354122912
202354123101
202354123102
202354123103
202354123104
202354123105
202354123106
202354123107
202354123108
202354123109
202354123110
202355010301
202355010302
202355010303
202355010304
202355010305
202355010306
202355010307
202355010309
202355010310
202355010401
202355010402
202355010404
202355010406
202355010407
202355010408
202355010409
202355010410
202355010501
202355010502
202355010503
202355010504
202355010505
202355010506
202355010507
202355010508
202355010510
202355010701
202355010702
202355010703
202355010704
202355010705
202355010707
202355010708
202355010709
202355011201
202355011202
202355011203
202355011204
202355011205
202355011206
202355011208
202355011209
202355011210
202355011503
202355011504
202355011505
202355011506
202355011507
202355011508
202355011509
202355011510
202355012101
202355012102
202355012103
202355012104
202355012105
202355012106
202355012107
202355012108
202355012109
202355012110
202355012111
202355012201
202355012202
202355012203
202355012204
202355012205
202355012206
202355012207
202355012208
202355012209
202355012210
202355012211
202355012301
202355012302
202355012303
202355012304
202355012306
202355012309
202355012310
202355012311
202355012312
202355012801
202355012802
202355012803
202355012804
202355012805
202355012806
202355012807
202355012808
202355012809
202355012810
202355012811
202355012812
202355012901
202355012902
202355012903
202355012904
202355012905
202355012906
202355012908
202355012910
202355012911
202355020401
202355020402
202355020404
202355020405
202355020406
202355020407
202355020408
202355020409
202355020410
202355020411
202355020412
202355020501
202355020502
202355020503
202355020504
202355020506
202355020507
202355020508
202355020509
202355020510
202355020511
202355020901
202355020902
202355020903
202355020904
202355020905
202355020906
202355020907
202355020908
202355020909
202355020910
202355020911
202355020912
202355021101
202355021102
202355021103
202355021104
202355021105
202355021106
202355021107
202355021109
202355021110
202355021111
202355021201
202355021202
202355021203
202355021204
202355021206
202355021207
202355021208
202355021209
202355021210
202355021211
202355021802
202355021803
202355021804
202355021805
202355021808
202355021809
202355021810
202355021811
202355021812
202355021901
202355021902
202355021903
202355021904
202355021905
202355021906
202355021907
202355021908
202355021909
202355021910
202355021911
202355022301
202355022303
202355022304
202355022305
202355022306
202355022307
202355022309
202355022310
202355022311
202355022501
202355022502
202355022503
202355022504
202355022505
202355022506
202355022507
202355022509
202355022510
202355022511
202355022601
202355022602
202355022603
202355022604
202355022605
202355022606
202355022607
202355022608
202355022610
202355022611
202355030401
202355030402
202355030403
202355030404
202355030405
202355030406
202355030407
202355030408
202355030410
202355030411
202355030502
202355030503
202355030504
202355030505
202355030506
202355030507
202355030508
202355030509
202355030511
202355031001
202355031003
202355031004
202355031005
202355031007
202355031008
202355031009
202355031010
202355031011
202355031101
202355031102
202355031103
202355031104
202355031105
202355031106
202355031107
202355031108
202355031110
202355031111
202355031201
202355031202
202355031203
202355031204
202355031205
202355031206
202355031207
202355031208
202355031209
202355031210
202355031211
202355031802
202355031803
202355031804
202355031805
202355031806
202355031807
202355031808
202355031809
202355031810
202355031811
202355031902
202355031903
202355031904
202355031905
202355031906
202355031907
202355031908
202355031909
202355031911
202355032401
202355032402
202355032403
202355032405
202355032406
202355032407
202355032408
202355032409
202355032410
202355032411
202355032501
202355032502
202355032503
202355032504
202355032505
202355032507
202355032508
202355032509
202355032510
202355032511
202355032601
202355032603
202355032604
202355032605
202355032606
202355032607
202355032608
202355032609
202355032610
202355032611
202355040101
202355040102
202355040103
202355040104
202355040105
202355040106
202355040107
202355040108
202355040109
202355040110
202355040111
202355040201
202355040203
202355040204
202355040206
202355040207
202355040208
202355040210
202355040801
202355040802
202355040803
202355040804
202355040805
202355040806
202355040807
202355040808
202355040809
202355040810
202355040811
202355040901
202355040902
202355040903
202355040904
202355040905
202355040906
202355040907
202355040908
202355040909
202355040910
202355040911
202355041601
202355041603
202355041605
202355041606
202355041607
202355041608
202355041609
202355041610
202355041611
202355042202
202355042203
202355042204
202355042205
202355042207
202355042208
202355042209
202355042210
202355042211
202355042301
202355042302
202355042303
202355042304
202355042305
202355042306
202355042307
202355042308
202355042309
202355042310
202355042311
202355042401
202355042402
202355042403
202355042404
202355042405
202355042406
202355042407
202355042408
202355042409
202355042410
202355042411
202355042901
202355042904
202355042905
202355042906
202355042907
202355042908
202355042909
202355042910
202355042911
202355043001
202355043002
202355043003
202355043004
202355043005
202355043006
202355043008
202355043009
202355043010
202355043011
202355050602
202355050604
202355050605
202355050606
202355050607
202355050608
202355050609
202355050610
202355050611
202355050701
202355050702
202355050703
202355050705
202355050706
202355050707
202355050708
202355050709
202355050710
202355050711
202355050801
202355050802
202355050803
202355050804
202355050805
202355050807
202355050808
202355050809
202355050810
202355050811
202355051301
202355051302
202355051303
202355051304
202355051305
202355051306
202355051307
202355051309
202355051310
202355051311
202355051401
202355051402
202355051404
202355051405
202355051406
202355051407
202355051408
202355051409
202355051410
202355051411
202355052001
202355052003
202355052004
202355052005
202355052006
202355052007
202355052008
202355052009
202355052010
202355052011
202355052101
202355052102
202355052103
202355052104
202355052106
202355052107
202355052108
202355052109
202355052110
202355052111
202355052201
202355052202
202355052203
202355052204
202355052205
202355052207
202355052208
202355052209
202355052210
202355052211
202355052701
202355052703
202355052704
202355052706
202355052707
202355052708
202355052709
202355052710
202355052711
202355052801
202355052802
202355052803
202355052804
202355052805
202355052806
202355052807
202355052808
202355052809
202355052810
202355052811
202355060301
202355060302
202355060303
202355060304
202355060305
202355060306
202355060307
202355060308
202355060309
202355060310
202355060311
202355060401
202355060402
202355060403
202355060404
202355060405
202355060406
202355060407
202355060408
202355060409
202355060410
202355060411
202355060504
202355060505
202355060506
202355060507
202355060508
202355060509
202355060510
202355060511
202355061001
202355061002
202355061003
202355061004
202355061005
202355061007
202355061008
202355061010
202355061011
202355061101
202355061102
202355061103
202355061104
202355061105
202355061106
202355061107
202355061108
202355061109
202355061110
202355061111
202355061701
202355061702
202355061703
202355061704
202355061705
202355061706
202355061707
202355061708
202355061709
202355061710
202355061711
202355061801
202355061802
202355061804
202355061806
202355061807
202355061808
202355061809
202355061810
202355061811
202355061901
202355061902
202355061903
202355061904
202355061905
202355061906
202355061907
202355061909
202355061910
202355061911
202355062401
202355062402
202355062403
202355062404
202355062406
202355062407
202355062408
202355062409
202355062410
202355062411
202355062501
202355062502
202355062503
202355062504
202355062505
202355062506
202355062508
202355062509
202355062510
202355062511
202355070101
202355070102
202355070104
202355070105
202355070106
202355070107
202355070108
202355070109
202355070110
202355070111
202355070201
202355070202
202355070203
202355070204
202355070206
202355070207
202355070208
202355070209
202355070210
202355070211
202355070401
202355070402
202355070404
202355070405
202355070406
202355070407
202355070408
202355070409
202355070410
202355070801
202355070802
202355070804
202355070807
202355070808
202355070809
202355070810
202355070811
202355070901
202355070902
202355070903
202355070904
202355070905
202355070906
202355070907
202355070908
202355070909
202355070910
202355070911
202355071501
202355071502
202355071503
202355071504
202355071505
202355071506
202355071507
202355071508
202355071509
202355071510
202355071511
202355071601
202355071602
202355071603
202355071604
202355071605
202355071606
202355071607
202355071608
202355071609
202355071801
202355071802
202355071803
202355071804
202355071805
202355071807
202355071808
202355071809
202355071810
202355071811
202355071812
202355072201
202355072202
202355072203
202355072204
202355072205
202355072206
202355072207
202355072208
202355072209
202355072210
202355072301
202355072302
202355072303
202355072304
202355072305
202355072306
202355072307
202355072308
202355072309
202355072310
202355072311
202355081203
202355081204
202355081205
202355081206
202355081207
202355081208
202355081209
202355081210
202355081211
202355081212
202355081301
202355081302
202355081303
202355081304
202355081305
202355081306
202355081307
202355081308
202355081309
202355081310
202355081311
202355081601
202355081602
202355081603
202355081604
202355081605
202355081606
202355081607
202355081608
202355081609
202355081610
202355081611
202355081612
202355081901
202355081902
202355081903
202355081904
202355081905
202355081906
202355081907
202355081908
202355081909
202355081910
202355081911
202355081912
202355082001
202355082002
202355082003
202355082004
202355082005
202355082006
202355082007
202355082008
202355082009
202355082010
202355082011
202355082601
202355082602
202355082603
202355082604
202355082605
202355082607
202355082608
202355082609
202355082610
202355082611
202355082612
202355083101
202355083102
202355083103
202355083104
202355083105
202355083106
202355083107
202355083108
202355083109
202355083110
202355083111
202355083112
202355090201
202355090202
202355090203
202355090204
202355090205
202355090206
202355090207
202355090208
202355090209
202355090210
202355090211
202355090212
202355090301
202355090302
202355090303
202355090304
202355090305
202355090306
202355090307
202355090308
202355090309
202355090310
202355090311
202355091001
202355091002
202355091003
202355091004
202355091005
202355091006
202355091007
202355091008
202355091010
202355091011
202355091601
202355091603
202355091604
202355091605
202355091606
202355091607
202355091609
202355091610
202355091611
202355091612
202355091701
202355091702
202355091703
202355091704
202355091705
202355091706
202355091707
202355091708
202355091709
202355091710
202355091711
202355091801
202355091803
202355091804
202355091805
202355091806
202355091807
202355091808
202355091809
202355091810
202355092301
202355092302
202355092303
202355092304
202355092305
202355092306
202355092307
202355092308
202355092309
202355092310
202355092311
202355092312
202355092401
202355092403
202355092404
202355092405
202355092406
202355092407
202355092408
202355092409
202355092410
202355092411
202355100101
202355100102
202355100104
202355100105
202355100106
202355100108
202355100109
202355100110
202355100111
202355100701
202355100702
202355100703
202355100704
202355100705
202355100706
202355100707
202355100708
202355100709
202355100710
202355100711
202355100801
202355100802
202355100803
202355100804
202355100805
202355100806
202355100807
202355100808
202355100809
202355100810
202355100811
202355101402
202355101403
202355101404
202355101405
202355101406
202355101407
202355101408
202355101409
202355101410
202355101411
202355101501
202355101502
202355101503
202355101504
202355101505
202355101506
202355101508
202355101509
202355101510
202355101511
202355102101
202355102102
202355102103
202355102104
202355102105
202355102106
202355102107
202355102108
202355102109
202355102110
202355102111
202355102201
202355102203
202355102204
202355102205
202355102206
202355102207
202355102208
202355102209
202355102210
202355102211
202355102212
202355102301
202355102302
202355102303
202355102304
202355102305
202355102306
202355102307
202355102308
202355102309
202355102310
202355102311
202355102312
202355102801
202355102802
202355102803
202355102804
202355102805
202355102806
202355102807
202355102808
202355102809
202355102810
202355102811
202355102812
202355102901
202355102902
202355102903
202355102904
202355102905
202355102906
202355102907
202355102908
202355102909
202355102910
202355110401
202355110402
202355110403
202355110404
202355110405
202355110406
202355110407
202355110408
202355110409
202355110410
202355110411
202355110412
202355110501
202355110503
202355110504
202355110505
202355110506
202355110507
202355110508
202355110509
202355110510
202355110601
202355110602
202355110603
202355110604
202355110605
202355110606
202355110607
202355110608
202355110609
202355110610
202355110611
202355110612
202355111101
202355111102
202355111103
202355111104
202355111105
202355111106
202355111107
202355111108
202355111109
202355111110
202355111111
202355111201
202355111202
202355111203
202355111204
202355111205
202355111206
202355111207
202355111208
202355111209
202355111210
202355111211
202355111801
202355111802
202355111803
202355111804
202355111805
202355111806
202355111807
202355111808
202355111809
202355111810
202355111811
202355111812
202355111901
202355111902
202355111903
202355111904
202355111905
202355111906
202355111907
202355111908
202355111909
202355111910
202355112001
202355112002
202355112003
202355112004
202355112005
202355112006
202355112007
202355112008
202355112009
202355112010
202355112011
202355112012
202355112501
202355112502
202355112503
202355112504
202355112505
202355112506
202355112507
202355112508
202355112509
202355112510
202355112511
202355112601
202355112602
202355112603
202355112604
202355112605
202355112606
202355112607
202355112608
202355112609
202355112610
202355112611
202355120201
202355120202
202355120203
202355120204
202355120205
202355120206
202355120207
202355120208
202355120209
202355120210
202355120211
202355120212
202355120301
202355120302
202355120303
202355120304
202355120305
202355120306
202355120307
202355120308
202355120309
202355120310
202355120311
202355120401
202355120402
202355120403
202355120404
202355120405
202355120406
202355120407
202355120408
202355120409
202355120410
202355120411
202355120412
202355120901
202355120902
202355120903
202355120904
202355120905
202355120906
202355120907
202355120908
202355120909
202355120910
202355120911
202355120912
202355121001
202355121002
202355121003
202355121004
202355121005
202355121006
202355121007
202355121008
202355121009
202355121010
202355121601
202355121602
202355121603
202355121604
202355121605
202355121606
202355121607
202355121608
202355121609
202355121610
202355121611
202355121701
202355121702
202355121703
202355121704
202355121705
202355121706
202355121707
202355121708
202355121709
202355121710
202355121711
202355121801
202355121802
202355121803
202355121804
202355121805
202355121806
202355121807
202355121808
202355121809
202355121810
202355121811
202355121812
202355122301
202355122302
202355122303
202355122304
202355122305
202355122306
202355122307
202355122308
202355122309
202355122310
202355122311
202355122312
202355122401
202355122402
202355122403
202355122404
202355122405
202355122406
202355122407
202355122408
202355122409
202355122410
202355122411
202355122412
202401010101
202401010102
202401010103
202401010104
202401010105
202401010106
202401010107
202401010108
202401010109
202401010110
202401010111
202401010112
202401010201
202401010202
202401010203
202401010204
202401010205
202401010206
202401010207
202401010208
202401010209
202401010210
202401010211
202401010212
202401010301
202401010302
202401010303
202401010304
202401010305
202401010306
202401010307
202401010308
202401010309
202401010310
202401010311
202401010312
202401010401
202401010402
202401010403
202401010404
202401010405
202401010406
202401010407
202401010408
202401010409
202401010410
202401010411
202401010412
202401010501
202401010502
202401010503
202401010504
202401010505
202401010506
202401010507
202401010508
202401010509
202401010510
202401010511
202401010512
202401010601
202401010602
202401010603
202401010604
202401010605
202401010606
202401010607
202401010608
202401010609
202401010610
202401010611
202401010612
202401020101
202401020102
202401020103
202401020104
202401020105
202401020106
202401020107
202401020108
202401020109
202401020110
202401020111
202401020112
202401020201
202401020202
202401020203
202401020204
202401020205
202401020206
202401020207
202401020208
202401020209
202401020210
202401020211
202401020212
202401020301
202401020302
202401020303
202401020304
202401020305
202401020306
202401020307
202401020308
202401020309
202401020310
202401020311
202401020312
202401020401
202401020402
202401020403
202401020404
202401020405
202401020406
202401020407
202401020408
202401020409
202401020410
202401020411
202401020412
202401020501
202401020502
202401020503
202401020504
202401020505
202401020506
202401020507
202401020508
202401020509
202401020510
202401020511
202401020512
202401020601
202401020602
202401020603
202401020604
202401020605
202401020606
202401020607
202401020608
202401020609
202401020610
202401020611
202401020612
202401020701
202401020702
202401020703
202401020704
202401020705
202401020706
202401020707
202401020708
202401020709
202401020710
202401020711
202401020712
202401020801
202401020802
202401020803
202401020804
202401020805
202401020806
202401020807
202401020808
202401020809
202401020810
202401020811
202401020812
202402010101
202402010102
202402010103
202402010104
202402010105
202402010106
202402010107
202402010108
202402010109
202402010110
202402010111
202402010112
202402010201
202402010202
202402010203
202402010204
202402010205
202402010206
202402010207
202402010208
202402010209
202402010210
202402010211
202402010212
202402010301
202402010302
202402010303
202402010304
202402010305
202402010306
202402010307
202402010308
202402010309
202402010310
202402010311
202402010312
202402010401
202402010402
202402010403
202402010404
202402010405
202402010406
202402010407
202402010408
202402010409
202402010410
202402010411
202402010412
202402010501
202402010502
202402010503
202402010504
202402010505
202402010506
202402010507
202402010508
202402010509
202402010510
202402010511
202402010512
202402010601
202402010602
202402010603
202402010604
202402010605
202402010606
202402010607
202402010608
202402010609
202402010610
202402010611
202402010612
202402010701
202402010702
202402010703
202402010704
202402010705
202402010706
202402010707
202402010708
202402010709
202402010710
202402010711
202402010712
202402010801
202402010802
202402010803
202402010804
202402010805
202402010806
202402010807
202402010808
202402010809
202402010810
202402010811
202402010812
202402010901
202402010902
202402010903
202402010904
202402010905
202402010906
202402010907
202402010908
202402010909
202402010910
202402010911
202402010912
202402011001
202402011002
202402011003
202402011004
202402011005
202402011006
202402011007
202402011008
202402011009
202402011010
202402011011
202402011012
202402011101
202402011102
202402011103
202402011104
202402011105
202402011106
202402011107
202402011108
202402011109
202402011110
202402011111
202402011112
202402011201
202402011202
202402011203
202402011204
202402011205
202402011206
202402011207
202402011208
202402011209
202402011210
202402011211
202402011212
202403010101
202403010102
202403010103
202403010104
202403010105
202403010106
202403010107
202403010108
202403010109
202403010110
202403010111
202403010112
202403010201
202403010202
202403010203
202403010204
202403010205
202403010206
202403010207
202403010208
202403010209
202403010210
202403010211
202403010212
202403010301
202403010302
202403010303
202403010304
202403010305
202403010306
202403010307
202403010308
202403010309
202403010310
202403010311
202403010312
202403010401
202403010402
202403010403
202403010404
202403010405
202403010406
202403010407
202403010408
202403010409
202403010410
202403010411
202403010412
202403010501
202403010502
202403010503
202403010504
202403010505
202403010506
202403010507
202403010508
202403010509
202403010510
202403010511
202403010512
202403010601
202403010602
202403010603
202403010604
202403010605
202403010606
202403010607
202403010608
202403010609
202403010610
202403010611
202403010612
202403020101
202403020102
202403020103
202403020104
202403020105
202403020106
202403020107
202403020108
202403020109
202403020110
202403020111
202403020112
202403020201
202403020202
202403020203
202403020204
202403020205
202403020206
202403020207
202403020208
202403020209
202403020210
202403020211
202403020212
202403020301
202403020302
202403020303
202403020304
202403020305
202403020306
202403020307
202403020308
202403020309
202403020310
202403020311
202403020312
202403020401
202403020402
202403020403
202403020404
202403020405
202403020406
202403020407
202403020408
202403020409
202403020410
202403020411
202403020412
202403020501
202403020502
202403020503
202403020504
202403020505
202403020506
202403020507
202403020508
202403020509
202403020510
202403020511
202403020512
202403020601
202403020602
202403020603
202403020604
202403020605
202403020606
202403020607
202403020608
202403020609
202403020610
202403020611
202403020612
202403020701
202403020702
202403020703
202403020704
202403020705
202403020706
202403020707
202403020708
202403020709
202403020710
202403020711
202403020712
202403020801
202403020802
202403020803
202403020804
202403020805
202403020806
202403020807
202403020808
202403020809
202403020810
202403020811
202403020812
202403030101
202403030102
202403030103
202403030104
202403030105
202403030106
202403030107
202403030108
202403030109
202403030110
202403030111
202403030112
202403030201
202403030202
202403030203
202403030204
202403030205
202403030206
202403030207
202403030208
202403030209
202403030210
202403030211
202403030212
202403030301
202403030302
202403030303
202403030304
202403030305
202403030306
202403030307
202403030308
202403030309
202403030310
202403030311
202403030312
202403030401
202403030402
202403030403
202403030404
202403030405
202403030406
202403030407
202403030408
202403030409
202403030410
202403030411
202403030412
202403030501
202403030502
202403030503
202403030504
202403030505
202403030506
202403030507
202403030508
202403030509
202403030510
202403030511
202403030512
202403030601
202403030602
202403030603
202403030604
202403030605
202403030606
202403030607
202403030608
202403030609
202403030610
202403030611
202403030612
202404010101
202404010102
202404010103
202404010104
202404010105
202404010106
202404010107
202404010108
202404010109
202404010110
202404010111
202404010112
202404010201
202404010202
202404010203
202404010204
202404010205
202404010206
202404010207
202404010208
202404010209
202404010210
202404010211
202404010212
202404010301
202404010302
202404010303
202404010304
202404010305
202404010306
202404010307
202404010308
202404010309
202404010310
202404010311
202404010312
202404010401
202404010402
202404010403
202404010404
202404010405
202404010406
202404010407
202404010408
202404010409
202404010410
202404010411
202404010412
202404010501
202404010502
202404010503
202404010504
202404010505
202404010506
202404010507
202404010508
202404010509
202404010510
202404010511
202404010512
202404010601
202404010602
202404010603
202404010604
202404010605
202404010606
202404010607
202404010608
202404010609
202404010610
202404010611
202404010612
202404010701
202404010702
202404010703
202404010704
202404010705
202404010706
202404010707
202404010708
202404010709
202404010710
202404010711
202404010712
202404010801
202404010802
202404010803
202404010804
202404010805
202404010806
202404010807
202404010808
202404010809
202404010810
202404010811
202404010812
202404020101
202404020102
202404020103
202404020104
202404020105
202404020106
202404020107
202404020108
202404020109
202404020110
202404020111
202404020112
202404020201
202404020202
202404020203
202404020204
202404020205
202404020206
202404020207
202404020208
202404020209
202404020210
202404020211
202404020212
202404020301
202404020302
202404020303
202404020304
202404020305
202404020306
202404020307
202404020308
202404020309
202404020310
202404020311
202404020312
202404020401
202404020402
202404020403
202404020404
202404020405
202404020406
202404020407
202404020408
202404020409
202404020410
202404020411
202404020412
202404030101
202404030102
202404030103
202404030104
202404030105
202404030106
202404030107
202404030108
202404030109
202404030110
202404030111
202404030112
202404030201
202404030202
202404030203
202404030204
202404030205
202404030206
202404030207
202404030208
202404030209
202404030210
202404030211
202404030212
202404030301
202404030302
202404030303
202404030304
202404030305
202404030306
202404030307
202404030308
202404030309
202404030310
202404030311
202404030312
202404030401
202404030402
202404030403
202404030404
202404030405
202404030406
202404030407
202404030408
202404030409
202404030410
202404030411
202404030412
202404030501
202404030502
202404030503
202404030504
202404030505
202404030506
202404030507
202404030508
202404030509
202404030510
202404030511
202404030512
202404030601
202404030602
202404030603
202404030604
202404030605
202404030606
202404030607
202404030608
202404030609
202404030610
202404030611
202404030701
202404030702
202404030703
202404030704
202404030705
202404030706
202404030707
202404030708
202404030709
202404030710
202404030711
202404030712
202404030801
202404030802
202404030803
202404030804
202404030805
202404030806
202404030807
202404030808
202404030809
202404030810
202404030811
202404030812
202404040101
202404040102
202404040103
202404040104
202404040105
202404040106
202404040107
202404040108
202404040109
202404040110
202404040111
202404040112
202404040201
202404040202
202404040203
202404040204
202404040205
202404040206
202404040207
202404040208
202404040209
202404040210
202404040211
202404040212
202404040301
202404040302
202404040303
202404040304
202404040305
202404040306
202404040307
202404040308
202404040309
202404040310
202404040311
202404040312
202404040401
202404040402
202404040403
202404040404
202404040405
202404040406
202404040407
202404040408
202404040409
202404040410
202404040411
202404040412
202404040501
202404040502
202404040503
202404040504
202404040505
202404040506
202404040507
202404040508
202404040509
202404040510
202404040511
202404040512
202404040601
202404040602
202404040603
202404040604
202404040605
202404040606
202404040607
202404040608
202404040609
202404040610
202404040611
202404040612
202404040701
202404040702
202404040703
202404040704
202404040705
202404040706
202404040707
202404040708
202404040709
202404040710
202404040711
202404040712
202404040801
202404040802
202404040803
202404040804
202404040805
202404040806
202404040807
202404040808
202404040809
202404040810
202404040811
202404040812
202405010101
202405010102
202405010103
202405010104
202405010105
202405010106
202405010107
202405010108
202405010109
202405010110
202405010111
202405010112
202405010201
202405010202
202405010203
202405010204
202405010205
202405010206
202405010207
202405010208
202405010209
202405010210
202405010211
202405010212
202405010301
202405010302
202405010303
202405010304
202405010305
202405010306
202405010307
202405010308
202405010309
202405010310
202405010311
202405010312
202405010401
202405010402
202405010403
202405010404
202405010405
202405010406
202405010407
202405010408
202405010409
202405010410
202405010411
202405010412
202405010501
202405010502
202405010503
202405010504
202405010505
202405010506
202405010507
202405010508
202405010509
202405010510
202405010511
202405010512
202405010601
202405010602
202405010603
202405010604
202405010605
202405010606
202405010607
202405010608
202405010609
202405010610
202405010611
202405010612
202405010701
202405010702
202405010703
202405010704
202405010705
202405010706
202405010707
202405010708
202405010709
202405010710
202405010711
202405010712
202405010801
202405010802
202405010803
202405010804
202405010805
202405010806
202405010807
202405010808
202405010809
202405010810
202405010811
202405010812
202405020101
202405020102
202405020103
202405020104
202405020105
202405020106
202405020107
202405020108
202405020109
202405020110
202405020111
202405020112
202405020201
202405020202
202405020203
202405020204
202405020205
202405020206
202405020207
202405020208
202405020209
202405020210
202405020211
202405020212
202405020301
202405020302
202405020303
202405020304
202405020305
202405020306
202405020307
202405020308
202405020309
202405020310
202405020311
202405020312
202405020401
202405020402
202405020403
202405020404
202405020405
202405020406
202405020407
202405020408
202405020409
202405020410
202405020411
202405020412
202405020501
202405020502
202405020503
202405020504
202405020505
202405020506
202405020507
202405020508
202405020509
202405020510
202405020511
202405020512
202405020601
202405020602
202405020603
202405020604
202405020605
202405020606
202405020607
202405020608
202405020609
202405020610
202405020611
202405020612
202405020701
202405020702
202405020703
202405020704
202405020705
202405020706
202405020707
202405020708
202405020709
202405020710
202405020711
202405020712
202405020801
202405020802
202405020803
202405020804
202405020805
202405020806
202405020807
202405020808
202405020809
202405020810
202405020811
202405020812
202405020901
202405020902
202405020903
202405020904
202405020905
202405020906
202405020907
202405020908
202405020909
202405020910
202405020911
202405020912
202405021001
202405021002
202405021003
202405021004
202405021005
202405021006
202405021007
202405021008
202405021009
202405021010
202405021011
202405021012
202405021101
202405021102
202405021103
202405021104
202405021105
202405021106
202405021107
202405021108
202405021109
202405021110
202405021111
202405021112
202405021201
202405021202
202405021203
202405021204
202405021205
202405021206
202405021207
202405021208
202405021209
202405021210
202405021211
202405021212
202405030101
202405030102
202405030103
202405030104
202405030105
202405030106
202405030107
202405030108
202405030109
202405030110
202405030111
202405030112
202405030201
202405030202
202405030203
202405030204
202405030205
202405030206
202405030207
202405030208
202405030209
202405030210
202405030211
202405030212
202405030301
202405030302
202405030303
202405030304
202405030305
202405030306
202405030307
202405030308
202405030309
202405030310
202405030311
202405030312
202405030401
202405030402
202405030403
202405030404
202405030405
202405030406
202405030407
202405030408
202405030409
202405030410
202405030411
202405030412
202405030501
202405030502
202405030503
202405030504
202405030505
202405030506
202405030507
202405030508
202405030509
202405030510
202405030511
202405030512
202405030601
202405030602
202405030603
202405030604
202405030605
202405030606
202405030607
202405030608
202405030609
202405030610
202405030611
202405030612
202405030701
202405030702
202405030703
202405030704
202405030705
202405030706
202405030707
202405030708
202405030709
202405030710
202405030711
202405030712
202405030801
202405030802
202405030803
202405030804
202405030805
202405030806
202405030807
202405030808
202405030809
202405030810
202405030811
202405030812
202405040101
202405040102
202405040103
202405040104
202405040105
202405040106
202405040107
202405040108
202405040109
202405040110
202405040111
202405040112
202405040201
202405040202
202405040203
202405040204
202405040205
202405040206
202405040207
202405040208
202405040209
202405040210
202405040211
202405040212
202405040301
202405040302
202405040303
202405040304
202405040305
202405040306
202405040307
202405040308
202405040309
202405040310
202405040311
202405040312
202405040401
202405040402
202405040403
202405040404
202405040405
202405040406
202405040407
202405040408
202405040409
202405040410
202405040411
202405040412
202405040501
202405040502
202405040503
202405040504
202405040505
202405040506
202405040507
202405040508
202405040509
202405040510
202405040511
202405040512
202405040601
202405040602
202405040603
202405040604
202405040605
202405040606
202405040607
202405040608
202405040609
202405040610
202405040611
202405040612
202405040701
202405040702
202405040703
202405040704
202405040705
202405040706
202405040707
202405040708
202405040709
202405040710
202405040711
202405040712
202405040801
202405040802
202405040803
202405040804
202405040805
202405040806
202405040807
202405040808
202405040809
202405040810
202405040811
202405040812
202405050101
202405050102
202405050103
202405050104
202405050105
202405050106
202405050107
202405050108
202405050109
202405050110
202405050111
202405050112
202405050201
202405050202
202405050203
202405050204
202405050205
202405050206
202405050207
202405050208
202405050209
202405050210
202405050211
202405050212
202405050301
202405050302
202405050303
202405050304
202405050305
202405050306
202405050307
202405050308
202405050309
202405050310
202405050311
202405050312
202405050401
202405050402
202405050403
202405050404
202405050405
202405050406
202405050407
202405050408
202405050409
202405050410
202405050411
202405050412
202405050501
202405050502
202405050503
202405050504
202405050505
202405050506
202405050507
202405050508
202405050509
202405050510
202405050511
202405050512
202405050601
202405050602
202405050603
202405050604
202405050605
202405050606
202405050607
202405050608
202405050609
202405050610
202405050611
202405050612
202405050701
202405050702
202405050703
202405050704
202405050705
202405050706
202405050707
202405050708
202405050709
202405050710
202405050711
202405050712
202406010101
202406010102
202406010103
202406010104
202406010105
202406010106
202406010107
202406010108
202406010109
202406010110
202406010111
202406010112
202406010201
202406010202
202406010203
202406010204
202406010205
202406010206
202406010207
202406010208
202406010209
202406010210
202406010211
202406010212
202406010301
202406010302
202406010303
202406010304
202406010305
202406010306
202406010307
202406010308
202406010309
202406010310
202406010311
202406010312
202406010401
202406010402
202406010403
202406010404
202406010405
202406010406
202406010407
202406010408
202406010409
202406010410
202406010411
202406010412
202406010501
202406010502
202406010503
202406010504
202406010505
202406010506
202406010507
202406010508
202406010509
202406010510
202406010511
202406010512
202406010601
202406010602
202406010603
202406010604
202406010605
202406010606
202406010607
202406010608
202406010609
202406010610
202406010611
202406010612
202406010701
202406010702
202406010703
202406010704
202406010705
202406010706
202406010707
202406010708
202406010709
202406010710
202406010711
202406010712
202406020101
202406020102
202406020103
202406020104
202406020105
202406020106
202406020107
202406020108
202406020109
202406020110
202406020111
202406020112
202406020201
202406020202
202406020203
202406020204
202406020205
202406020206
202406020207
202406020208
202406020209
202406020210
202406020211
202406020212
202406020301
202406020302
202406020303
202406020304
202406020305
202406020306
202406020307
202406020308
202406020309
202406020310
202406020311
202406020312
202406020401
202406020402
202406020403
202406020404
202406020405
202406020406
202406020407
202406020408
202406020409
202406020410
202406020411
202406020412
202406020501
202406020502
202406020503
202406020504
202406020505
202406020506
202406020507
202406020508
202406020509
202406020510
202406020511
202406020512
202406020601
202406020602
202406020603
202406020604
202406020605
202406020606
202406020607
202406020608
202406020609
202406020610
202406020611
202406020612
202406020701
202406020702
202406020703
202406020704
202406020705
202406020706
202406020707
202406020708
202406020709
202406020710
202406020711
202406020712
202406020801
202406020802
202406020803
202406020804
202406020805
202406020806
202406020807
202406020808
202406020809
202406020810
202406020811
202406020812
202406030101
202406030102
202406030103
202406030104
202406030105
202406030106
202406030107
202406030108
202406030109
202406030110
202406030111
202406030112
202406030201
202406030202
202406030203
202406030204
202406030205
202406030206
202406030207
202406030208
202406030209
202406030210
202406030211
202406030212
202406030301
202406030302
202406030303
202406030304
202406030305
202406030306
202406030307
202406030308
202406030309
202406030310
202406030311
202406030312
202406030401
202406030402
202406030403
202406030404
202406030405
202406030406
202406030407
202406030408
202406030409
202406030410
202406030411
202406030412
202406030501
202406030502
202406030503
202406030504
202406030505
202406030506
202406030507
202406030508
202406030509
202406030510
202406030511
202406030512
202406030601
202406030602
202406030603
202406030604
202406030605
202406030606
202406030607
202406030608
202406030609
202406030610
202406030611
202406030612
202406030701
202406030702
202406030703
202406030704
202406030705
202406030706
202406030707
202406030708
202406030709
202406030710
202406030711
202406030712
202406030801
202406030802
202406030803
202406030804
202406030805
202406030806
202406030807
202406030808
202406030809
202406030810
202406030811
202406030812
202406040101
202406040102
202406040103
202406040104
202406040105
202406040106
202406040107
202406040108
202406040109
202406040110
202406040111
202406040112
202406040201
202406040202
202406040203
202406040204
202406040205
202406040206
202406040207
202406040208
202406040209
202406040210
202406040211
202406040212
202406040301
202406040302
202406040303
202406040304
202406040305
202406040306
202406040307
202406040308
202406040309
202406040310
202406040311
202406040312
202406040401
202406040402
202406040403
202406040404
202406040405
202406040406
202406040407
202406040408
202406040409
202406040410
202406040411
202406040412
202406040501
202406040502
202406040503
202406040504
202406040505
202406040506
202406040507
202406040508
202406040509
202406040510
202406040511
202406040512
202406040601
202406040602
202406040603
202406040604
202406040605
202406040606
202406040607
202406040608
202406040609
202406040610
202406040611
202406040612
202406040701
202406040702
202406040703
202406040704
202406040705
202406040706
202406040707
202406040708
202406040709
202406040710
202406040711
202406040712
202406040801
202406040802
202406040803
202406040804
202406040805
202406040806
202406040807
202406040808
202406040809
202406040810
202406040811
202406040812
202406040901
202406040902
202406040903
202406040904
202406040905
202406040906
202406040907
202406040908
202406040909
202406040910
202406040911
202406040912
202407010101
202407010102
202407010103
202407010104
202407010105
202407010106
202407010107
202407010108
202407010109
202407010110
202407010111
202407010112
202407010201
202407010202
202407010203
202407010204
202407010205
202407010206
202407010207
202407010208
202407010209
202407010210
202407010211
202407010212
202407010301
202407010302
202407010303
202407010304
202407010305
202407010306
202407010307
202407010308
202407010309
202407010310
202407010311
202407010312
202407010401
202407010402
202407010403
202407010404
202407010405
202407010406
202407010407
202407010408
202407010409
202407010410
202407010411
202407010412
202407010501
202407010502
202407010503
202407010504
202407010505
202407010506
202407010507
202407010508
202407010509
202407010510
202407010511
202407010512
202407010601
202407010602
202407010603
202407010604
202407010605
202407010606
202407010607
202407010608
202407010609
202407010610
202407010611
202407010612
202407020101
202407020102
202407020103
202407020104
202407020105
202407020106
202407020107
202407020108
202407020109
202407020110
202407020111
202407020112
202407020201
202407020202
202407020203
202407020204
202407020205
202407020206
202407020207
202407020208
202407020209
202407020210
202407020211
202407020212
202407020301
202407020302
202407020303
202407020304
202407020305
202407020306
202407020307
202407020308
202407020309
202407020310
202407020311
202407020312
202407020401
202407020402
202407020403
202407020404
202407020405
202407020406
202407020407
202407020408
202407020409
202407020410
202407020411
202407020412
202407020501
202407020502
202407020503
202407020504
202407020505
202407020506
202407020507
202407020508
202407020509
202407020510
202407020511
202407020512
202407020601
202407020602
202407020603
202407020604
202407020605
202407020606
202407020607
202407020608
202407020609
202407020610
202407020611
202407020612
202407020701
202407020702
202407020703
202407020704
202407020705
202407020706
202407020707
202407020708
202407020709
202407020710
202407020711
202407020712
202407020801
202407020802
202407020803
202407020804
202407020805
202407020806
202407020807
202407020808
202407020809
202407020810
202407020811
202407020812
202407030101
202407030102
202407030103
202407030104
202407030105
202407030106
202407030107
202407030108
202407030109
202407030110
202407030111
202407030112
202407030201
202407030202
202407030203
202407030204
202407030205
202407030206
202407030207
202407030208
202407030209
202407030210
202407030211
202407030212
202407030301
202407030302
202407030303
202407030304
202407030305
202407030306
202407030307
202407030308
202407030309
202407030310
202407030311
202407030312
202407030401
202407030402
202407030403
202407030404
202407030405
202407030406
202407030407
202407030408
202407030409
202407030410
202407030411
202407030412
202407030501
202407030502
202407030503
202407030504
202407030505
202407030506
202407030507
202407030508
202407030509
202407030510
202407030511
202407030512
202407030601
202407030602
202407030603
202407030604
202407030605
202407030606
202407030607
202407030608
202407030609
202407030610
202407030611
202407030612
202407030701
202407030702
202407030703
202407030704
202407030705
202407030706
202407030707
202407030708
202407030709
202407030710
202407030711
202407030712
202407030801
202407030802
202407030803
202407030804
202407030805
202407030806
202407030807
202407030808
202407030809
202407030810
202407030811
202407030812
202407030901
202407030902
202407030903
202407030904
202407030905
202407030906
202407030907
202407030908
202407030909
202407030910
202407030911
202407030912
202408010101
202408010102
202408010103
202408010104
202408010105
202408010106
202408010107
202408010108
202408010109
202408010110
202408010111
202408010112
202408010201
202408010202
202408010203
202408010204
202408010205
202408010206
202408010207
202408010208
202408010209
202408010210
202408010211
202408010212
202408010301
202408010302
202408010303
202408010304
202408010305
202408010306
202408010307
202408010308
202408010309
202408010310
202408010311
202408010312
202408010401
202408010402
202408010403
202408010404
202408010405
202408010406
202408010407
202408010408
202408010409
202408010410
202408010411
202408010412
202408010501
202408010502
202408010503
202408010504
202408010505
202408010506
202408010507
202408010508
202408010509
202408010510
202408010511
202408010512
202408010601
202408010602
202408010603
202408010604
202408010605
202408010606
202408010607
202408010608
202408010609
202408010610
202408010611
202408010612
202408010701
202408010702
202408010703
202408010704
202408010705
202408010706
202408010707
202408010708
202408010709
202408010710
202408010711
202408010712
202408020101
202408020102
202408020103
202408020104
202408020105
202408020106
202408020107
202408020108
202408020109
202408020110
202408020111
202408020112
202408020201
202408020202
202408020203
202408020204
202408020205
202408020206
202408020207
202408020208
202408020209
202408020210
202408020211
202408020212
202408020301
202408020302
202408020303
202408020304
202408020305
202408020306
202408020307
202408020308
202408020309
202408020310
202408020311
202408020312
202408020401
202408020402
202408020403
202408020404
202408020405
202408020406
202408020407
202408020408
202408020409
202408020410
202408020411
202408020412
202408020501
202408020502
202408020503
202408020504
202408020505
202408020506
202408020507
202408020508
202408020509
202408020510
202408020511
202408020512
202408020601
202408020602
202408020603
202408020604
202408020605
202408020606
202408020607
202408020608
202408020609
202408020610
202408020611
202408020612
202408020701
202408020702
202408020703
202408020704
202408020705
202408020706
202408020707
202408020708
202408020709
202408020710
202408020711
202408020712
202408020801
202408020802
202408020803
202408020804
202408020805
202408020806
202408020807
202408020808
202408020809
202408020810
202408020811
202408020812
202408030101
202408030102
202408030103
202408030104
202408030105
202408030106
202408030107
202408030108
202408030109
202408030110
202408030111
202408030112
202408030201
202408030202
202408030203
202408030204
202408030205
202408030206
202408030207
202408030208
202408030209
202408030210
202408030211
202408030212
202408030301
202408030302
202408030303
202408030304
202408030305
202408030306
202408030307
202408030308
202408030309
202408030310
202408030311
202408030312
202408030401
202408030402
202408030403
202408030404
202408030405
202408030406
202408030407
202408030408
202408030409
202408030410
202408030411
202408030412
202408030501
202408030502
202408030503
202408030504
202408030505
202408030506
202408030507
202408030508
202408030509
202408030510
202408030511
202408030512
202408030601
202408030602
202408030603
202408030604
202408030605
202408030606
202408030607
202408030608
202408030609
202408030610
202408030611
202408030612
202408030701
202408030702
202408030703
202408030704
202408030705
202408030706
202408030707
202408030708
202408030709
202408030710
202408030711
202408030712
202408030801
202408030802
202408030803
202408030804
202408030805
202408030806
202408030807
202408030808
202408030809
202408030810
202408030811
202408030812
202408030901
202408030902
202408030903
202408030904
202408030905
202408030906
202408030907
202408030908
202408030909
202408030910
202408030911
202408030912
202408031001
202408031002
202408031003
202408031004
202408031005
202408031006
202408031007
202408031008
202408031009
202408031010
202408031011
202408031012
202408031101
202408031102
202408031103
202408031104
202408031105
202408031106
202408031107
202408031108
202408031109
202408031110
202408031111
202408031112
202408031201
202408031202
202408031203
202408031204
202408031205
202408031206
202408031207
202408031208
202408031209
202408031210
202408031211
202408031212
202408040101
202408040102
202408040103
202408040104
202408040105
202408040106
202408040107
202408040108
202408040109
202408040110
202408040111
202408040112
202408040201
202408040202
202408040203
202408040204
202408040205
202408040206
202408040207
202408040208
202408040209
202408040210
202408040211
202408040212
202408040301
202408040302
202408040303
202408040304
202408040305
202408040306
202408040307
202408040308
202408040309
202408040310
202408040311
202408040312
202408040401
202408040402
202408040403
202408040404
202408040405
202408040406
202408040407
202408040408
202408040409
202408040410
202408040411
202408040412
202408040501
202408040502
202408040503
202408040504
202408040505
202408040506
202408040507
202408040508
202408040509
202408040510
202408040511
202408040512
202408040601
202408040602
202408040603
202408040604
202408040605
202408040606
202408040607
202408040608
202408040609
202408040610
202408040611
202408040612
202408040701
202408040702
202408040703
202408040704
202408040705
202408040706
202408040707
202408040708
202408040709
202408040710
202408040711
202408040712
202408040801
202408040802
202408040803
202408040804
202408040805
202408040806
202408040807
202408040808
202408040809
202408040810
202408040811
202408040812
202408050101
202408050102
202408050103
202408050104
202408050105
202408050106
202408050107
202408050108
202408050109
202408050110
202408050111
202408050112
202408050201
202408050202
202408050203
202408050204
202408050205
202408050206
202408050207
202408050208
202408050209
202408050210
202408050211
202408050212
202408050301
202408050302
202408050303
202408050304
202408050305
202408050306
202408050307
202408050308
202408050309
202408050310
202408050311
202408050312
202408050401
202408050402
202408050403
202408050404
202408050405
202408050406
202408050407
202408050408
202408050409
202408050410
202408050411
202408050412
202408050501
202408050502
202408050503
202408050504
202408050505
202408050506
202408050507
202408050508
202408050509
202408050510
202408050511
202408050512
202408050601
202408050602
202408050603
202408050604
202408050605
202408050606
202408050607
202408050608
202408050609
202408050610
202408050611
202408050612
202408050701
202408050702
202408050703
202408050704
202408050705
202408050706
202408050707
202408050708
202408050709
202408050710
202408050711
202408050712
202408050801
202408050802
202408050803
202408050804
202408050805
202408050806
202408050807
202408050808
202408050809
202408050810
202408050811
202408050812
202408060101
202408060102
202408060103
202408060104
202408060105
202408060106
202408060107
202408060109
202408060110
202408060111
202408060112
202408060201
202408060202
202408060203
202408060204
202408060205
202408060206
202408060207
202408060208
202408060209
202408060210
202408060211
202408060212
202408060301
202408060302
202408060303
202408060304
202408060305
202408060306
202408060307
202408060308
202408060309
202408060310
202408060311
202408060312
202408060401
202408060402
202408060403
202408060404
202408060405
202408060406
202408060407
202408060408
202408060409
202408060410
202408060411
202408060412
202408060501
202408060502
202408060503
202408060504
202408060505
202408060506
202408060507
202408060508
202408060509
202408060510
202408060511
202408060512
202408060601
202408060602
202408060603
202408060604
202408060605
202408060606
202408060607
202408060608
202408060609
202408060610
202408060611
202408060612
202409010101
202409010102
202409010103
202409010104
202409010105
202409010106
202409010107
202409010108
202409010109
202409010110
202409010111
202409010112
202409010201
202409010202
202409010203
202409010204
202409010205
202409010206
202409010207
202409010208
202409010209
202409010210
202409010211
202409010212
202409010301
202409010302
202409010303
202409010304
202409010305
202409010306
202409010307
202409010308
202409010309
202409010310
202409010311
202409010312
202409010401
202409010402
202409010403
202409010404
202409010405
202409010406
202409010407
202409010408
202409010409
202409010410
202409010411
202409010412
202409010501
202409010502
202409010503
202409010504
202409010505
202409010506
202409010507
202409010508
202409010509
202409010510
202409010511
202409010512
202409010601
202409010602
202409010603
202409010604
202409010605
202409010606
202409010607
202409010608
202409010609
202409010610
202409010611
202409010612
202409010701
202409010702
202409010703
202409010704
202409010705
202409010706
202409010707
202409010708
202409010709
202409010710
202409010711
202409010712
202409010801
202409010802
202409010803
202409010804
202409010805
202409010806
202409010807
202409010808
202409010809
202409010810
202409010811
202409010812
202409020101
202409020102
202409020103
202409020104
202409020105
202409020106
202409020107
202409020108
202409020109
202409020110
202409020111
202409020112
202409020201
202409020202
202409020203
202409020204
202409020205
202409020206
202409020207
202409020208
202409020209
202409020210
202409020211
202409020212
202409020301
202409020302
202409020303
202409020304
202409020305
202409020306
202409020307
202409020308
202409020309
202409020310
202409020311
202409020312
202409020401
202409020402
202409020403
202409020404
202409020405
202409020406
202409020407
202409020408
202409020409
202409020410
202409020411
202409020412
202409020501
202409020502
202409020503
202409020504
202409020505
202409020506
202409020507
202409020508
202409020509
202409020510
202409020511
202409020512
202409020601
202409020602
202409020603
202409020604
202409020605
202409020606
202409020607
202409020608
202409020609
202409020610
202409020611
202409020612
202409020701
202409020702
202409020703
202409020704
202409020705
202409020706
202409020707
202409020708
202409020709
202409020710
202409020711
202409020712
202409020801
202409020802
202409020803
202409020804
202409020805
202409020806
202409020807
202409020808
202409020809
202409020810
202409020811
202409020812
202410010101
202410010102
202410010103
202410010104
202410010105
202410010106
202410010107
202410010108
202410010109
202410010110
202410010111
202410010112
202410010201
202410010202
202410010203
202410010204
202410010205
202410010206
202410010207
202410010208
202410010209
202410010210
202410010211
202410010212
202410010301
202410010302
202410010303
202410010304
202410010305
202410010306
202410010307
202410010308
202410010309
202410010310
202410010311
202410010312
202410010401
202410010402
202410010403
202410010404
202410010405
202410010406
202410010407
202410010408
202410010409
202410010410
202410010411
202410010412
202410010501
202410010502
202410010503
202410010504
202410010505
202410010506
202410010507
202410010508
202410010509
202410010510
202410010511
202410010512
202410010601
202410010602
202410010603
202410010604
202410010605
202410010606
202410010607
202410010608
202410010609
202410010610
202410010611
202410010612
202410010701
202410010702
202410010703
202410010704
202410010705
202410010706
202410010707
202410010708
202410010709
202410010710
202410010711
202410010712
202410010801
202410010802
202410010803
202410010804
202410010805
202410010806
202410010807
202410010808
202410010809
202410010810
202410010811
202410010812
202410020101
202410020102
202410020103
202410020104
202410020105
202410020106
202410020107
202410020108
202410020109
202410020110
202410020111
202410020112
202410020201
202410020202
202410020203
202410020204
202410020205
202410020206
202410020207
202410020208
202410020209
202410020210
202410020211
202410020212
202410020301
202410020302
202410020303
202410020304
202410020305
202410020306
202410020307
202410020308
202410020309
202410020310
202410020311
202410020312
202410020401
202410020402
202410020403
202410020404
202410020405
202410020406
202410020407
202410020408
202410020409
202410020410
202410020411
202410020412
202410020501
202410020502
202410020503
202410020504
202410020505
202410020506
202410020507
202410020508
202410020509
202410020510
202410020511
202410020512
202410020601
202410020602
202410020603
202410020604
202410020605
202410020606
202410020607
202410020608
202410020609
202410020610
202410020611
202410020612
202410020701
202410020702
202410020703
202410020704
202410020705
202410020706
202410020707
202410020708
202410020709
202410020710
202410020711
202410020712
202410020801
202410020802
202410020803
202410020804
202410020805
202410020806
202410020807
202410020808
202410020809
202410020810
202410020811
202410020812
202410030101
202410030102
202410030103
202410030104
202410030105
202410030106
202410030107
202410030108
202410030109
202410030110
202410030111
202410030112
202410030201
202410030202
202410030203
202410030204
202410030205
202410030206
202410030207
202410030208
202410030209
202410030210
202410030211
202410030212
202410030301
202410030302
202410030303
202410030304
202410030305
202410030306
202410030307
202410030308
202410030309
202410030310
202410030311
202410030312
202410030401
202410030402
202410030403
202410030404
202410030405
202410030406
202410030407
202410030408
202410030409
202410030410
202410030411
202410030412
202410030501
202410030502
202410030503
202410030504
202410030505
202410030506
202410030507
202410030508
202410030509
202410030510
202410030511
202410030512
202410030601
202410030602
202410030603
202410030604
202410030605
202410030606
202410030607
202410030608
202410030609
202410030610
202410030611
202410030612
202410030701
202410030702
202410030703
202410030704
202410030705
202410030706
202410030707
202410030708
202410030709
202410030710
202410030711
202410030712
202410030801
202410030802
202410030803
202410030804
202410030805
202410030806
202410030807
202410030808
202410030809
202410030810
202410030811
202410030812
202430041701
202430041702
202430041703
202430041704
202430041705
202430041706
202430041707
202430041708
202430041709
202430041710
202430041711
202430041712
202430041801
202430041802
202430041803
202430041804
202430041805
202430041806
202430041807
202430041808
202430041809
202430041810
202430041811
202430042401
202430042402
202430042403
202430042404
202430042405
202430042406
202430042407
202430042408
202430042409
202430042410
202430042411
202430042501
202430042502
202430042503
202430042504
202430042505
202430042506
202430042507
202430042508
202430042509
202430042510
202430042511
202430050101
202430050102
202430050103
202430050104
202430050105
202430050106
202430050107
202430050108
202430050109
202430050110
202430050111
202430050112
202430050201
202430050202
202430050203
202430050204
202430050205
202430050206
202430050207
202430050208
202430050209
202430050210
202430050211
202430050212
202430050801
202430050802
202430050803
202430050804
202430050805
202430050806
202430050807
202430050808
202430050809
202430050810
202430050811
202430050812
202430050901
202430050902
202430050903
202430050904
202430050905
202430050906
202430050907
202430050908
202430050909
202430050910
202430050911
202430050912
202430051401
202430051402
202430051403
202430051404
202430051405
202430051406
202430051407
202430051408
202430051409
202430051501
202430051502
202430051503
202430051504
202430051505
202430051506
202430051507
202430051508
202430051509
202430051510
202430051601
202430051602
202430051603
202430051604
202430051605
202430051606
202430051607
202430051608
202430051609
202430051610
202430052201
202430052202
202430052203
202430052204
202430052205
202430052206
202430052207
202430052208
202430052209
202430052210
202430052211
202430052212
202430052301
202430052302
202430052303
202430052304
202430052305
202430052306
202430052307
202430052308
202430052309
202430052310
202430052311
202430052312
202430052801
202430052802
202430052803
202430052804
202430052805
202430052806
202430052807
202430052808
202430052809
202430052810
202430052901
202430052902
202430052903
202430052904
202430052905
202430052906
202430052907
202430052908
202430052909
202430052910
202430052911
202430052912
202430053001
202430053002
202430053003
202430053004
202430053005
202430053006
202430053007
202430053008
202430053009
202430053010
202430060501
202430060502
202430060503
202430060504
202430060505
202430060506
202430060507
202430060508
202430060509
202430060510
202430060511
202430060512
202430060601
202430060602
202430060603
202430060604
202430060605
202430060606
202430060607
202430060608
202430060609
202430060610
202430060611
202430060612
202430061101
202430061102
202430061103
202430061104
202430061105
202430061106
202430061107
202430061108
202430061109
202430061110
202430061201
202430061202
202430061203
202430061204
202430061205
202430061206
202430061207
202430061208
202430061209
202430061210
202430061211
202430061301
202430061302
202430061303
202430061304
202430061305
202430061306
202430061307
202430061308
202430061309
202430061310
202430061801
202430061802
202430061803
202430061804
202430061805
202430061806
202430061807
202430061808
202430061809
202430061810
202430061811
202430061812
202430061901
202430061902
202430061903
202430061904
202430061905
202430061906
202430061907
202430061908
202430061909
202430061910
202430061911
202430061912
202430062001
202430062002
202430062003
202430062004
202430062005
202430062006
202430062007
202430062008
202430062009
202430062010
202430062011
202430062012
202430062501
202430062502
202430062503
202430062504
202430062505
202430062506
202430062507
202430062508
202430062509
202430062510
202430062511
202430062601
202430062602
202430062603
202430062604
202430062605
202430062606
202430062607
202430062608
202430062609
202430062610
202430062701
202430062702
202430062703
202430062704
202430062705
202430062706
202430062707
202430062708
202430062709
202430062710
202430062711
202430070201
202430070202
202430070203
202430070204
202430070205
202430070206
202430070207
202430070208
202430070209
202430070210
202430070211
202430070212
202430070301
202430070302
202430070303
202430070304
202430070305
202430070306
202430070307
202430070308
202430070309
202430070310
202430070311
202430070312
202430070401
202430070402
202430070403
202430070404
202430070405
202430070406
202430070407
202430070408
202430070409
202430070410
202430070411
202430070412
202430070901
202430070902
202430070903
202430070904
202430070905
202430070906
202430070907
202430070908
202430070909
202430070910
202430070911
202430071001
202430071002
202430071003
202430071004
202430071005
202430071006
202430071007
202430071008
202430071009
202430071010
202430071101
202430071102
202430071103
202430071104
202430071105
202430071106
202430071107
202430071108
202430071109
202430071110
202430071111
202430071112
202430071601
202430071602
202430071603
202430071604
202430071605
202430071606
202430071607
202430071608
202430071609
202430071610
202430071611
202430071612
202430071701
202430071702
202430071703
202430071704
202430071705
202430071706
202430071707
202430071708
202430071709
202430071710
202430071711
202430071712
202430071801
202430071802
202430071803
202430071804
202430071805
202430071806
202430071807
202430071808
202430071809
202430071810
202430071811
202430071812
202430072301
202430072302
202430072303
202430072304
202430072305
202430072306
202430072307
202430072308
202430072309
202430072310
202430072311
202430072401
202430072402
202430072403
202430072404
202430072405
202430072406
202430072407
202430072408
202430072409
202430072410
202430072411
202430072412
202430072501
202430072502
202430072503
202430072504
202430072505
202430072506
202430072507
202430072508
202430072509
202430072510
202430072511
202430072512
202430073001
202430073002
202430073003
202430073004
202430073005
202430073006
202430073007
202430073008
202430073009
202430073010
202430073011
202430073012
202430073101
202430073102
202430073103
202430073104
202430073105
202430073106
202430073107
202430073108
202430073109
202430073110
202430073111
202430073112
202430080101
202430080102
202430080103
202430080104
202430080105
202430080106
202430080107
202430080108
202430080109
202430080110
202430080111
202430080112
202430080601
202430080602
202430080603
202430080604
202430080605
202430080606
202430080607
202430080608
202430080609
202430080610
202430080611
202430080612
202430080701
202430080702
202430080703
202430080704
202430080705
202430080706
202430080707
202430080708
202430080709
202430080710
202430080711
202430080712
202430080801
202430080802
202430080803
202430080804
202430080805
202430080806
202430080807
202430080808
202430080809
202430080810
202430080811
202430080812
202430081301
202430081302
202430081303
202430081304
202430081305
202430081306
202430081307
202430081308
202430081309
202430081310
202430081311
202430081312
202430081401
202430081402
202430081403
202430081404
202430081405
202430081406
202430081407
202430081408
202430081409
202430081410
202430081411
202430081412
202430081501
202430081502
202430081503
202430081504
202430081505
202430081506
202430081507
202430081508
202430081509
202430081510
202430081511
202430081512
202430082001
202430082002
202430082003
202430082004
202430082005
202430082006
202430082007
202430082008
202430082009
202430082010
202430082011
202430082012
202430082101
202430082102
202430082103
202430082104
202430082105
202430082106
202430082107
202430082108
202430082109
202430082110
202430082111
202430082112
202430082201
202430082202
202430082203
202430082204
202430082205
202430082206
202430082207
202430082208
202430082209
202430082210
202430082211
202430082212
202430082701
202430082702
202430082703
202430082704
202430082705
202430082706
202430082707
202430082708
202430082709
202430082710
202430082711
202430082712
202430082801
202430082802
202430082803
202430082804
202430082805
202430082806
202430082807
202430082808
202430082809
202430082810
202430082811
202430082812
202430082901
202430082902
202430082903
202430082904
202430082905
202430082906
202430082907
202430082908
202430082909
202430082910
202430082911
202430082912
202430090301
202430090302
202430090303
202430090304
202430090305
202430090306
202430090307
202430090308
202430090309
202430090310
202430090311
202430090312
202430090401
202430090402
202430090403
202430090404
202430090405
202430090406
202430090407
202430090408
202430090409
202430090410
202430090411
202430090412
202430090501
202430090502
202430090503
202430090504
202430090505
202430090506
202430090507
202430090508
202430090509
202430090510
202430090511
202430090512
202430091001
202430091002
202430091003
202430091004
202430091005
202430091006
202430091007
202430091008
202430091009
202430091010
202430091011
202430091012
202430091101
202430091102
202430091103
202430091104
202430091105
202430091106
202430091107
202430091108
202430091109
202430091110
202430091111
202430091112
202430091201
202430091202
202430091203
202430091204
202430091205
202430091206
202430091207
202430091208
202430091209
202430091210
202430091211
202430091212
202430091701
202430091702
202430091703
202430091704
202430091705
202430091706
202430091707
202430091708
202430091709
202430091710
202430091711
202430091712
202430091801
202430091802
202430091803
202430091804
202430091805
202430091806
202430091807
202430091808
202430091809
202430091810
202430091811
202430091812
202430091901
202430091902
202430091903
202430091904
202430091905
202430091906
202430091907
202430091908
202430091909
202430091910
202430091911
202430091912
202430092401
202430092402
202430092403
202430092404
202430092405
202430092406
202430092407
202430092408
202430092409
202430092410
202430092411
202430092412
202430092501
202430092502
202430092503
202430092504
202430092505
202430092506
202430092507
202430092508
202430092509
202430092510
202430092511
202430092512
202430092601
202430092602
202430092603
202430092604
202430092605
202430092606
202430092607
202430092608
202430092609
202430092610
202430092611
202430092612
202430100101
202430100102
202430100103
202430100104
202430100105
202430100106
202430100107
202430100108
202430100109
202430100110
202430100111
202430100112
202430100201
202430100202
202430100203
202430100204
202430100205
202430100206
202430100207
202430100208
202430100209
202430100210
202430100211
202430100212
202430100301
202430100302
202430100303
202430100304
202430100305
202430100306
202430100307
202430100308
202430100309
202430100310
202430100311
202430100312
202430100801
202430100802
202430100803
202430100804
202430100805
202430100806
202430100807
202430100808
202430100809
202430100810
202430100811
202430100812
202430100901
202430100902
202430100903
202430100904
202430100905
202430100906
202430100907
202430100908
202430100909
202430100910
202430100911
202430100912
202430101001
202430101002
202430101003
202430101004
202430101005
202430101006
202430101007
202430101008
202430101009
202430101010
202430101011
202430101012
202430101501
202430101502
202430101503
202430101504
202430101505
202430101506
202430101507
202430101508
202430101509
202430101510
202430101511
202430101512
202430101601
202430101602
202430101603
202430101604
202430101605
202430101606
202430101607
202430101608
202430101609
202430101610
202430101611
202430101612
202430101701
202430101702
202430101703
202430101704
202430101705
202430101706
202430101707
202430101708
202430101709
202430101710
202430101711
202430101712
202430102201
202430102202
202430102203
202430102204
202430102205
202430102206
202430102207
202430102208
202430102209
202430102210
202430102211
202430102212
202430102301
202430102302
202430102303
202430102304
202430102305
202430102306
202430102307
202430102308
202430102309
202430102310
202430102311
202430102312
202430102401
202430102402
202430102403
202430102404
202430102405
202430102406
202430102407
202430102408
202430102409
202430102410
202430102411
202430102412
202430102901
202430102902
202430102903
202430102904
202430102905
202430102906
202430102907
202430102908
202430102909
202430102910
202430102911
202430102912
202430103001
202430103002
202430103003
202430103004
202430103005
202430103006
202430103007
202430103008
202430103009
202430103010
202430103011
202430103012
202430103101
202430103102
202430103103
202430103104
202430103105
202430103106
202430103107
202430103108
202430103109
202430103110
202430103111
202430103112
202430110401
202430110402
202430110403
202430110404
202430110405
202430110406
202430110407
202430110408
202430110409
202430110410
202430110411
202430110412
202430110601
202430110602
202430110603
202430110604
202430110605
202430110606
202430110607
202430110608
202430110609
202430110610
202430110611
202430110612
202430110701
202430110702
202430110703
202430110704
202430110705
202430110706
202430110707
202430110708
202430110709
202430110710
202430110711
202430110712
202435050501
202435050502
202435050503
202435050504
202435050505
202435050506
202435050507
202435050508
202435050509
202435050510
202435050511
202435050512
202435050601
202435050602
202435050603
202435050604
202435050605
202435050606
202435050607
202435050608
202435050609
202435050610
202435050611
202435050612
202435050701
202435050702
202435050703
202435050704
202435050705
202435050706
202435050707
202435050708
202435050709
202435050710
202435050711
202435050712
202435051201
202435051202
202435051203
202435051204
202435051205
202435051206
202435051207
202435051208
202435051209
202435051210
202435051211
202435051301
202435051302
202435051303
202435051304
202435051305
202435051306
202435051307
202435051308
202435051309
202435051310
202435051311
202435051312
202435051401
202435051402
202435051403
202435051404
202435051405
202435051406
202435051407
202435051408
202435051409
202435051410
202435051411
202435051901
202435051902
202435051903
202435051904
202435051905
202435051906
202435051907
202435051908
202435051909
202435051910
202435051911
202435052001
202435052002
202435052003
202435052004
202435052005
202435052006
202435052007
202435052008
202435052009
202435052010
202435052011
202435052012
202435052101
202435052102
202435052103
202435052104
202435052105
202435052106
202435052107
202435052108
202435052109
202435052110
202435052111
202435052112
202435052601
202435052602
202435052603
202435052604
202435052605
202435052606
202435052607
202435052608
202435052609
202435052610
202435052611
202435052701
202435052702
202435052703
202435052704
202435052705
202435052706
202435052707
202435052708
202435052709
202435052710
202435052711
202435052712
202435052801
202435052802
202435052803
202435052804
202435052805
202435052806
202435052807
202435052808
202435052809
202435052810
202435052811
202435063001
202435063002
202435063003
202435063004
202435063005
202435063006
202435063007
202435063008
202435063009
202435063010
202435063011
202435070101
202435070102
202435070103
202435070104
202435070105
202435070106
202435070107
202435070108
202435070109
202435070110
202435070111
202435070112
202435070201
202435070202
202435070203
202435070204
202435070205
202435070206
202435070207
202435070208
202435070209
202435070210
202435070211
202435070212
202435070701
202435070702
202435070703
202435070704
202435070705
202435070706
202435070707
202435070708
202435070709
202435070710
202435070711
202435070712
202435070801
202435070802
202435070803
202435070804
202435070805
202435070806
202435070807
202435070808
202435070809
202435070810
202435070811
202435070812
202435070901
202435070902
202435070903
202435070904
202435070905
202435070906
202435070907
202435070908
202435070909
202435070910
202435070911
202435070912
202435071401
202435071402
202435071403
202435071404
202435071405
202435071406
202435071407
202435071408
202435071409
202435071410
202435071411
202435071501
202435071502
202435071503
202435071504
202435071505
202435071506
202435071507
202435071508
202435071509
202435071510
202435071511
202435071512
202435071601
202435071602
202435071603
202435071604
202435071605
202435071606
202435071607
202435071608
202435071609
202435071610
202435071611
202435071612
202435072101
202435072102
202435072103
202435072104
202435072105
202435072106
202435072107
202435072108
202435072109
202435072110
202435072111
202435072201
202435072202
202435072203
202435072204
202435072205
202435072206
202435072207
202435072208
202435072209
202435072210
202435072211
202435072212
202435072301
202435072302
202435072303
202435072304
202435072305
202435072306
202435072307
202435072308
202435072309
202435072310
202435072311
202435072901
202435072902
202435072903
202435072904
202435072905
202435072906
202435072907
202435072908
202435072909
202435072910
202435072911
202435072912
202435073001
202435073002
202435073003
202435073004
202435073005
202435073006
202435073007
202435073008
202435073009
202435073010
202435073011
202435073012
202435073101
202435073102
202435073103
202435073104
202435073105
202435073106
202435073107
202435073108
202435073109
202435073110
202435073111
202435080401
202435080402
202435080403
202435080404
202435080405
202435080406
202435080407
202435080408
202435080409
202435080410
202435080411
202435080412
202435080501
202435080502
202435080503
202435080504
202435080505
202435080506
202435080507
202435080508
202435080509
202435080510
202435080511
202435080601
202435080602
202435080603
202435080604
202435080605
202435080606
202435080607
202435080608
202435080609
202435080610
202435080611
202435081101
202435081102
202435081103
202435081104
202435081105
202435081106
202435081107
202435081108
202435081109
202435081110
202435081111
202435081201
202435081202
202435081203
202435081204
202435081205
202435081206
202435081207
202435081208
202435081209
202435081210
202435081211
202435081212
202435081301
202435081302
202435081303
202435081304
202435081305
202435081306
202435081307
202435081308
202435081309
202435081310
202435081311
202435081312
202435081401
202435081402
202435081403
202435081404
202435081405
202435081406
202435081407
202435081408
202435081409
202435081410
202435081411
202435081412
202435081801
202435081802
202435081803
202435081804
202435081805
202435081806
202435081807
202435081808
202435081809
202435081810
202435081811
202435081901
202435081902
202435081903
202435081904
202435081905
202435081906
202435081907
202435081908
202435081909
202435081910
202435081911
202435081912
202435082001
202435082002
202435082003
202435082004
202435082005
202435082006
202435082007
202435082008
202435082009
202435082010
202435082011
202435082501
202435082502
202435082503
202435082504
202435082505
202435082506
202435082507
202435082508
202435082509
202435082510
202435082511
202435082601
202435082602
202435082603
202435082604
202435082605
202435082606
202435082607
202435082608
202435082609
202435082610
202435082611
202435082612
202435082701
202435082702
202435082703
202435082704
202435082705
202435082706
202435082707
202435082708
202435082709
202435082710
202435082711
202435082712
202435090101
202435090102
202435090103
202435090104
202435090105
202435090106
202435090107
202435090108
202435090109
202435090110
202435090111
202435090201
202435090202
202435090203
202435090204
202435090205
202435090206
202435090207
202435090208
202435090209
202435090210
202435090211
202435090212
202435090301
202435090302
202435090303
202435090304
202435090305
202435090306
202435090307
202435090308
202435090309
202435090310
202435090311
202435090312
202435100601
202435100602
202435100603
202435100604
202435100605
202435100606
202435100607
202435100608
202435100609
202435100610
202435100611
202435100701
202435100702
202435100703
202435100704
202435100705
202435100706
202435100707
202435100708
202435100709
202435100710
202435100711
202435100712
202435100801
202435100802
202435100803
202435100804
202435100805
202435100806
202435100807
202435100808
202435100809
202435100810
202435100811
202435100812
202435101301
202435101302
202435101303
202435101304
202435101305
202435101306
202435101307
202435101308
202435101309
202435101310
202435101311
202435101312
202435101401
202435101402
202435101403
202435101404
202435101405
202435101406
202435101407
202435101408
202435101409
202435101410
202435101411
202435101412
202435101501
202435101502
202435101503
202435101504
202435101505
202435101506
202435101507
202435101508
202435101509
202435101510
202435101511
202435101512
202435102001
202435102002
202435102003
202435102004
202435102005
202435102006
202435102007
202435102008
202435102009
202435102010
202435102011
202435102012
202435102101
202435102102
202435102103
202435102104
202435102105
202435102106
202435102107
202435102108
202435102109
202435102110
202435102111
202435102112
202435102201
202435102202
202435102203
202435102204
202435102205
202435102206
202435102207
202435102208
202435102209
202435102210
202435102211
202435102212
202435102701
202435102702
202435102703
202435102704
202435102705
202435102706
202435102707
202435102708
202435102709
202435102710
202435102711
202435102712
202435102801
202435102802
202435102803
202435102804
202435102805
202435102806
202435102807
202435102808
202435102809
202435102810
202435102811
202435102812
202435102901
202435102902
202435102903
202435102904
202435102905
202435102906
202435102907
202435102908
202435102909
202435102910
202435102911
202435102912
202435110301
202435110302
202435110303
202435110304
202435110305
202435110306
202435110307
202435110308
202435110309
202435110310
202435110311
202435110312
202435110501
202435110502
202435110503
202435110504
202435110505
202435110506
202435110507
202435110508
202435110509
202435110510
202435110511
202435110512
202435110601
202435110602
202435110603
202435110604
202435110605
202435110606
202435110607
202435110608
202435110609
202435110610
202435110611
202435110612
202435111001
202435111002
202435111003
202435111004
202435111005
202435111006
202435111007
202435111008
202435111009
202435111010
202435111011
202435111012
202435111101
202435111102
202435111103
202435111104
202435111105
202435111106
202435111107
202435111108
202435111109
202435111110
202435111111
202435111112
202435111201
202435111202
202435111203
202435111204
202435111205
202435111206
202435111207
202435111208
202435111209
202435111210
202435111211
202435111212
202436031001
202436031002
202436031003
202436031004
202436031005
202436031006
202436031007
202436031008
202436031009
202436031010
202436031011
202436031101
202436031102
202436031103
202436031104
202436031105
202436031106
202436031107
202436031108
202436031109
202436031110
202436031111
202436031112
202436031201
202436031202
202436031203
202436031204
202436031205
202436031206
202436031207
202436031208
202436031209
202436031210
202436031211
202436031212
202436031701
202436031702
202436031703
202436031704
202436031705
202436031706
202436031707
202436031708
202436031709
202436031710
202436031711
202436031801
202436031802
202436031803
202436031804
202436031805
202436031806
202436031807
202436031808
202436031809
202436031810
202436031811
202436032301
202436032302
202436032303
202436032304
202436032305
202436032306
202436032307
202436032308
202436032309
202436032310
202436032311
202436032312
202436032401
202436032402
202436032403
202436032404
202436032405
202436032406
202436032407
202436032408
202436032409
202436032410
202436032411
202436032412
202436032501
202436032502
202436032503
202436032504
202436032505
202436032506
202436032507
202436032508
202436032509
202436032510
202436032511
202436032512
202436032901
202436032902
202436032903
202436032904
202436032905
202436032906
202436032907
202436032908
202436032909
202436032910
202436032911
202436033001
202436033002
202436033003
202436033004
202436033005
202436033006
202436033007
202436033008
202436033009
202436033010
202436033011
202436033012
202436033101
202436033102
202436033103
202436033104
202436033105
202436033106
202436033107
202436033108
202436033109
202436033110
202436033111
202436033112
202436040701
202436040702
202436040703
202436040704
202436040705
202436040706
202436040707
202436040708
202436040709
202436040710
202436040711
202436040801
202436040802
202436040803
202436040804
202436040805
202436040806
202436040807
202436040808
202436040809
202436040810
202436040811
202436040812
202436040901
202436040902
202436040903
202436040904
202436040905
202436040906
202436040907
202436040908
202436040909
202436040910
202436040911
202436040912
202436041402
202436041403
202436041404
202436041405
202436041406
202436041407
202436041408
202436041409
202436041410
202436041411
202436041412
202436041501
202436041502
202436041503
202436041504
202436041505
202436041506
202436041507
202436041508
202436041509
202436041510
202436041511
202436041512
202436041601
202436041602
202436041603
202436041604
202436041605
202436041606
202436041607
202436041608
202436041609
202436041610
202436041611
202436041612
202436042101
202436042102
202436042103
202436042104
202436042105
202436042106
202436042107
202436042108
202436042109
202436042110
202436042111
202436042201
202436042202
202436042203
202436042204
202436042205
202436042206
202436042207
202436042208
202436042209
202436042210
202436042211
202436042212
202436042301
202436042302
202436042303
202436042304
202436042305
202436042306
202436042307
202436042308
202436042309
202436042310
202436042311
202436042801
202436042802
202436042803
202436042804
202436042805
202436042806
202436042807
202436042808
202436042809
202436042810
202436042811
202436042812
202436042901
202436042902
202436042903
202436042904
202436042905
202436042906
202436042907
202436042908
202436042909
202436042910
202436042911
202436042912
202436043001
202436043002
202436043003
202436043004
202436043005
202436043006
202436043007
202436043008
202436043009
202436043010
202436043011
202436043012
202436060201
202436060202
202436060203
202436060204
202436060205
202436060206
202436060207
202436060208
202436060209
202436060210
202436060211
202436060301
202436060302
202436060303
202436060304
202436060305
202436060306
202436060307
202436060308
202436060309
202436060310
202436060311
202436060312
202436060401
202436060402
202436060403
202436060404
202436060405
202436060406
202436060407
202436060408
202436060409
202436060410
202436060411
202436060412
202436060901
202436060902
202436060903
202436060904
202436060905
202436060906
202436060907
202436060908
202436060909
202436060910
202436060911
202436060912
202436061001
202436061002
202436061003
202436061004
202436061005
202436061006
202436061007
202436061008
202436061009
202436061010
202436061011
202436061012
202436061101
202436061102
202436061103
202436061104
202436061105
202436061106
202436061107
202436061108
202436061109
202436061110
202436061111
202436061112
202436061601
202436061602
202436061603
202436061604
202436061605
202436061606
202436061607
202436061608
202436061609
202436061610
202436061611
202436061612
202436061701
202436061702
202436061703
202436061704
202436061705
202436061706
202436061707
202436061708
202436061709
202436061710
202436061711
202436061712
202436061801
202436061802
202436061803
202436061804
202436061805
202436061806
202436061807
202436061808
202436061809
202436061810
202436061811
202436061812
202436062301
202436062302
202436062303
202436062304
202436062305
202436062306
202436062307
202436062308
202436062309
202436062310
202436062311
202436062401
202436062402
202436062403
202436062404
202436062405
202436062406
202436062407
202436062408
202436062409
202436062410
202436062411
202436062412
202436062501
202436062502
202436062503
202436062504
202436062505
202436062506
202436062507
202436062508
202436062509
202436062510
202436062511
202436062512
202436090801
202436090802
202436090803
202436090804
202436090805
202436090806
202436090807
202436090808
202436090809
202436090810
202436090811
202436090901
202436090902
202436090903
202436090904
202436090905
202436090906
202436090907
202436090908
202436090909
202436090910
202436090911
202436090912
202436091001
202436091002
202436091003
202436091004
202436091005
202436091006
202436091007
202436091008
202436091009
202436091010
202436091011
202436091501
202436091502
202436091503
202436091504
202436091505
202436091506
202436091507
202436091508
202436091509
202436091510
202436091511
202436091601
202436091602
202436091603
202436091604
202436091605
202436091606
202436091607
202436091608
202436091609
202436091610
202436091611
202436091612
202436091701
202436091702
202436091703
202436091704
202436091705
202436091706
202436091707
202436091708
202436091709
202436091710
202436091711
202436091712
202436092201
202436092202
202436092203
202436092204
202436092205
202436092206
202436092207
202436092208
202436092209
202436092210
202436092211
202436092212
202436092301
202436092302
202436092303
202436092304
202436092305
202436092306
202436092307
202436092308
202436092309
202436092310
202436092311
202436092312
202436092401
202436092402
202436092403
202436092404
202436092405
202436092406
202436092407
202436092408
202436092409
202436092410
202436092411
202436092412
202436092901
202436092902
202436092903
202436092904
202436092905
202436092906
202436092907
202436092908
202436092909
202436092910
202436092911
202436092912
202436093001
202436093002
202436093003
202436093004
202436093005
202436093006
202436093007
202436093008
202436093009
202436093010
202436093011
202436093012
202436100101
202436100102
202436100103
202436100104
202436100105
202436100106
202436100107
202436100108
202436100109
202436100110
202436100111
202436100112
202436111701
202436111702
202436111703
202436111704
202436111705
202436111706
202436111707
202436111708
202436111709
202436111710
202436111711
202436111712
202436111801
202436111802
202436111803
202436111804
202436111805
202436111806
202436111807
202436111808
202436111809
202436111810
202436111811
202436111812
202436111901
202436111902
202436111903
202436111904
202436111905
202436111906
202436111907
202436111908
202436111909
202436111910
202436111911
202436111912
202442010901
202442010902
202442010903
202442010904
202442010905
202442010906
202442010907
202442010908
202442010909
202442010910
202442010911
202442010912
202442011001
202442011002
202442011003
202442011004
202442011005
202442011006
202442011007
202442011008
202442011009
202442011010
202442011011
202442011012
202442011101
202442011102
202442011103
202442011104
202442011105
202442011106
202442011107
202442011108
202442011109
202442011110
202442011111
202442011112
202442011201
202442011202
202442011203
202442011204
202442011205
202442011206
202442011207
202442011208
202442011209
202442011210
202442011211
202442011212
202442021901
202442021902
202442021903
202442021904
202442021905
202442021906
202442021907
202442021908
202442021909
202442021910
202442021911
202442021912
202442022001
202442022002
202442022003
202442022004
202442022005
202442022006
202442022007
202442022008
202442022009
202442022010
202442022011
202442022012
202442022101
202442022102
202442022103
202442022104
202442022105
202442022106
202442022107
202442022108
202442022109
202442022110
202442022111
202442022112
202442022201
202442022202
202442022203
202442022204
202442022205
202442022206
202442022207
202442022208
202442022209
202442022210
202442022211
202442022212
202442022301
202442022302
202442022303
202442022304
202442022305
202442022306
202442022307
202442022308
202442022309
202442022310
202442022311
202442022312
202442032501
202442032502
202442032503
202442032504
202442032505
202442032506
202442032507
202442032508
202442032509
202442032510
202442032511
202442032512
202442032601
202442032602
202442032603
202442032604
202442032605
202442032606
202442032607
202442032608
202442032609
202442032610
202442032611
202442032612
202442032701
202442032702
202442032703
202442032704
202442032705
202442032706
202442032707
202442032708
202442032709
202442032710
202442032711
202442032712
202442032801
202442032802
202442032803
202442032804
202442032805
202442032806
202442032807
202442032808
202442032809
202442032810
202442032811
202442032812
202442032901
202442032902
202442032903
202442032904
202442032905
202442032906
202442032907
202442032908
202442032909
202442032910
202442032911
202442032912
202442041501
202442041502
202442041503
202442041504
202442041505
202442041506
202442041507
202442041508
202442041509
202442041510
202442041511
202442041512
202442041601
202442041602
202442041603
202442041604
202442041605
202442041606
202442041607
202442041608
202442041609
202442041610
202442041611
202442041612
202442041701
202442041702
202442041703
202442041704
202442041705
202442041706
202442041707
202442041708
202442041709
202442041710
202442041711
202442041712
202442041801
202442041802
202442041803
202442041804
202442041805
202442041806
202442041807
202442041808
202442041809
202442041810
202442041811
202442041812
202442041901
202442041902
202442041903
202442041904
202442041905
202442041906
202442041907
202442041908
202442041909
202442041910
202442041911
202442041912
202442052001
202442052002
202442052003
202442052004
202442052005
202442052006
202442052007
202442052008
202442052009
202442052010
202442052011
202442052012
202442052101
202442052102
202442052103
202442052104
202442052105
202442052106
202442052107
202442052108
202442052109
202442052110
202442052111
202442052112
202442052201
202442052202
202442052203
202442052204
202442052205
202442052206
202442052207
202442052208
202442052209
202442052210
202442052211
202442052212
202442052301
202442052302
202442052303
202442052304
202442052305
202442052306
202442052307
202442052308
202442052309
202442052310
202442052311
202442052312
202442052401
202442052402
202442052403
202442052404
202442052405
202442052406
202442052407
202442052408
202442052409
202442052410
202442052411
202442052412
202442061701
202442061702
202442061703
202442061704
202442061705
202442061706
202442061707
202442061708
202442061709
202442061710
202442061711
202442061712
202442061801
202442061802
202442061803
202442061804
202442061805
202442061806
202442061807
202442061808
202442061809
202442061810
202442061811
202442061812
202442061901
202442061902
202442061903
202442061904
202442061905
202442061906
202442061907
202442061908
202442061909
202442061910
202442061911
202442061912
202442062001
202442062002
202442062003
202442062004
202442062005
202442062006
202442062007
202442062008
202442062009
202442062010
202442062011
202442062012
202442062101
202442062102
202442062103
202442062104
202442062105
202442062106
202442062107
202442062108
202442062109
202442062110
202442062111
202442062112
202442071201
202442071202
202442071203
202442071204
202442071205
202442071206
202442071207
202442071208
202442071209
202442071210
202442071211
202442071212
202442071501
202442071502
202442071503
202442071504
202442071505
202442071506
202442071507
202442071508
202442071509
202442071510
202442071511
202442071512
202442071601
202442071602
202442071603
202442071604
202442071605
202442071606
202442071607
202442071608
202442071609
202442071610
202442071611
202442071612
202442071701
202442071702
202442071703
202442071704
202442071705
202442071706
202442071707
202442071708
202442071709
202442071710
202442071711
202442071712
202442081901
202442081902
202442081903
202442081904
202442081905
202442081906
202442081907
202442081908
202442081909
202442081910
202442081911
202442081912
202442082001
202442082002
202442082003
202442082004
202442082005
202442082006
202442082007
202442082008
202442082009
202442082010
202442082011
202442082012
202442082101
202442082102
202442082103
202442082104
202442082105
202442082106
202442082107
202442082108
202442082109
202442082110
202442082111
202442082112
202442082201
202442082202
202442082203
202442082204
202442082205
202442082206
202442082207
202442082208
202442082209
202442082210
202442082211
202442082212
202442082301
202442082302
202442082303
202442082304
202442082305
202442082306
202442082307
202442082308
202442082309
202442082310
202442082311
202442082312
202442091701
202442091702
202442091703
202442091704
202442091705
202442091706
202442091707
202442091708
202442091709
202442091710
202442091711
202442091712
202442091801
202442091802
202442091803
202442091804
202442091805
202442091806
202442091807
202442091808
202442091809
202442091810
202442091811
202442091812
202442091901
202442091902
202442091903
202442091904
202442091905
202442091906
202442091907
202442091908
202442091909
202442091910
202442091911
202442091912
202442092001
202442092002
202442092003
202442092004
202442092005
202442092006
202442092007
202442092008
202442092009
202442092010
202442092011
202442092012
202442102101
202442102102
202442102103
202442102104
202442102105
202442102106
202442102107
202442102108
202442102109
202442102110
202442102111
202442102112
202442102201
202442102202
202442102203
202442102204
202442102205
202442102206
202442102207
202442102208
202442102209
202442102210
202442102211
202442102212
202442102301
202442102302
202442102303
202442102304
202442102305
202442102306
202442102307
202442102308
202442102309
202442102310
202442102311
202442102312
202442102401
202442102402
202442102403
202442102404
202442102405
202442102406
202442102407
202442102408
202442102409
202442102410
202442102411
202442102412
202442102501
202442102502
202442102503
202442102504
202442102505
202442102506
202442102507
202442102508
202442102509
202442102510
202442102511
202442102512
202442111801
202442111802
202442111803
202442111804
202442111805
202442111806
202442111807
202442111808
202442111809
202442111810
202442111811
202442111812
202442111901
202442111902
202442111903
202442111904
202442111905
202442111906
202442111907
202442111908
202442111909
202442111910
202442111911
202442111912
202443011501
202443011502
202443011503
202443011504
202443011505
202443011506
202443011507
202443011508
202443011509
202443011510
202443011511
202443011512
202443011601
202443011602
202443011603
202443011604
202443011605
202443011606
202443011607
202443011608
202443011609
202443011610
202443011611
202443011612
202443011701
202443011702
202443011703
202443011704
202443011705
202443011706
202443011707
202443011708
202443011709
202443011710
202443011711
202443011712
202443011801
202443011802
202443011803
202443011804
202443011805
202443011806
202443011807
202443011808
202443011809
202443011810
202443011811
202443011812
202443011901
202443011902
202443011903
202443011904
202443011905
202443011906
202443011907
202443011908
202443011909
202443011910
202443011911
202443011912
202443020501
202443020502
202443020503
202443020504
202443020505
202443020506
202443020507
202443020508
202443020509
202443020510
202443020511
202443020512
202443020601
202443020602
202443020603
202443020604
202443020605
202443020606
202443020607
202443020608
202443020609
202443020610
202443020611
202443020612
202443020701
202443020702
202443020703
202443020704
202443020705
202443020706
202443020707
202443020708
202443020709
202443020710
202443020711
202443020712
202443020801
202443020802
202443020803
202443020804
202443020805
202443020806
202443020807
202443020808
202443020809
202443020810
202443020811
202443020812
202443020901
202443020902
202443020903
202443020904
202443020905
202443020906
202443020907
202443020908
202443020909
202443020910
202443020911
202443020912
202443021003
202443021004
202443021005
202443021006
202443021007
202443021008
202443021009
202443021010
202443021011
202443021012
202443030401
202443030402
202443030403
202443030404
202443030405
202443030406
202443030407
202443030408
202443030409
202443030410
202443030411
202443030412
202443030501
202443030502
202443030503
202443030504
202443030505
202443030506
202443030507
202443030508
202443030509
202443030510
202443030511
202443030512
202443030601
202443030602
202443030603
202443030604
202443030605
202443030606
202443030607
202443030608
202443030609
202443030610
202443030611
202443030612
202443030701
202443030702
202443030703
202443030704
202443030705
202443030706
202443030707
202443030708
202443030709
202443030710
202443030711
202443030712
202443030801
202443030802
202443030803
202443030804
202443030805
202443030806
202443030807
202443030808
202443030809
202443030810
202443030811
202443030812
202443041101
202443041102
202443041103
202443041104
202443041105
202443041106
202443041107
202443041108
202443041109
202443041110
202443041111
202443041112
202443041201
202443041202
202443041203
202443041204
202443041205
202443041206
202443041207
202443041208
202443041209
202443041210
202443041211
202443041212
202443041301
202443041302
202443041303
202443041304
202443041305
202443041306
202443041307
202443041308
202443041309
202443041310
202443041311
202443041312
202443041401
202443041402
202443041403
202443041404
202443041405
202443041406
202443041407
202443041408
202443041409
202443041410
202443041411
202443041412
202443042901
202443042902
202443042903
202443042904
202443042905
202443042906
202443042907
202443042908
202443042909
202443042910
202443042911
202443042912
202443043001
202443043002
202443043003
202443043004
202443043005
202443043006
202443043007
202443043008
202443043009
202443043010
202443043011
202443043012
202443050101
202443050102
202443050103
202443050104
202443050105
202443050106
202443050107
202443050108
202443050109
202443050110
202443050111
202443050112
202443050201
202443050202
202443050203
202443050204
202443050205
202443050206
202443050207
202443050208
202443050209
202443050210
202443050211
202443050212
202443050301
202443050302
202443050303
202443050304
202443050305
202443050306
202443050307
202443050308
202443050309
202443050310
202443050311
202443050312
202443052701
202443052702
202443052703
202443052704
202443052705
202443052706
202443052707
202443052708
202443052709
202443052710
202443052711
202443052712
202443052801
202443052802
202443052803
202443052804
202443052805
202443052806
202443052807
202443052808
202443052809
202443052810
202443052811
202443052812
202443052901
202443052902
202443052903
202443052904
202443052905
202443052906
202443052907
202443052908
202443052909
202443052910
202443052911
202443052912
202443053001
202443053002
202443053003
202443053004
202443053005
202443053006
202443053007
202443053008
202443053009
202443053010
202443053011
202443053012
202443053101
202443053102
202443053103
202443053104
202443053105
202443053106
202443053107
202443053108
202443053109
202443053110
202443053111
202443053112
202443062501
202443062502
202443062503
202443062504
202443062505
202443062506
202443062507
202443062508
202443062509
202443062510
202443062511
202443062512
202443062701
202443062702
202443062703
202443062704
202443062705
202443062706
202443062707
202443062708
202443062709
202443062710
202443062711
202443062712
202443062801
202443062802
202443062803
202443062804
202443062805
202443062806
202443062807
202443062808
202443062809
202443062810
202443062811
202443062812
202443062901
202443062902
202443062903
202443062904
202443062905
202443062906
202443062907
202443062908
202443062909
202443062910
202443062911
202443062912
202443063001
202443063002
202443063003
202443063004
202443063005
202443063006
202443063007
202443063008
202443063009
202443063010
202443063011
202443063012
202443071801
202443071802
202443071803
202443071804
202443071805
202443071806
202443071807
202443071808
202443071809
202443071810
202443071811
202443071812
202443071901
202443071902
202443071903
202443071904
202443071905
202443071906
202443071907
202443071908
202443071909
202443071910
202443071911
202443071912
202443072001
202443072002
202443072003
202443072004
202443072005
202443072006
202443072007
202443072008
202443072009
202443072010
202443072011
202443072012
202443072101
202443072102
202443072103
202443072104
202443072105
202443072106
202443072107
202443072108
202443072109
202443072110
202443072111
202443072112
202443072201
202443072202
202443072203
202443072204
202443072205
202443072206
202443072207
202443072208
202443072209
202443072210
202443072211
202443072212
202443082601
202443082602
202443082603
202443082604
202443082605
202443082606
202443082607
202443082608
202443082609
202443082610
202443082611
202443082612
202443082701
202443082702
202443082703
202443082704
202443082705
202443082706
202443082707
202443082708
202443082709
202443082710
202443082711
202443082712
202443082801
202443082802
202443082803
202443082804
202443082805
202443082806
202443082807
202443082808
202443082809
202443082810
202443082811
202443082812
202443082901
202443082902
202443082903
202443082904
202443082905
202443082906
202443082907
202443082908
202443082909
202443082910
202443082911
202443082912
202443083001
202443083002
202443083003
202443083004
202443083005
202443083006
202443083007
202443083008
202443083009
202443083010
202443083011
202443083012
202443092301
202443092302
202443092303
202443092304
202443092305
202443092306
202443092307
202443092308
202443092309
202443092310
202443092311
202443092312
202443092401
202443092402
202443092403
202443092404
202443092405
202443092406
202443092407
202443092408
202443092409
202443092410
202443092411
202443092412
202443092501
202443092502
202443092503
202443092504
202443092505
202443092506
202443092507
202443092508
202443092509
202443092510
202443092511
202443092512
202443092601
202443092602
202443092603
202443092604
202443092605
202443092606
202443092607
202443092608
202443092609
202443092610
202443092611
202443092612
202443092701
202443092702
202443092703
202443092704
202443092705
202443092706
202443092707
202443092708
202443092709
202443092710
202443092711
202443092712
202443102801
202443102802
202443102803
202443102804
202443102805
202443102806
202443102807
202443102808
202443102809
202443102810
202443102811
202443102812
202443102901
202443102902
202443102903
202443102904
202443102905
202443102906
202443102907
202443102908
202443102909
202443102910
202443102911
202443102912
202443103001
202443103002
202443103003
202443103004
202443103005
202443103006
202443103007
202443103008
202443103009
202443103010
202443103011
202443103012
202443103101
202443103102
202443103103
202443103104
202443103105
202443103106
202443103107
202443103108
202443103109
202443103110
202443103111
202443103112
202443110101
202443110102
202443110103
202443110104
202443110105
202443110106
202443110107
202443110108
202443110109
202443110110
202443110111
202443110112
202444012101
202444012102
202444012103
202444012104
202444012105
202444012106
202444012107
202444012108
202444012201
202444012202
202444012203
202444012204
202444012205
202444012206
202444012207
202444012208
202444012209
202444012210
202444012301
202444012302
202444012303
202444012304
202444012305
202444012306
202444012307
202444012308
202444012309
202444012310
202444012311
202444012312
202444012401
202444012402
202444012403
202444012404
202444012405
202444012406
202444012407
202444012408
202444012409
202444012410
202444012411
202444012412
202444012501
202444012502
202444012503
202444012504
202444012505
202444012506
202444012507
202444012508
202444012509
202444012510
202444012511
202444012512
202444012601
202444012602
202444012603
202444012604
202444012605
202444012606
202444012607
202444012608
202444012609
202444012610
202444012611
202444021101
202444021102
202444021103
202444021104
202444021105
202444021106
202444021107
202444021108
202444021201
202444021202
202444021203
202444021204
202444021205
202444021206
202444021207
202444021208
202444021209
202444021210
202444021211
202444021212
202444021301
202444021302
202444021303
202444021304
202444021305
202444021306
202444021307
202444021308
202444021309
202444021310
202444021401
202444021402
202444021403
202444021404
202444021405
202444021406
202444021407
202444021408
202444021409
202444021410
202444021411
202444021412
202444021501
202444021502
202444021503
202444021504
202444021505
202444021506
202444021507
202444021508
202444021509
202444021510
202444021511
202444021512
202444021601
202444021602
202444021603
202444021604
202444021605
202444021606
202444021607
202444021608
202444021609
202444021610
202444021611
202444022601
202444022602
202444022603
202444022604
202444022605
202444022606
202444022607
202444022608
202444022609
202444022610
202444022611
202444022612
202444022701
202444022702
202444022703
202444022704
202444022705
202444022706
202444022707
202444022708
202444022709
202444022710
202444022711
202444022712
202444022801
202444022802
202444022803
202444022804
202444022805
202444022806
202444022807
202444022808
202444022809
202444022810
202444022811
202444022812
202444022901
202444022902
202444022903
202444022904
202444022905
202444022906
202444022907
202444022908
202444022909
202444022910
202444022911
202444022912
202444030101
202444030102
202444030103
202444030104
202444030105
202444030106
202444030107
202444030108
202444030109
202444030110
202444030111
202444030112
202444031801
202444031802
202444031803
202444031804
202444031805
202444031806
202444031807
202444031808
202444031809
202444031810
202444031811
202444031812
202444031901
202444031902
202444031903
202444031904
202444031905
202444031906
202444031907
202444031908
202444031909
202444031910
202444031911
202444031912
202444032001
202444032002
202444032003
202444032004
202444032005
202444032006
202444032007
202444032008
202444032009
202444032010
202444032011
202444032012
202444032101
202444032102
202444032103
202444032104
202444032105
202444032106
202444032107
202444032108
202444032109
202444032110
202444032111
202444032112
202444032201
202444032202
202444032203
202444032204
202444032205
202444032206
202444032207
202444032208
202444032209
202444032210
202444032211
202444032212
202444040801
202444040802
202444040803
202444040804
202444040805
202444040806
202444040807
202444040808
202444040809
202444040810
202444040811
202444040812
202444040901
202444040902
202444040903
202444040904
202444040905
202444040906
202444040907
202444040908
202444040909
202444040910
202444040911
202444040912
202444041001
202444041002
202444041003
202444041004
202444041005
202444041006
202444041007
202444041008
202444041009
202444041010
202444041011
202444041012
202444041101
202444041102
202444041103
202444041104
202444041105
202444041106
202444041107
202444041108
202444041109
202444041110
202444041111
202444041112
202444041201
202444041202
202444041203
202444041204
202444041205
202444041206
202444041207
202444041208
202444041209
202444041210
202444041211
202444041212
202444042201
202444042202
202444042203
202444042204
202444042205
202444042206
202444042207
202444042208
202444042209
202444042210
202444042211
202444042212
202444042301
202444042302
202444042303
202444042304
202444042305
202444042306
202444042307
202444042308
202444042309
202444042310
202444042311
202444042312
202444042401
202444042402
202444042403
202444042404
202444042405
202444042406
202444042407
202444042408
202444042409
202444042410
202444042411
202444042412
202444042501
202444042502
202444042503
202444042504
202444042505
202444042506
202444042507
202444042508
202444042509
202444042510
202444042511
202444042512
202444042601
202444042602
202444042603
202444042604
202444042605
202444042606
202444042607
202444042608
202444042609
202444042610
202444042611
202444042612
202444051301
202444051302
202444051303
202444051304
202444051305
202444051306
202444051307
202444051308
202444051309
202444051310
202444051311
202444051312
202444051401
202444051402
202444051403
202444051404
202444051405
202444051406
202444051407
202444051408
202444051409
202444051410
202444051411
202444051412
202444051501
202444051502
202444051503
202444051504
202444051505
202444051506
202444051507
202444051508
202444051509
202444051510
202444051511
202444051512
202444051601
202444051602
202444051603
202444051604
202444051605
202444051606
202444051607
202444051608
202444051609
202444051610
202444051611
202444051612
202444051701
202444051702
202444051703
202444051704
202444051705
202444051706
202444051707
202444051708
202444051709
202444051710
202444051711
202444051712
202444060301
202444060302
202444060303
202444060304
202444060305
202444060306
202444060307
202444060308
202444060309
202444060310
202444060311
202444060312
202444060401
202444060402
202444060403
202444060404
202444060405
202444060406
202444060407
202444060408
202444060409
202444060410
202444060411
202444060412
202444060501
202444060502
202444060503
202444060504
202444060505
202444060506
202444060507
202444060508
202444060509
202444060510
202444060511
202444060512
202444060601
202444060602
202444060603
202444060604
202444060605
202444060606
202444060607
202444060608
202444060609
202444060610
202444060611
202444060612
202444060701
202444060702
202444060703
202444060704
202444060705
202444060706
202444060707
202444060708
202444060709
202444060710
202444060711
202444060712
202444062401
202444062402
202444062403
202444062404
202444062405
202444062406
202444062407
202444062408
202444062409
202444062410
202444062411
202444062412
202444062501
202444062502
202444062503
202444062504
202444062505
202444062506
202444062507
202444062508
202444062509
202444062510
202444062511
202444062512
202444062601
202444062602
202444062603
202444062604
202444062605
202444062606
202444062607
202444062608
202444062609
202444062610
202444062611
202444062612
202444062701
202444062702
202444062703
202444062704
202444062705
202444062706
202444062707
202444062708
202444062709
202444062710
202444062711
202444062712
202444062801
202444062802
202444062803
202444062804
202444062805
202444062806
202444062807
202444062808
202444062809
202444062810
202444062811
202444062812
202444070801
202444070802
202444070803
202444070804
202444070805
202444070806
202444070807
202444070808
202444070809
202444070810
202444070811
202444070812
202444070901
202444070902
202444070903
202444070904
202444070905
202444070906
202444070907
202444070908
202444070909
202444070910
202444070911
202444070912
202444071001
202444071002
202444071003
202444071004
202444071005
202444071006
202444071007
202444071008
202444071009
202444071010
202444071011
202444071012
202444071101
202444071102
202444071103
202444071104
202444071105
202444071106
202444071107
202444071108
202444071109
202444071110
202444071111
202444071112
202444071201
202444071202
202444071203
202444071204
202444071205
202444071206
202444071207
202444071208
202444071209
202444071210
202444071211
202444071212
202444072901
202444072902
202444072903
202444072904
202444072905
202444072906
202444072907
202444072908
202444072909
202444072910
202444072911
202444072912
202444073001
202444073002
202444073003
202444073004
202444073005
202444073006
202444073007
202444073008
202444073009
202444073010
202444073011
202444073012
202444073101
202444073102
202444073103
202444073104
202444073105
202444073106
202444073107
202444073108
202444073109
202444073110
202444073111
202444073112
202444080101
202444080102
202444080103
202444080104
202444080105
202444080106
202444080107
202444080108
202444080109
202444080110
202444080111
202444080112
202444080201
202444080202
202444080203
202444080204
202444080205
202444080206
202444080207
202444080208
202444080209
202444080210
202444080211
202444080212
202444081201
202444081202
202444081203
202444081204
202444081205
202444081206
202444081207
202444081208
202444081209
202444081210
202444081211
202444081212
202444081301
202444081302
202444081303
202444081304
202444081305
202444081306
202444081307
202444081308
202444081309
202444081310
202444081311
202444081312
202444081401
202444081402
202444081403
202444081404
202444081405
202444081406
202444081407
202444081408
202444081409
202444081410
202444081411
202444081412
202444081501
202444081502
202444081503
202444081504
202444081505
202444081506
202444081507
202444081508
202444081509
202444081510
202444081511
202444081512
202444081601
202444081602
202444081603
202444081604
202444081605
202444081606
202444081607
202444081608
202444081609
202444081610
202444081611
202444081612
202444081701
202444081702
202444081703
202444081704
202444081705
202444081706
202444081707
202444081708
202444081709
202444081710
202444081711
202444081712
202444090801
202444090802
202444090803
202444090804
202444090805
202444090806
202444090807
202444090808
202444090901
202444090902
202444090903
202444090904
202444090905
202444090906
202444090907
202444090908
202444090909
202444090910
202444091001
202444091002
202444091003
202444091004
202444091005
202444091006
202444091007
202444091008
202444091009
202444091010
202444091011
202444091012
202444091101
202444091102
202444091103
202444091104
202444091105
202444091106
202444091107
202444091108
202444091109
202444091110
202444091111
202444091112
202444091201
202444091202
202444091203
202444091204
202444091205
202444091206
202444091207
202444091208
202444091209
202444091210
202444091211
202444091212
202444091301
202444091302
202444091303
202444091304
202444091305
202444091306
202444091307
202444091308
202444091309
202444091310
202444091311
202444092901
202444092902
202444092903
202444092904
202444092905
202444092906
202444092907
202444092908
202444093001
202444093002
202444093003
202444093004
202444093005
202444093006
202444093007
202444093008
202444093009
202444093010
202444100101
202444100102
202444100103
202444100104
202444100105
202444100106
202444100107
202444100108
202444100109
202444100110
202444100111
202444100112
202444100201
202444100202
202444100203
202444100204
202444100205
202444100206
202444100207
202444100208
202444100209
202444100210
202444100211
202444100212
202444100301
202444100302
202444100303
202444100304
202444100305
202444100306
202444100307
202444100308
202444100309
202444100310
202444100311
202444100312
202444100401
202444100402
202444100403
202444100404
202444100405
202444100406
202444100407
202444100408
202444100409
202444100410
202444101401
202444101402
202444101403
202444101404
202444101405
202444101406
202444101407
202444101408
202444101409
202444101410
202444101411
202444101412
202444101501
202444101502
202444101503
202444101504
202444101505
202444101506
202444101507
202444101508
202444101509
202444101510
202444101511
202444101512
202444101601
202444101602
202444101603
202444101604
202444101605
202444101606
202444101607
202444101608
202444101609
202444101610
202444101611
202444101612
202444101701
202444101702
202444101703
202444101704
202444101705
202444101706
202444101707
202444101708
202444101709
202444101710
202444101711
202444101712
202444101801
202444101802
202444101803
202444101804
202444101805
202444101806
202444101807
202444101808
202444101809
202444101810
202444101811
202444101812
202444110401
202444110402
202444110403
202444110404
202444110405
202444110406
202444110407
202444110408
202444110409
202444110410
202444110411
202444110412
202444110501
202444110502
202444110503
202444110504
202444110505
202444110506
202444110507
202444110508
202444110509
202444110510
202444110511
202444110512
202444110601
202444110602
202444110603
202444110604
202444110605
202444110606
202444110607
202444110608
202444110609
202444110610
202444110611
202444110612
202444110701
202444110702
202444110703
202444110704
202444110705
202444110706
202444110707
202444110708
202444110709
202444110710
202444110711
202444110712
202444110801
202444110802
202444110803
202444110804
202444110805
202444110806
202444110807
202444110808
202444110809
202444110810
202444110811
202444110812
202445010101
202445010102
202445010103
202445010104
202445010105
202445010106
202445010107
202445010108
202445010109
202445010110
202445010111
202445010112
202445010201
202445010202
202445010203
202445010204
202445010205
202445010206
202445010207
202445010208
202445010209
202445010210
202445010211
202445010212
202445010301
202445010302
202445010303
202445010304
202445010305
202445010306
202445010307
202445010308
202445010309
202445010310
202445010311
202445010312
202445010401
202445010402
202445010403
202445010404
202445010405
202445010406
202445010407
202445010408
202445010409
202445010410
202445010411
202445010412
202445010501
202445010502
202445010503
202445010504
202445010505
202445010506
202445010507
202445010508
202445010509
202445010510
202445012901
202445012902
202445012903
202445012904
202445012905
202445012906
202445012907
202445012908
202445012909
202445012910
202445012911
202445012912
202445013001
202445013002
202445013003
202445013004
202445013005
202445013006
202445013007
202445013008
202445013009
202445013010
202445013011
202445013012
202445013101
202445013102
202445013103
202445013104
202445013105
202445013106
202445013107
202445013108
202445013109
202445013110
202445013111
202445013112
202445020101
202445020102
202445020103
202445020104
202445020105
202445020106
202445020107
202445020108
202445020109
202445020110
202445020111
202445020112
202445020201
202445020202
202445020203
202445020204
202445020205
202445020206
202445020207
202445020208
202445020209
202445020210
202445020211
202445020212
202445031101
202445031102
202445031103
202445031104
202445031105
202445031106
202445031107
202445031108
202445031109
202445031110
202445031111
202445031112
202445031201
202445031202
202445031203
202445031204
202445031205
202445031206
202445031207
202445031208
202445031209
202445031210
202445031211
202445031212
202445031301
202445031302
202445031303
202445031304
202445031305
202445031306
202445031307
202445031308
202445031309
202445031310
202445031311
202445031312
202445031401
202445031402
202445031403
202445031404
202445031405
202445031406
202445031407
202445031408
202445031409
202445031410
202445031411
202445031412
202445031501
202445031502
202445031503
202445031504
202445031505
202445031506
202445031507
202445031508
202445031509
202445031510
202445031511
202445031512
202445040101
202445040102
202445040103
202445040104
202445040105
202445040106
202445040107
202445040108
202445040109
202445040110
202445040111
202445040112
202445040201
202445040202
202445040203
202445040204
202445040205
202445040206
202445040207
202445040208
202445040209
202445040210
202445040211
202445040212
202445040301
202445040302
202445040303
202445040304
202445040305
202445040306
202445040307
202445040308
202445040309
202445040310
202445040311
202445040312
202445040401
202445040402
202445040403
202445040404
202445040405
202445040406
202445040407
202445040408
202445040409
202445040410
202445040411
202445040412
202445040501
202445040502
202445040503
202445040504
202445040505
202445040506
202445040507
202445040508
202445040509
202445040510
202445040511
202445040512
202445050601
202445050602
202445050603
202445050604
202445050605
202445050606
202445050607
202445050608
202445050609
202445050610
202445050611
202445050612
202445050701
202445050702
202445050703
202445050704
202445050705
202445050706
202445050707
202445050708
202445050709
202445050710
202445050711
202445050712
202445050801
202445050802
202445050803
202445050804
202445050805
202445050806
202445050807
202445050808
202445050809
202445050810
202445050811
202445050812
202445050901
202445050902
202445050903
202445050904
202445050905
202445050906
202445050907
202445050908
202445050909
202445050910
202445050911
202445050912
202445051001
202445051002
202445051003
202445051004
202445051005
202445051006
202445051007
202445051008
202445051009
202445051010
202445051011
202445051012
202445061001
202445061002
202445061003
202445061004
202445061005
202445061006
202445061007
202445061008
202445061009
202445061010
202445061011
202445061012
202445061101
202445061102
202445061103
202445061104
202445061105
202445061106
202445061107
202445061108
202445061109
202445061110
202445061111
202445061112
202445061201
202445061202
202445061203
202445061204
202445061205
202445061206
202445061207
202445061208
202445061209
202445061210
202445061211
202445061212
202445061301
202445061302
202445061303
202445061304
202445061305
202445061306
202445061307
202445061308
202445061309
202445061310
202445061311
202445061312
202445061401
202445061402
202445061403
202445061404
202445061405
202445061406
202445061407
202445061408
202445061409
202445061410
202445061411
202445061412
202445070101
202445070102
202445070103
202445070104
202445070105
202445070106
202445070107
202445070108
202445070109
202445070110
202445070111
202445070112
202445070201
202445070202
202445070203
202445070204
202445070205
202445070206
202445070207
202445070208
202445070209
202445070210
202445070211
202445070212
202445070301
202445070302
202445070303
202445070304
202445070305
202445070306
202445070307
202445070308
202445070309
202445070310
202445070311
202445070312
202445070401
202445070402
202445070403
202445070404
202445070405
202445070406
202445070407
202445070408
202445070409
202445070410
202445070411
202445070412
202445070501
202445070502
202445070503
202445070504
202445070505
202445070506
202445070507
202445070508
202445070509
202445070510
202445070511
202445070512
202445072301
202445072302
202445072303
202445072304
202445072305
202445072306
202445072307
202445072308
202445072309
202445072310
202445072311
202445072312
202445072401
202445072402
202445072403
202445072404
202445072405
202445072406
202445072407
202445072408
202445072409
202445072410
202445072411
202445072412
202445072501
202445072502
202445072503
202445072504
202445072505
202445072506
202445072507
202445072508
202445072509
202445072510
202445072511
202445072512
202445072601
202445072602
202445072603
202445072604
202445072605
202445072606
202445072607
202445072608
202445072609
202445072610
202445072611
202445072612
202445080501
202445080502
202445080503
202445080504
202445080505
202445080506
202445080507
202445080508
202445080509
202445080510
202445080511
202445080512
202445080601
202445080602
202445080603
202445080604
202445080605
202445080606
202445080607
202445080608
202445080609
202445080610
202445080611
202445080612
202445080701
202445080702
202445080703
202445080704
202445080705
202445080706
202445080707
202445080708
202445080709
202445080710
202445080711
202445080712
202445080801
202445080802
202445080803
202445080804
202445080805
202445080806
202445080807
202445080808
202445080809
202445080810
202445080811
202445080812
202445080901
202445080902
202445080903
202445080904
202445080905
202445080906
202445080907
202445080908
202445080909
202445080910
202445080911
202445080912
202445090201
202445090202
202445090203
202445090204
202445090205
202445090206
202445090207
202445090208
202445090209
202445090210
202445090211
202445090212
202445090301
202445090302
202445090303
202445090304
202445090305
202445090306
202445090307
202445090308
202445090309
202445090310
202445090311
202445090312
202445090401
202445090402
202445090403
202445090404
202445090405
202445090406
202445090407
202445090408
202445090409
202445090410
202445090411
202445090412
202445090501
202445090502
202445090503
202445090504
202445090505
202445090506
202445090507
202445090508
202445090509
202445090510
202445090511
202445090512
202445090601
202445090602
202445090603
202445090604
202445090605
202445090606
202445090607
202445090608
202445090609
202445090610
202445090611
202445090612
202445100701
202445100702
202445100703
202445100704
202445100705
202445100706
202445100707
202445100708
202445100709
202445100710
202445100711
202445100712
202445100801
202445100802
202445100803
202445100804
202445100805
202445100806
202445100807
202445100808
202445100809
202445100810
202445100811
202445100812
202445100901
202445100902
202445100903
202445100904
202445100905
202445100906
202445100907
202445100908
202445100909
202445100910
202445100911
202445100912
202445101001
202445101002
202445101003
202445101004
202445101005
202445101006
202445101007
202445101008
202445101009
202445101010
202445101011
202445101012
202445101101
202445101102
202445101103
202445101104
202445101105
202445101106
202445101107
202445101108
202445101109
202445101110
202445101111
202445101112
202445111101
202445111102
202445111103
202445111104
202445111105
202445111106
202445111107
202445111108
202445111109
202445111110
202445111111
202445111112
202445111201
202445111202
202445111203
202445111204
202445111205
202445111206
202445111207
202445111208
202445111209
202445111210
202445111211
202445111212
202445111301
202445111302
202445111303
202445111304
202445111305
202445111306
202445111307
202445111308
202445111309
202445111310
202445111311
202445111312
202445111401
202445111402
202445111403
202445111404
202445111405
202445111406
202445111407
202445111408
202445111409
202445111410
202445111411
202445111412
202445111501
202445111502
202445111503
202445111504
202445111505
202445111506
202445111507
202445111508
202445111509
202445111510
202445111511
202445111512
202446031001
202446031002
202446031003
202446031004
202446031005
202446031006
202446031007
202446031008
202446031009
202446031010
202446031011
202446031012
202446031101
202446031102
202446031103
202446031104
202446031105
202446031106
202446031107
202446031108
202446031109
202446031110
202446031111
202446031112
202446031201
202446031202
202446031203
202446031204
202446031205
202446031206
202446031207
202446031208
202446031209
202446031210
202446031211
202446031212
202446031701
202446031702
202446031703
202446031704
202446031705
202446031706
202446031707
202446031708
202446031709
202446031710
202446031901
202446031902
202446031903
202446031904
202446031905
202446031906
202446031907
202446031908
202446031909
202446031910
202446031911
202446032501
202446032502
202446032503
202446032504
202446032505
202446032506
202446032507
202446032508
202446032509
202446032510
202446032601
202446032602
202446032603
202446032604
202446032605
202446032606
202446032607
202446032608
202446032609
202446032610
202446032611
202446040201
202446040202
202446040203
202446040204
202446040205
202446040206
202446040207
202446040208
202446040209
202446040210
202446040211
202446040301
202446040302
202446040303
202446040304
202446040305
202446040306
202446040307
202446040308
202446040309
202446040310
202446040311
202446040801
202446040802
202446040803
202446040804
202446040805
202446040806
202446040807
202446040808
202446040809
202446040810
202446040811
202446040901
202446040902
202446040903
202446040904
202446040905
202446040906
202446040907
202446040908
202446040909
202446040910
202446040911
202446041501
202446041502
202446041503
202446041504
202446041505
202446041506
202446041507
202446041508
202446041509
202446041510
202446041511
202446041601
202446041602
202446041603
202446041604
202446041605
202446041606
202446041607
202446041608
202446041609
202446041610
202446041611
202446041612
202446042101
202446042102
202446042103
202446042104
202446042105
202446042106
202446042107
202446042108
202446042109
202446042110
202446042111
202446042301
202446042302
202446042303
202446042304
202446042305
202446042306
202446042307
202446042308
202446042309
202446042310
202446042311
202446042801
202446042802
202446042803
202446042804
202446042805
202446042806
202446042807
202446042808
202446042809
202446042810
202446042811
202446043001
202446043002
202446043003
202446043004
202446043005
202446043006
202446043007
202446043008
202446043009
202446043010
202446043011
202446043012
202446050401
202446050402
202446050403
202446050404
202446050405
202446050406
202446050407
202446050408
202446050409
202446050410
202446050411
202446050601
202446050602
202446050603
202446050604
202446050605
202446050606
202446050607
202446050608
202446050609
202446050610
202446050611
202446051201
202446051202
202446051203
202446051204
202446051205
202446051206
202446051207
202446051208
202446051209
202446051210
202446051211
202446051401
202446051402
202446051403
202446051404
202446051405
202446051406
202446051407
202446051408
202446051409
202446051410
202446051411
202446051412
202446051901
202446051902
202446051903
202446051904
202446051905
202446051906
202446051907
202446051908
202446051909
202446051910
202446051911
202446052101
202446052102
202446052103
202446052104
202446052105
202446052106
202446052107
202446052108
202446052109
202446052110
202446052111
202446052112
202446052701
202446052702
202446052703
202446052704
202446052705
202446052706
202446052707
202446052708
202446052709
202446052710
202446052711
202446052712
202446052801
202446052802
202446052803
202446052804
202446052805
202446052806
202446052807
202446052808
202446052809
202446052810
202446052811
202446052812
202446060201
202446060202
202446060203
202446060204
202446060205
202446060206
202446060207
202446060208
202446060209
202446060210
202446060211
202446060401
202446060402
202446060403
202446060404
202446060405
202446060406
202446060407
202446060408
202446060409
202446060410
202446060411
202446060412
202446060901
202446060902
202446060903
202446060904
202446060905
202446060906
202446060907
202446060908
202446060909
202446060910
202446060911
202446060912
202446061101
202446061102
202446061103
202446061104
202446061105
202446061106
202446061107
202446061108
202446061109
202446061110
202446061111
202446061112
202446061501
202446061502
202446061503
202446061504
202446061505
202446061506
202446061507
202446061508
202446061509
202446061510
202446061511
202446061801
202446061802
202446061803
202446061804
202446061805
202446061806
202446061807
202446061808
202446061809
202446061810
202446061811
202446061812
202446062301
202446062302
202446062303
202446062304
202446062305
202446062306
202446062307
202446062308
202446062309
202446062310
202446062311
202446062401
202446062402
202446062403
202446062404
202446062405
202446062406
202446062407
202446062408
202446062409
202446062410
202446062411
202446062412
202446070101
202446070102
202446070103
202446070104
202446070105
202446070106
202446070107
202446070108
202446070109
202446070110
202446070111
202446070201
202446070202
202446070203
202446070204
202446070205
202446070206
202446070207
202446070208
202446070209
202446070210
202446070211
202446070212
202446070701
202446070702
202446070703
202446070704
202446070705
202446070706
202446070707
202446070708
202446070709
202446070710
202446070711
202446070712
202446070901
202446070902
202446070903
202446070904
202446070905
202446070906
202446070907
202446070908
202446070909
202446070910
202446070911
202446070912
202446071301
202446071302
202446071303
202446071304
202446071305
202446071306
202446071307
202446071308
202446071309
202446071310
202446071311
202446071312
202446071501
202446071502
202446071503
202446071504
202446071505
202446071506
202446071507
202446071508
202446071509
202446071510
202446071511
202446071512
202446072201
202446072202
202446072203
202446072204
202446072205
202446072206
202446072207
202446072208
202446072209
202446072210
202446072211
202446072212
202446072301
202446072302
202446072303
202446072304
202446072305
202446072306
202446072307
202446072308
202446072309
202446072310
202446072311
202446072312
202446072801
202446072802
202446072803
202446072804
202446072805
202446072806
202446072807
202446072808
202446072809
202446072810
202446072811
202446072812
202446073001
202446073002
202446073003
202446073004
202446073005
202446073006
202446073007
202446073008
202446073009
202446073010
202446073011
202446073012
202446080501
202446080502
202446080503
202446080504
202446080505
202446080506
202446080507
202446080508
202446080509
202446080510
202446080511
202446080512
202446080601
202446080602
202446080603
202446080604
202446080605
202446080606
202446080607
202446080608
202446080609
202446080610
202446080611
202446080612
202446081101
202446081102
202446081103
202446081104
202446081105
202446081106
202446081107
202446081108
202446081109
202446081110
202446081111
202446081112
202446081201
202446081202
202446081203
202446081204
202446081205
202446081206
202446081207
202446081208
202446081209
202446081210
202446081211
202446081212
202446081801
202446081802
202446081803
202446081804
202446081805
202446081806
202446081807
202446081808
202446081809
202446081810
202446081811
202446081812
202446082001
202446082002
202446082003
202446082004
202446082005
202446082006
202446082007
202446082008
202446082009
202446082010
202446082011
202446082012
202446082501
202446082502
202446082503
202446082504
202446082505
202446082506
202446082507
202446082508
202446082509
202446082510
202446082511
202446082512
202446082701
202446082702
202446082703
202446082704
202446082705
202446082706
202446082707
202446082708
202446082709
202446082710
202446082711
202446082712
202446090101
202446090102
202446090103
202446090104
202446090105
202446090106
202446090107
202446090108
202446090109
202446090110
202446090111
202446090112
202446090301
202446090302
202446090303
202446090304
202446090305
202446090306
202446090307
202446090308
202446090309
202446090310
202446090311
202446090312
202446090701
202446090702
202446090703
202446090704
202446090705
202446090706
202446090707
202446090708
202446090709
202446090710
202446090711
202446090712
202446091001
202446091002
202446091003
202446091004
202446091005
202446091006
202446091007
202446091008
202446091009
202446091010
202446091011
202446091012
202446091501
202446091502
202446091503
202446091504
202446091505
202446091506
202446091507
202446091508
202446091509
202446091510
202446091511
202446091512
202446091701
202446091702
202446091703
202446091704
202446091705
202446091706
202446091707
202446091708
202446091709
202446091710
202446091711
202446091712
202446092101
202446092102
202446092103
202446092104
202446092105
202446092106
202446092107
202446092108
202446092109
202446092110
202446092111
202446092112
202446092301
202446092302
202446092303
202446092304
202446092305
202446092306
202446092307
202446092308
202446092309
202446092310
202446092311
202446092312
202446093001
202446093002
202446093003
202446093004
202446093005
202446093006
202446093007
202446093008
202446093009
202446093010
202446093011
202446093012
202446100101
202446100102
202446100103
202446100104
202446100105
202446100106
202446100107
202446100108
202446100109
202446100110
202446100111
202446100112
202446100501
202446100502
202446100503
202446100504
202446100505
202446100506
202446100507
202446100508
202446100509
202446100510
202446100511
202446100512
202446100801
202446100802
202446100803
202446100804
202446100805
202446100806
202446100807
202446100808
202446100809
202446100810
202446100811
202446100812
202446101301
202446101302
202446101303
202446101304
202446101305
202446101306
202446101307
202446101308
202446101309
202446101310
202446101501
202446101502
202446101503
202446101504
202446101505
202446101506
202446101507
202446101508
202446101509
202446101510
202446101511
202446102001
202446102002
202446102003
202446102004
202446102005
202446102006
202446102007
202446102008
202446102009
202446102010
202446102101
202446102102
202446102103
202446102104
202446102105
202446102106
202446102107
202446102108
202446102109
202446102110
202446102111
202446102201
202446102202
202446102203
202446102204
202446102205
202446102206
202446102207
202446102208
202446102209
202446102210
202446102211
202446102701
202446102702
202446102703
202446102704
202446102705
202446102706
202446102707
202446102708
202446102709
202446102710
202446102711
202446102901
202446102902
202446102903
202446102904
202446102905
202446102906
202446102907
202446102908
202446102909
202446102910
202446102911
202446110201
202446110202
202446110203
202446110204
202446110205
202446110206
202446110207
202446110208
202446110209
202446110210
202446110211
202446110212
202446110301
202446110302
202446110303
202446110304
202446110305
202446110306
202446110307
202446110308
202446110309
202446110310
202446110311
202446110312
202446110501
202446110502
202446110503
202446110504
202446110505
202446110506
202446110507
202446110508
202446110509
202446110510
202446110511
202446110512
202446111001
202446111002
202446111003
202446111004
202446111005
202446111006
202446111007
202446111008
202446111009
202446111010
202446111011
202446111201
202446111202
202446111203
202446111204
202446111205
202446111206
202446111207
202446111208
202446111209
202446111210
202446111211
202446111212
202446111701
202446111702
202446111703
202446111704
202446111705
202446111706
202446111707
202446111708
202446111709
202446111710
202446111711
202446111801
202446111802
202446111803
202446111804
202446111805
202446111806
202446111807
202446111808
202446111809
202446111810
202446111811
202446111812
202446111901
202446111902
202446111903
202446111904
202446111905
202446111906
202446111907
202446111908
202446111909
202446111910
202446111911
202446111912
202447010901
202447010902
202447010903
202447010904
202447010905
202447010906
202447010907
202447010908
202447010909
202447010910
202447010911
202447011001
202447011002
202447011003
202447011004
202447011005
202447011006
202447011007
202447011008
202447011009
202447011010
202447011011
202447011101
202447011102
202447011103
202447011104
202447011105
202447011106
202447011107
202447011108
202447011109
202447011110
202447011111
202447011201
202447011202
202447011203
202447011204
202447011205
202447011206
202447011207
202447011208
202447011209
202447011210
202447011211
202447011212
202447012201
202447012202
202447012203
202447012204
202447012205
202447012206
202447012207
202447012208
202447012209
202447012210
202447012301
202447012302
202447012303
202447012304
202447012305
202447012306
202447012307
202447012308
202447012309
202447012401
202447012402
202447012403
202447012404
202447012405
202447012406
202447012407
202447012408
202447012409
202447012501
202447012502
202447012503
202447012504
202447012505
202447012506
202447012507
202447012508
202447012509
202447012510
202447012601
202447012602
202447012603
202447012604
202447012605
202447012606
202447012607
202447012608
202447012609
202447020501
202447020502
202447020503
202447020504
202447020505
202447020506
202447020507
202447020508
202447020509
202447020510
202447020601
202447020602
202447020603
202447020604
202447020605
202447020606
202447020607
202447020608
202447020609
202447020610
202447020701
202447020702
202447020703
202447020704
202447020705
202447020706
202447020707
202447020708
202447020709
202447020801
202447020802
202447020803
202447020804
202447020805
202447020806
202447020807
202447020808
202447020809
202447020810
202447020901
202447020902
202447020903
202447020904
202447020905
202447020906
202447020907
202447020908
202447020909
202447020910
202447021901
202447021902
202447021903
202447021904
202447021905
202447021906
202447021907
202447021908
202447021909
202447021910
202447022001
202447022002
202447022003
202447022004
202447022005
202447022006
202447022007
202447022008
202447022009
202447022010
202447022101
202447022102
202447022103
202447022104
202447022105
202447022106
202447022107
202447022108
202447022109
202447022201
202447022202
202447022203
202447022204
202447022205
202447022206
202447022207
202447022208
202447022209
202447022210
202447022301
202447022302
202447022303
202447022304
202447022305
202447022306
202447022307
202447022308
202447022309
202447022310
202447030401
202447030402
202447030403
202447030404
202447030405
202447030406
202447030407
202447030408
202447030409
202447030410
202447030501
202447030502
202447030503
202447030504
202447030505
202447030506
202447030507
202447030508
202447030509
202447030510
202447030601
202447030602
202447030603
202447030604
202447030605
202447030606
202447030607
202447030608
202447030609
202447030701
202447030702
202447030703
202447030704
202447030705
202447030706
202447030707
202447030708
202447030709
202447030710
202447030801
202447030802
202447030803
202447030804
202447030805
202447030806
202447030807
202447030808
202447030809
202447030810
202447031801
202447031802
202447031803
202447031804
202447031805
202447031806
202447031807
202447031808
202447031809
202447031810
202447031811
202447032001
202447032002
202447032003
202447032004
202447032005
202447032006
202447032007
202447032008
202447032009
202447032010
202447032011
202447032101
202447032102
202447032103
202447032104
202447032105
202447032106
202447032107
202447032108
202447032109
202447032110
202447032111
202447032112
202447032201
202447032202
202447032203
202447032204
202447032205
202447032206
202447032207
202447032208
202447032209
202447032210
202447032211
202447040101
202447040102
202447040103
202447040104
202447040105
202447040106
202447040107
202447040108
202447040109
202447040110
202447040111
202447040112
202447040301
202447040302
202447040303
202447040305
202447040306
202447040307
202447040308
202447040309
202447040310
202447040401
202447040402
202447040403
202447040404
202447040405
202447040406
202447040407
202447040408
202447040409
202447040410
202447040411
202447040501
202447040502
202447040503
202447040504
202447040505
202447040506
202447040507
202447040508
202447040509
202447040510
202447040511
202447040512
202447041701
202447041702
202447041703
202447041704
202447041705
202447041706
202447041707
202447041708
202447041709
202447041710
202447041711
202447041712
202447041801
202447041802
202447041803
202447041804
202447041805
202447041806
202447041807
202447041808
202447041809
202447041810
202447041811
202447041812
202447041901
202447041902
202447041903
202447041904
202447041905
202447041906
202447041907
202447041908
202447041909
202447041910
202447041911
202447041912
202447042601
202447042602
202447042603
202447042604
202447042605
202447042606
202447042607
202447042608
202447042609
202447042610
202447042611
202447042612
202447042901
202447042902
202447042903
202447042904
202447042905
202447042906
202447042907
202447042908
202447042909
202447042910
202447042911
202447042912
202447043001
202447043002
202447043003
202447043004
202447043005
202447043006
202447043007
202447043008
202447043009
202447043010
202447043011
202447043012
202447050801
202447050802
202447050803
202447050804
202447050805
202447050806
202447050807
202447050808
202447050809
202447050810
202447050811
202447050812
202447050901
202447050902
202447050903
202447050904
202447050905
202447050906
202447050907
202447050908
202447050909
202447050910
202447050911
202447050912
202447051001
202447051002
202447051003
202447051004
202447051005
202447051006
202447051007
202447051008
202447051009
202447051010
202447051011
202447051012
202447052201
202447052202
202447052203
202447052204
202447052205
202447052206
202447052207
202447052208
202447052209
202447052210
202447052211
202447052212
202447052301
202447052302
202447052303
202447052304
202447052305
202447052306
202447052307
202447052308
202447052309
202447052310
202447052311
202447052312
202447052401
202447052402
202447052403
202447052404
202447052405
202447052406
202447052407
202447052408
202447052409
202447052410
202447052411
202447052412
202447060401
202447060402
202447060403
202447060404
202447060405
202447060406
202447060407
202447060408
202447060409
202447060410
202447060501
202447060502
202447060503
202447060504
202447060505
202447060506
202447060507
202447060508
202447060509
202447060510
202447060511
202447060601
202447060602
202447060603
202447060604
202447060605
202447060606
202447060607
202447060608
202447060609
202447060610
202447060611
202447060701
202447060702
202447060703
202447060704
202447060705
202447060706
202447060707
202447060708
202447060709
202447060710
202447060711
202447060712
202447061801
202447061802
202447061803
202447061804
202447061805
202447061806
202447061807
202447061808
202447061809
202447061810
202447061901
202447061902
202447061903
202447061904
202447061905
202447061906
202447061907
202447061908
202447061909
202447061910
202447062001
202447062002
202447062003
202447062004
202447062005
202447062006
202447062007
202447062008
202447062009
202447062010
202447062011
202447062101
202447062102
202447062103
202447062104
202447062105
202447062106
202447062107
202447062108
202447062109
202447062110
202447062111
202447070201
202447070202
202447070203
202447070204
202447070205
202447070206
202447070207
202447070208
202447070209
202447070210
202447070301
202447070302
202447070303
202447070304
202447070305
202447070306
202447070307
202447070308
202447070309
202447070310
202447070401
202447070402
202447070403
202447070404
202447070405
202447070406
202447070407
202447070408
202447070409
202447070410
202447070411
202447070501
202447070502
202447070503
202447070504
202447070505
202447070506
202447070507
202447070508
202447070509
202447070510
202447070511
202447071701
202447071702
202447071703
202447071704
202447071705
202447071706
202447071707
202447071708
202447071709
202447071710
202447071711
202447071712
202447071801
202447071802
202447071803
202447071804
202447071805
202447071806
202447071807
202447071808
202447071809
202447071810
202447071811
202447071812
202447071901
202447071902
202447071903
202447071904
202447071905
202447071906
202447071907
202447071908
202447071909
202447071910
202447071911
202447071912
202447073101
202447073102
202447073103
202447073104
202447073105
202447073106
202447073107
202447073108
202447073109
202447073110
202447073111
202447073112
202447080101
202447080102
202447080103
202447080104
202447080105
202447080106
202447080107
202447080108
202447080109
202447080110
202447080111
202447080112
202447080201
202447080202
202447080203
202447080204
202447080205
202447080206
202447080207
202447080208
202447080209
202447080210
202447080211
202447080212
202447081201
202447081202
202447081203
202447081204
202447081205
202447081206
202447081207
202447081208
202447081209
202447081210
202447081401
202447081402
202447081403
202447081404
202447081405
202447081406
202447081407
202447081408
202447081409
202447081410
202447081411
202447081501
202447081502
202447081503
202447081504
202447081505
202447081506
202447081507
202447081508
202447081509
202447081510
202447081601
202447081602
202447081603
202447081604
202447081605
202447081606
202447081607
202447081608
202447081609
202447082801
202447082802
202447082803
202447082804
202447082805
202447082806
202447082807
202447082808
202447082809
202447082810
202447082811
202447082812
202447082901
202447082902
202447082903
202447082904
202447082905
202447082906
202447082907
202447082908
202447082909
202447082910
202447082911
202447082912
202447083001
202447083002
202447083003
202447083004
202447083005
202447083006
202447083007
202447083008
202447083009
202447083010
202447083011
202447083012
202447091101
202447091102
202447091103
202447091104
202447091105
202447091106
202447091107
202447091108
202447091109
202447091110
202447091111
202447091112
202447091201
202447091202
202447091203
202447091204
202447091205
202447091206
202447091207
202447091208
202447091209
202447091210
202447091211
202447091212
202447091301
202447091302
202447091303
202447091304
202447091305
202447091306
202447091307
202447091308
202447091309
202447091310
202447091311
202447091312
202447092301
202447092302
202447092303
202447092304
202447092305
202447092306
202447092307
202447092308
202447092309
202447092310
202447092311
202447092501
202447092502
202447092503
202447092504
202447092505
202447092506
202447092507
202447092508
202447092509
202447092510
202447092601
202447092602
202447092603
202447092604
202447092605
202447092606
202447092607
202447092608
202447092609
202447092610
202447092701
202447092702
202447092703
202447092704
202447092705
202447092706
202447092707
202447092708
202447092709
202447092710
202447092711
202447100801
202447100802
202447100803
202447100804
202447100805
202447100806
202447100807
202447100808
202447100809
202447100810
202447100901
202447100902
202447100903
202447100904
202447100905
202447100906
202447100907
202447100908
202447100909
202447100910
202447101001
202447101002
202447101003
202447101004
202447101005
202447101006
202447101007
202447101008
202447101009
202447101010
202447101011
202447101101
202447101102
202447101103
202447101104
202447101105
202447101106
202447101107
202447101108
202447101109
202447101110
202447101111
202447102301
202447102302
202447102303
202447102304
202447102305
202447102306
202447102307
202447102308
202447102309
202447102310
202447102311
202447102312
202447102401
202447102402
202447102403
202447102404
202447102405
202447102406
202447102407
202447102408
202447102409
202447102410
202447102411
202447102412
202447102501
202447102502
202447102503
202447102504
202447102505
202447102506
202447102507
202447102508
202447102509
202447102510
202447102511
202447102512
202447110601
202447110602
202447110603
202447110604
202447110605
202447110606
202447110607
202447110608
202447110609
202447110610
202447110611
202447110612
202447110701
202447110702
202447110703
202447110704
202447110705
202447110706
202447110707
202447110708
202447110709
202447110710
202447110711
202447110712
202447110801
202447110802
202447110803
202447110804
202447110805
202447110806
202447110807
202447110808
202447110809
202447110810
202447110811
202447110812
202447111501
202447111502
202447111503
202447111504
202447111505
202447111506
202447111507
202447111508
202447111509
202447111510
202447111511
202447111512
202447111801
202447111802
202447111803
202447111804
202447111805
202447111806
202447111807
202447111808
202447111809
202447111810
202447111811
202447111812
202447111901
202447111902
202447111903
202447111904
202447111905
202447111906
202447111907
202447111908
202447111909
202447111910
202447111911
202447111912
202448010101
202448010102
202448010103
202448010104
202448010105
202448010106
202448010107
202448010108
202448010109
202448010110
202448010111
202448010112
202448010201
202448010202
202448010203
202448010204
202448010205
202448010206
202448010207
202448010208
202448010209
202448010210
202448010211
202448010212
202448010301
202448010302
202448010303
202448010304
202448010305
202448010306
202448010307
202448010308
202448010309
202448010310
202448010311
202448010312
202448010401
202448010402
202448010403
202448010404
202448010405
202448010406
202448010407
202448010408
202448010409
202448010410
202448010411
202448010412
202448010501
202448010502
202448010503
202448010504
202448010505
202448010506
202448010507
202448010508
202448010509
202448010510
202448010511
202448010512
202448011501
202448011502
202448011503
202448011504
202448011505
202448011506
202448011507
202448011508
202448011509
202448011510
202448011511
202448011601
202448011602
202448011603
202448011604
202448011605
202448011606
202448011607
202448011608
202448011609
202448011610
202448011611
202448011612
202448011701
202448011702
202448011703
202448011704
202448011705
202448011706
202448011707
202448011708
202448011709
202448011710
202448011711
202448011712
202448011801
202448011802
202448011803
202448011804
202448011805
202448011806
202448011807
202448011808
202448011809
202448011810
202448011811
202448011812
202448011901
202448011902
202448011903
202448011904
202448011905
202448011906
202448011907
202448011908
202448011909
202448011910
202448011911
202448011912
202448012901
202448012902
202448012903
202448012904
202448012905
202448012906
202448012907
202448012908
202448012909
202448012910
202448012911
202448013001
202448013002
202448013003
202448013004
202448013005
202448013006
202448013007
202448013008
202448013009
202448013010
202448013011
202448013012
202448013101
202448013102
202448013103
202448013104
202448013105
202448013106
202448013107
202448013108
202448013109
202448013110
202448013111
202448013112
202448020101
202448020102
202448020103
202448020104
202448020105
202448020106
202448020107
202448020108
202448020109
202448020110
202448020111
202448020112
202448020201
202448020202
202448020203
202448020204
202448020205
202448020206
202448020207
202448020208
202448020209
202448020210
202448020211
202448020212
202448021201
202448021202
202448021203
202448021204
202448021205
202448021206
202448021207
202448021208
202448021209
202448021210
202448021211
202448021212
202448021301
202448021302
202448021303
202448021304
202448021305
202448021306
202448021307
202448021308
202448021309
202448021310
202448021311
202448021401
202448021402
202448021403
202448021404
202448021405
202448021406
202448021407
202448021408
202448021409
202448021410
202448021411
202448021501
202448021502
202448021503
202448021504
202448021505
202448021506
202448021507
202448021508
202448021509
202448021510
202448021511
202448021512
202448021601
202448021602
202448021603
202448021604
202448021605
202448021606
202448021607
202448021608
202448021609
202448021610
202448021611
202448021612
202448022601
202448022602
202448022603
202448022604
202448022605
202448022606
202448022607
202448022608
202448022609
202448022610
202448022611
202448022701
202448022702
202448022703
202448022704
202448022705
202448022706
202448022707
202448022708
202448022709
202448022710
202448022711
202448022801
202448022802
202448022803
202448022804
202448022805
202448022806
202448022807
202448022808
202448022809
202448022810
202448022811
202448022812
202448022901
202448022902
202448022903
202448022904
202448022905
202448022906
202448022907
202448022908
202448022909
202448022910
202448022911
202448022912
202448030101
202448030102
202448030103
202448030104
202448030105
202448030106
202448030107
202448030108
202448030109
202448030110
202448030111
202448030112
202448031201
202448031202
202448031203
202448031204
202448031205
202448031206
202448031207
202448031208
202448031209
202448031210
202448031211
202448031212
202448031301
202448031302
202448031303
202448031304
202448031305
202448031306
202448031307
202448031308
202448031309
202448031310
202448031311
202448031312
202448031401
202448031402
202448031403
202448031404
202448031405
202448031406
202448031407
202448031408
202448031409
202448031410
202448031411
202448031412
202448031501
202448031502
202448031503
202448031504
202448031505
202448031506
202448031507
202448031508
202448031509
202448031510
202448031511
202448031512
202448032601
202448032602
202448032603
202448032604
202448032605
202448032606
202448032607
202448032608
202448032609
202448032610
202448032611
202448032612
202448032701
202448032702
202448032703
202448032704
202448032705
202448032706
202448032707
202448032708
202448032709
202448032710
202448032711
202448032712
202448032801
202448032802
202448032803
202448032804
202448032805
202448032806
202448032807
202448032808
202448032809
202448032810
202448032811
202448032812
202448032901
202448032902
202448032903
202448032904
202448032905
202448032906
202448032907
202448032908
202448032909
202448032910
202448032911
202448032912
202448040901
202448040902
202448040903
202448040904
202448040905
202448040906
202448040907
202448040908
202448040909
202448040910
202448040911
202448040912
202448041001
202448041002
202448041003
202448041004
202448041005
202448041006
202448041007
202448041008
202448041009
202448041010
202448041011
202448041012
202448041101
202448041102
202448041103
202448041104
202448041105
202448041106
202448041107
202448041108
202448041109
202448041110
202448041111
202448041112
202448041201
202448041202
202448041203
202448041204
202448041205
202448041206
202448041207
202448041208
202448041209
202448041210
202448041211
202448041212
202448042201
202448042202
202448042203
202448042204
202448042205
202448042206
202448042207
202448042208
202448042209
202448042210
202448042211
202448042212
202448042301
202448042302
202448042303
202448042304
202448042305
202448042306
202448042307
202448042308
202448042309
202448042310
202448042311
202448042312
202448042401
202448042402
202448042403
202448042404
202448042405
202448042406
202448042407
202448042408
202448042409
202448042410
202448042411
202448042412
202448042501
202448042502
202448042503
202448042504
202448042505
202448042506
202448042507
202448042508
202448042509
202448042510
202448042511
202448042512
202448050101
202448050102
202448050103
202448050104
202448050105
202448050106
202448050107
202448050108
202448050109
202448050110
202448050111
202448050112
202448050201
202448050202
202448050203
202448050204
202448050205
202448050206
202448050207
202448050208
202448050209
202448050210
202448050211
202448050212
202448050301
202448050302
202448050303
202448050304
202448050305
202448050306
202448050307
202448050308
202448050309
202448050310
202448050311
202448050312
202448050601
202448050602
202448050603
202448050604
202448050605
202448050606
202448050607
202448050608
202448050609
202448050610
202448050611
202448050612
202448051501
202448051502
202448051503
202448051504
202448051505
202448051506
202448051507
202448051508
202448051509
202448051510
202448051511
202448051512
202448051601
202448051602
202448051603
202448051604
202448051605
202448051606
202448051607
202448051608
202448051609
202448051610
202448051611
202448051612
202448051701
202448051702
202448051703
202448051704
202448051705
202448051706
202448051707
202448051708
202448051709
202448051710
202448051711
202448051712
202448052001
202448052002
202448052003
202448052004
202448052005
202448052006
202448052007
202448052008
202448052009
202448052010
202448052011
202448052012
202448052801
202448052802
202448052803
202448052804
202448052805
202448052806
202448052807
202448052808
202448052809
202448052810
202448052811
202448052812
202448052901
202448052902
202448052903
202448052904
202448052905
202448052906
202448052907
202448052908
202448052909
202448052910
202448052911
202448052912
202448053001
202448053002
202448053003
202448053004
202448053005
202448053006
202448053007
202448053008
202448053009
202448053010
202448053011
202448053012
202448053101
202448053102
202448053103
202448053104
202448053105
202448053106
202448053107
202448053108
202448053109
202448053110
202448053111
202448053112
202448061201
202448061202
202448061203
202448061204
202448061205
202448061206
202448061207
202448061208
202448061209
202448061210
202448061211
202448061212
202448061301
202448061302
202448061303
202448061304
202448061305
202448061306
202448061307
202448061308
202448061309
202448061310
202448061311
202448061312
202448061401
202448061402
202448061403
202448061404
202448061405
202448061406
202448061407
202448061408
202448061409
202448061410
202448061411
202448061412
202448061701
202448061702
202448061703
202448061704
202448061705
202448061706
202448061707
202448061708
202448061709
202448061710
202448061711
202448061712
202448062501
202448062502
202448062503
202448062504
202448062505
202448062506
202448062507
202448062508
202448062509
202448062510
202448062511
202448062512
202448062601
202448062602
202448062603
202448062604
202448062605
202448062606
202448062607
202448062608
202448062609
202448062610
202448062611
202448062612
202448062701
202448062702
202448062703
202448062704
202448062705
202448062706
202448062707
202448062708
202448062709
202448062710
202448062711
202448062712
202448062801
202448062802
202448062803
202448062804
202448062805
202448062806
202448062807
202448062808
202448062809
202448062810
202448062811
202448062812
202448071001
202448071002
202448071003
202448071004
202448071005
202448071006
202448071007
202448071008
202448071009
202448071010
202448071011
202448071012
202448071101
202448071102
202448071103
202448071104
202448071105
202448071106
202448071107
202448071108
202448071109
202448071110
202448071111
202448071112
202448071201
202448071202
202448071203
202448071204
202448071205
202448071206
202448071207
202448071208
202448071209
202448071210
202448071211
202448071212
202448071501
202448071502
202448071503
202448071504
202448071505
202448071506
202448071507
202448071508
202448071509
202448071510
202448071511
202448071512
202448072301
202448072302
202448072303
202448072304
202448072305
202448072306
202448072307
202448072308
202448072309
202448072310
202448072311
202448072312
202448072401
202448072402
202448072403
202448072404
202448072405
202448072406
202448072407
202448072408
202448072409
202448072410
202448072411
202448072412
202448072501
202448072502
202448072503
202448072504
202448072505
202448072506
202448072507
202448072508
202448072509
202448072510
202448072511
202448072512
202448072601
202448072602
202448072603
202448072604
202448072605
202448072606
202448072607
202448072608
202448072609
202448072610
202448072611
202448072612
202448080601
202448080602
202448080603
202448080604
202448080605
202448080606
202448080607
202448080608
202448080609
202448080610
202448080611
202448080612
202448080701
202448080702
202448080703
202448080704
202448080705
202448080706
202448080707
202448080708
202448080709
202448080710
202448080711
202448080712
202448080801
202448080802
202448080803
202448080804
202448080805
202448080806
202448080807
202448080808
202448080809
202448080810
202448080811
202448080812
202448080901
202448080902
202448080903
202448080904
202448080905
202448080906
202448080907
202448080908
202448080909
202448080910
202448080911
202448080912
202448082001
202448082002
202448082003
202448082004
202448082005
202448082006
202448082007
202448082008
202448082009
202448082010
202448082011
202448082012
202448082101
202448082102
202448082103
202448082104
202448082105
202448082106
202448082107
202448082108
202448082109
202448082110
202448082111
202448082112
202448082201
202448082202
202448082203
202448082204
202448082205
202448082206
202448082207
202448082208
202448082209
202448082210
202448082211
202448082212
202448082301
202448082302
202448082303
202448082304
202448082305
202448082306
202448082307
202448082308
202448082309
202448082310
202448082311
202448082312
202448090301
202448090302
202448090303
202448090304
202448090305
202448090306
202448090307
202448090308
202448090309
202448090310
202448090311
202448090312
202448090401
202448090402
202448090403
202448090404
202448090405
202448090406
202448090407
202448090408
202448090409
202448090410
202448090411
202448090412
202448090501
202448090502
202448090503
202448090504
202448090505
202448090506
202448090507
202448090508
202448090509
202448090510
202448090511
202448090512
202448090601
202448090602
202448090603
202448090604
202448090605
202448090606
202448090607
202448090608
202448090609
202448090610
202448090611
202448090612
202448091701
202448091702
202448091703
202448091704
202448091705
202448091706
202448091707
202448091708
202448091709
202448091710
202448091711
202448091712
202448091801
202448091802
202448091803
202448091804
202448091805
202448091806
202448091807
202448091808
202448091809
202448091810
202448091811
202448091812
202448091901
202448091902
202448091903
202448091904
202448091905
202448091906
202448091907
202448091908
202448091909
202448091910
202448091911
202448091912
202448092001
202448092002
202448092003
202448092004
202448092005
202448092006
202448092007
202448092008
202448092009
202448092010
202448092011
202448092012
202448100101
202448100102
202448100103
202448100104
202448100105
202448100106
202448100107
202448100108
202448100109
202448100110
202448100111
202448100112
202448100201
202448100202
202448100203
202448100204
202448100205
202448100206
202448100207
202448100208
202448100209
202448100210
202448100211
202448100212
202448100301
202448100302
202448100303
202448100304
202448100305
202448100306
202448100307
202448100308
202448100309
202448100310
202448100311
202448100312
202448100401
202448100402
202448100403
202448100404
202448100405
202448100406
202448100407
202448100408
202448100409
202448100410
202448100411
202448100412
202448101601
202448101602
202448101603
202448101604
202448101605
202448101606
202448101607
202448101608
202448101609
202448101610
202448101611
202448101612
202448101701
202448101702
202448101703
202448101704
202448101705
202448101706
202448101707
202448101708
202448101709
202448101710
202448101711
202448101712
202448101801
202448101802
202448101803
202448101804
202448101805
202448101806
202448101807
202448101808
202448101809
202448101810
202448101811
202448101812
202448102101
202448102102
202448102103
202448102104
202448102105
202448102106
202448102107
202448102108
202448102109
202448102110
202448102111
202448102112
202448102901
202448102902
202448102903
202448102904
202448102905
202448102906
202448102907
202448102908
202448102909
202448102910
202448102911
202448102912
202448103001
202448103002
202448103003
202448103004
202448103005
202448103006
202448103007
202448103008
202448103009
202448103010
202448103011
202448103012
202448103101
202448103102
202448103103
202448103104
202448103105
202448103106
202448103107
202448103108
202448103109
202448103110
202448103111
202448103112
202448110101
202448110102
202448110103
202448110104
202448110105
202448110106
202448110107
202448110108
202448110109
202448110110
202448110111
202448110112
202448111101
202448111102
202448111103
202448111104
202448111105
202448111106
202448111107
202448111108
202448111109
202448111110
202448111111
202448111112
202448111201
202448111202
202448111203
202448111204
202448111205
202448111206
202448111207
202448111208
202448111209
202448111210
202448111211
202448111212
202448111301
202448111302
202448111303
202448111304
202448111305
202448111306
202448111307
202448111308
202448111309
202448111310
202448111311
202448111312
202448111401
202448111402
202448111403
202448111404
202448111405
202448111406
202448111407
202448111408
202448111409
202448111410
202448111411
202448111412
202450010201
202450010202
202450010203
202450010204
202450010205
202450010206
202450010207
202450010208
202450010209
202450010210
202450010211
202450010212
202450010301
202450010302
202450010303
202450010304
202450010305
202450010306
202450010307
202450010308
202450010309
202450010310
202450010311
202450010312
202450010401
202450010402
202450010403
202450010404
202450010405
202450010406
202450010407
202450010408
202450010409
202450010410
202450010411
202450010412
202450010901
202450010902
202450010903
202450010904
202450010905
202450010906
202450010907
202450010908
202450010909
202450010910
202450010911
202450010912
202450011001
202450011002
202450011003
202450011004
202450011005
202450011006
202450011007
202450011008
202450011009
202450011010
202450011011
202450011012
202450011101
202450011102
202450011103
202450011104
202450011105
202450011106
202450011107
202450011108
202450011109
202450011110
202450011111
202450011112
202450031901
202450031902
202450031903
202450031904
202450031905
202450031906
202450031907
202450031908
202450031909
202450031910
202450031911
202450031912
202450032001
202450032002
202450032003
202450032004
202450032005
202450032006
202450032007
202450032008
202450032009
202450032010
202450032011
202450032012
202450032101
202450032102
202450032103
202450032104
202450032105
202450032106
202450032107
202450032108
202450032109
202450032110
202450032111
202450032112
202450032201
202450032202
202450032203
202450032204
202450032205
202450032206
202450032207
202450032208
202450032209
202450032210
202450032211
202450032212
202450032601
202450032602
202450032603
202450032604
202450032605
202450032606
202450032607
202450032608
202450032609
202450032610
202450032611
202450032612
202450032701
202450032702
202450032703
202450032704
202450032705
202450032706
202450032707
202450032708
202450032709
202450032710
202450032711
202450032712
202450032801
202450032802
202450032803
202450032804
202450032805
202450032806
202450032807
202450032808
202450032809
202450032810
202450032811
202450032812
202450040201
202450040202
202450040203
202450040204
202450040205
202450040206
202450040207
202450040208
202450040209
202450040210
202450040211
202450040212
202450040301
202450040302
202450040303
202450040304
202450040305
202450040306
202450040307
202450040308
202450040309
202450040310
202450040311
202450040312
202450040401
202450040402
202450040403
202450040404
202450040405
202450040406
202450040407
202450040408
202450040409
202450040410
202450040411
202450040412
202450040901
202450040902
202450040903
202450040904
202450040905
202450040906
202450040907
202450040908
202450040909
202450040910
202450040911
202450040912
202450041001
202450041002
202450041003
202450041004
202450041005
202450041006
202450041007
202450041008
202450041009
202450041010
202450041011
202450041012
202450041101
202450041102
202450041103
202450041104
202450041105
202450041106
202450041107
202450041108
202450041109
202450041110
202450041111
202450041112
202450041601
202450041602
202450041603
202450041604
202450041605
202450041606
202450041607
202450041608
202450041609
202450041610
202450041611
202450041612
202450041701
202450041702
202450041703
202450041704
202450041705
202450041706
202450041707
202450041708
202450041709
202450041710
202450041711
202450041712
202450041801
202450041802
202450041803
202450041804
202450041805
202450041806
202450041807
202450041808
202450041809
202450041810
202450041811
202450041812
202450042301
202450042302
202450042303
202450042304
202450042305
202450042306
202450042307
202450042308
202450042309
202450042310
202450042311
202450042312
202450042401
202450042402
202450042403
202450042404
202450042405
202450042406
202450042407
202450042408
202450042409
202450042410
202450042411
202450042412
202450042501
202450042502
202450042503
202450042504
202450042505
202450042506
202450042507
202450042508
202450042509
202450042510
202450042511
202450042512
202450042901
202450042902
202450042903
202450042904
202450042905
202450042906
202450042907
202450042908
202450042909
202450042910
202450042911
202450042912
202450043001
202450043002
202450043003
202450043004
202450043005
202450043006
202450043007
202450043008
202450043009
202450043010
202450043011
202450043012
202450050101
202450050102
202450050103
202450050104
202450050105
202450050106
202450050107
202450050108
202450050109
202450050110
202450050111
202450050112
202450050201
202450050202
202450050203
202450050204
202450050205
202450050206
202450050207
202450050208
202450050209
202450050210
202450050211
202450050212
202450050801
202450050802
202450050803
202450050804
202450050805
202450050806
202450050807
202450050808
202450050809
202450050810
202450050811
202450050812
202450050901
202450050902
202450050903
202450050904
202450050905
202450050906
202450050907
202450050908
202450050909
202450050910
202450050911
202450050912
202450051001
202450051002
202450051003
202450051004
202450051005
202450051006
202450051007
202450051008
202450051009
202450051010
202450051011
202450051501
202450051502
202450051503
202450051504
202450051505
202450051506
202450051507
202450051508
202450051509
202450051510
202450051511
202450051512
202450051601
202450051602
202450051603
202450051604
202450051605
202450051606
202450051607
202450051608
202450051609
202450051610
202450051611
202450051612
202450051701
202450051702
202450051703
202450051704
202450051705
202450051706
202450051707
202450051708
202450051709
202450051710
202450051711
202450051712
202450052201
202450052202
202450052203
202450052204
202450052205
202450052206
202450052207
202450052208
202450052209
202450052210
202450052211
202450052212
202450052301
202450052302
202450052303
202450052304
202450052305
202450052306
202450052307
202450052308
202450052309
202450052310
202450052311
202450052312
202450052401
202450052402
202450052403
202450052404
202450052405
202450052406
202450052407
202450052408
202450052409
202450052410
202450052411
202450052412
202450052901
202450052902
202450052903
202450052904
202450052905
202450052906
202450052907
202450052908
202450052909
202450052910
202450052911
202450052912
202450053001
202450053002
202450053003
202450053004
202450053005
202450053006
202450053007
202450053008
202450053009
202450053010
202450053011
202450053012
202450053101
202450053102
202450053103
202450053104
202450053105
202450053106
202450053107
202450053108
202450053109
202450053110
202450053111
202450053112
202450060501
202450060502
202450060503
202450060504
202450060505
202450060506
202450060507
202450060508
202450060509
202450060510
202450060511
202450060512
202450060601
202450060602
202450060603
202450060604
202450060605
202450060606
202450060607
202450060608
202450060609
202450060610
202450060611
202450060612
202450060701
202450060702
202450060703
202450060704
202450060705
202450060706
202450060707
202450060708
202450060709
202450060710
202450060711
202450060712
202450061201
202450061202
202450061203
202450061204
202450061205
202450061206
202450061207
202450061208
202450061209
202450061210
202450061211
202450061212
202450061301
202450061302
202450061303
202450061304
202450061305
202450061306
202450061307
202450061308
202450061309
202450061310
202450061311
202450061312
202450061401
202450061402
202450061403
202450061404
202450061405
202450061406
202450061407
202450061408
202450061409
202450061410
202450061411
202450061412
202450061901
202450061902
202450061903
202450061904
202450061905
202450061906
202450061907
202450061908
202450061909
202450061910
202450061911
202450061912
202450062001
202450062002
202450062003
202450062004
202450062005
202450062006
202450062007
202450062008
202450062009
202450062010
202450062011
202450062012
202450062101
202450062102
202450062103
202450062104
202450062105
202450062106
202450062107
202450062108
202450062109
202450062110
202450062111
202450062112
202450062601
202450062602
202450062603
202450062604
202450062605
202450062606
202450062607
202450062608
202450062609
202450062610
202450062611
202450062612
202450062701
202450062702
202450062703
202450062704
202450062705
202450062706
202450062707
202450062708
202450062709
202450062710
202450062711
202450062712
202450062801
202450062802
202450062803
202450062804
202450062805
202450062806
202450062807
202450062808
202450062809
202450062810
202450062811
202450062812
202450070301
202450070302
202450070303
202450070304
202450070305
202450070306
202450070307
202450070308
202450070309
202450070310
202450070311
202450070312
202450070401
202450070402
202450070403
202450070404
202450070405
202450070406
202450070407
202450070408
202450070409
202450070410
202450070411
202450070412
202450070501
202450070502
202450070503
202450070504
202450070505
202450070506
202450070507
202450070508
202450070509
202450070510
202450070511
202450070512
202450071001
202450071002
202450071003
202450071004
202450071005
202450071006
202450071007
202450071008
202450071009
202450071010
202450071011
202450071012
202450071101
202450071102
202450071103
202450071104
202450071105
202450071106
202450071107
202450071108
202450071109
202450071110
202450071111
202450071112
202450071201
202450071202
202450071203
202450071204
202450071205
202450071206
202450071207
202450071208
202450071209
202450071210
202450071211
202450071212
202450071701
202450071702
202450071703
202450071704
202450071705
202450071706
202450071707
202450071708
202450071709
202450071710
202450071711
202450071712
202450071801
202450071802
202450071803
202450071804
202450071805
202450071806
202450071807
202450071808
202450071809
202450071810
202450071811
202450071812
202450071901
202450071902
202450071903
202450071904
202450071905
202450071906
202450071907
202450071908
202450071909
202450071910
202450071911
202450071912
202450072401
202450072402
202450072403
202450072404
202450072405
202450072406
202450072407
202450072408
202450072409
202450072410
202450072411
202450072412
202450072501
202450072502
202450072503
202450072504
202450072505
202450072506
202450072507
202450072508
202450072509
202450072510
202450072511
202450072512
202450072601
202450072602
202450072603
202450072604
202450072605
202450072606
202450072607
202450072608
202450072609
202450072610
202450072611
202450072612
202450073101
202450073102
202450073103
202450073104
202450073105
202450073106
202450073107
202450073108
202450073109
202450073110
202450073111
202450073112
202450080101
202450080102
202450080103
202450080104
202450080105
202450080106
202450080107
202450080108
202450080109
202450080110
202450080111
202450080112
202450080201
202450080202
202450080203
202450080204
202450080205
202450080206
202450080207
202450080208
202450080209
202450080210
202450080211
202450080212
202450080701
202450080702
202450080703
202450080704
202450080705
202450080706
202450080707
202450080708
202450080709
202450080710
202450080711
202450080712
202450080801
202450080802
202450080803
202450080804
202450080805
202450080806
202450080807
202450080808
202450080809
202450080810
202450080811
202450080812
202450080901
202450080902
202450080903
202450080904
202450080905
202450080906
202450080907
202450080908
202450080909
202450080910
202450080911
202450080912
202450081401
202450081402
202450081403
202450081404
202450081405
202450081406
202450081407
202450081408
202450081409
202450081410
202450081411
202450081412
202450081501
202450081502
202450081503
202450081504
202450081505
202450081506
202450081507
202450081508
202450081509
202450081510
202450081511
202450081512
202450081601
202450081602
202450081603
202450081604
202450081605
202450081606
202450081607
202450081608
202450081609
202450081610
202450081611
202450081612
202450082101
202450082102
202450082103
202450082104
202450082105
202450082106
202450082107
202450082108
202450082109
202450082110
202450082111
202450082112
202450082201
202450082202
202450082203
202450082204
202450082205
202450082206
202450082207
202450082208
202450082209
202450082210
202450082211
202450082212
202450082301
202450082302
202450082303
202450082304
202450082305
202450082306
202450082307
202450082308
202450082309
202450082310
202450082311
202450082312
202450082801
202450082802
202450082803
202450082804
202450082805
202450082806
202450082807
202450082808
202450082809
202450082810
202450082811
202450082901
202450082902
202450082903
202450082904
202450082905
202450082906
202450082907
202450082908
202450082909
202450082910
202450082911
202450082912
202450083001
202450083002
202450083003
202450083004
202450083005
202450083006
202450083007
202450083008
202450083009
202450083010
202450083011
202450083012
202450090401
202450090402
202450090403
202450090404
202450090405
202450090406
202450090407
202450090408
202450090409
202450090410
202450090411
202450090412
202450090501
202450090502
202450090503
202450090504
202450090505
202450090506
202450090507
202450090508
202450090509
202450090510
202450090511
202450090512
202450090601
202450090602
202450090603
202450090604
202450090605
202450090606
202450090607
202450090608
202450090609
202450090610
202450090611
202450090612
202450091101
202450091102
202450091103
202450091104
202450091105
202450091106
202450091107
202450091108
202450091109
202450091110
202450091111
202450091112
202450091201
202450091202
202450091203
202450091204
202450091205
202450091206
202450091207
202450091208
202450091209
202450091210
202450091211
202450091212
202450091301
202450091302
202450091303
202450091304
202450091305
202450091306
202450091307
202450091308
202450091309
202450091310
202450091311
202450091312
202450091801
202450091802
202450091803
202450091804
202450091805
202450091806
202450091807
202450091808
202450091809
202450091810
202450091811
202450091812
202450091901
202450091902
202450091903
202450091904
202450091905
202450091906
202450091907
202450091908
202450091909
202450091910
202450091911
202450091912
202450092001
202450092002
202450092003
202450092004
202450092005
202450092006
202450092007
202450092008
202450092009
202450092010
202450092011
202450092012
202450092501
202450092502
202450092503
202450092504
202450092505
202450092506
202450092507
202450092508
202450092509
202450092510
202450092511
202450092512
202450092601
202450092602
202450092603
202450092604
202450092605
202450092606
202450092607
202450092608
202450092609
202450092610
202450092611
202450092612
202450092701
202450092702
202450092703
202450092704
202450092705
202450092706
202450092707
202450092708
202450092709
202450092710
202450092711
202450092712
202450100201
202450100202
202450100203
202450100204
202450100205
202450100206
202450100207
202450100208
202450100209
202450100210
202450100211
202450100212
202450100301
202450100302
202450100303
202450100304
202450100305
202450100306
202450100307
202450100308
202450100309
202450100310
202450100311
202450100312
202450100401
202450100402
202450100403
202450100404
202450100405
202450100406
202450100407
202450100408
202450100409
202450100410
202450100411
202450100412
202450100901
202450100902
202450100903
202450100904
202450100905
202450100906
202450100907
202450100908
202450100909
202450100910
202450100911
202450100912
202450101001
202450101002
202450101003
202450101004
202450101005
202450101006
202450101007
202450101008
202450101009
202450101010
202450101011
202450101012
202450101101
202450101102
202450101103
202450101104
202450101105
202450101106
202450101107
202450101108
202450101109
202450101110
202450101111
202450101112
202450101601
202450101602
202450101603
202450101604
202450101605
202450101606
202450101607
202450101608
202450101609
202450101610
202450101611
202450101612
202450101701
202450101702
202450101703
202450101704
202450101705
202450101706
202450101707
202450101708
202450101709
202450101710
202450101711
202450101712
202450101801
202450101802
202450101803
202450101804
202450101805
202450101806
202450101807
202450101808
202450101809
202450101810
202450101811
202450101812
202450102301
202450102302
202450102303
202450102304
202450102305
202450102306
202450102307
202450102308
202450102309
202450102310
202450102311
202450102312
202450102401
202450102402
202450102403
202450102404
202450102405
202450102406
202450102407
202450102408
202450102409
202450102410
202450102411
202450102412
202450102501
202450102502
202450102503
202450102504
202450102505
202450102506
202450102507
202450102508
202450102509
202450102510
202450102511
202450102512
202450102901
202450102902
202450102903
202450102904
202450102905
202450102906
202450102907
202450102908
202450102909
202450102910
202450102911
202450102912
202450103001
202450103002
202450103003
202450103004
202450103005
202450103006
202450103007
202450103008
202450103009
202450103010
202450103011
202450103012
202450103101
202450103102
202450103103
202450103104
202450103105
202450103106
202450103107
202450103108
202450103109
202450103110
202450103111
202450103112
202450110401
202450110402
202450110403
202450110404
202450110405
202450110406
202450110407
202450110408
202450110501
202450110502
202450110503
202450110504
202450110505
202450110506
202450110507
202450110508
202450110509
202450110510
202450110511
202450110512
202450110601
202450110602
202450110603
202450110604
202450110605
202450110606
202450110607
202450110608
202450110609
202450110610
202450110611
202450110612
202450110701
202450110702
202450110703
202450110704
202450110705
202450110706
202450110707
202450110708
202450110709
202450110710
202450110711
202450110712
202450111201
202450111202
202450111203
202450111204
202450111205
202450111206
202450111207
202450111208
202450111209
202450111210
202450111211
202450111212
202450111301
202450111302
202450111303
202450111304
202450111305
202450111306
202450111307
202450111308
202450111309
202450111310
202450111311
202450111312
202450111401
202450111402
202450111403
202450111404
202450111405
202450111406
202450111407
202450111408
202450111409
202450111410
202450111411
202450111412
202450111901
202450111902
202450111903
202450111904
202450111905
202450111906
202450111907
202450111908
202450111909
202450111910
202450111911
202450111912
202451011601
202451011602
202451011603
202451011604
202451011605
202451011606
202451011607
202451011608
202451011609
202451011610
202451011611
202451011612
202451011701
202451011702
202451011703
202451011704
202451011705
202451011706
202451011707
202451011708
202451011709
202451011710
202451011711
202451011712
202451011801
202451011802
202451011803
202451011804
202451011805
202451011806
202451011807
202451011808
202451011809
202451011810
202451011811
202451011812
202451012301
202451012302
202451012303
202451012304
202451012305
202451012306
202451012307
202451012308
202451012309
202451012310
202451012311
202451012401
202451012402
202451012403
202451012404
202451012405
202451012406
202451012407
202451012408
202451012409
202451012410
202451012411
202451012412
202451012501
202451012502
202451012503
202451012504
202451012505
202451012506
202451012507
202451012508
202451012509
202451012510
202451012511
202451012512
202451012601
202451012602
202451012603
202451012604
202451012605
202451012606
202451012607
202451012608
202451012609
202451012610
202451012611
202451012612
202451013001
202451013002
202451013003
202451013004
202451013005
202451013006
202451013007
202451013008
202451013009
202451013010
202451013011
202451013012
202451013101
202451013102
202451013103
202451013104
202451013105
202451013106
202451013107
202451013108
202451013109
202451013110
202451013111
202451013112
202451020101
202451020102
202451020103
202451020104
202451020105
202451020106
202451020107
202451020108
202451020109
202451020110
202451020111
202451020112
202451020601
202451020602
202451020603
202451020604
202451020605
202451020606
202451020607
202451020608
202451020609
202451020610
202451020611
202451020612
202451020701
202451020702
202451020703
202451020704
202451020705
202451020706
202451020707
202451020708
202451020709
202451020710
202451020711
202451020712
202451020801
202451020802
202451020803
202451020804
202451020805
202451020806
202451020807
202451020808
202451020809
202451020810
202451020811
202451020812
202451021301
202451021302
202451021303
202451021304
202451021305
202451021306
202451021307
202451021308
202451021309
202451021310
202451021311
202451021312
202451021401
202451021402
202451021403
202451021404
202451021405
202451021406
202451021407
202451021408
202451021409
202451021410
202451021411
202451021412
202451021501
202451021502
202451021503
202451021504
202451021505
202451021506
202451021507
202451021508
202451021509
202451021510
202451021511
202451021512
202451022001
202451022002
202451022003
202451022004
202451022005
202451022006
202451022007
202451022008
202451022009
202451022010
202451022011
202451022012
202451022101
202451022102
202451022103
202451022104
202451022105
202451022106
202451022107
202451022108
202451022109
202451022110
202451022111
202451022112
202451022201
202451022202
202451022203
202451022204
202451022205
202451022206
202451022207
202451022208
202451022209
202451022210
202451022211
202451022301
202451022302
202451022303
202451022304
202451022305
202451022306
202451022307
202451022308
202451022309
202451022310
202451022311
202451022312
202451022701
202451022702
202451022703
202451022704
202451022705
202451022706
202451022707
202451022708
202451022709
202451022710
202451022711
202451022801
202451022802
202451022803
202451022804
202451022805
202451022806
202451022807
202451022808
202451022809
202451022810
202451022811
202451022812
202451022901
202451022902
202451022903
202451022904
202451022905
202451022906
202451022907
202451022908
202451022909
202451022910
202451022911
202451022912
202451030501
202451030502
202451030503
202451030504
202451030505
202451030506
202451030507
202451030508
202451030509
202451030510
202451030511
202451030512
202451030601
202451030602
202451030603
202451030604
202451030605
202451030606
202451030607
202451030608
202451030609
202451030610
202451030611
202451030612
202451030701
202451030702
202451030703
202451030704
202451030705
202451030706
202451030707
202451030708
202451030709
202451030710
202451030711
202451030712
202454010101
202454010102
202454010103
202454010104
202454010105
202454010106
202454010107
202454010108
202454010109
202454010110
202454010111
202454010112
202454010701
202454010702
202454010703
202454010704
202454010705
202454010706
202454010707
202454010708
202454010709
202454010710
202454010801
202454010802
202454010803
202454010804
202454010805
202454010806
202454010807
202454010808
202454010809
202454010901
202454010902
202454010903
202454010904
202454010905
202454010906
202454010907
202454010908
202454010909
202454011001
202454011002
202454011003
202454011004
202454011005
202454011006
202454011007
202454011008
202454011009
202454011401
202454011402
202454011403
202454011404
202454011405
202454011406
202454011407
202454011408
202454011409
202454011410
202454011601
202454011602
202454011603
202454011604
202454011605
202454011606
202454011607
202454011608
202454011609
202454011610
202454011701
202454011702
202454011703
202454011704
202454011705
202454011706
202454011707
202454011708
202454011709
202454011710
202454012101
202454012102
202454012103
202454012104
202454012105
202454012106
202454012107
202454012108
202454012109
202454012110
202454012111
202454012301
202454012302
202454012303
202454012304
202454012305
202454012306
202454012307
202454012308
202454012309
202454012310
202454012311
202454012401
202454012402
202454012403
202454012404
202454012405
202454012406
202454012407
202454012408
202454012409
202454012410
202454012801
202454012802
202454012803
202454012804
202454012805
202454012806
202454012807
202454012808
202454012809
202454012810
202454012811
202454013001
202454013002
202454013003
202454013004
202454013005
202454013006
202454013007
202454013008
202454013009
202454013010
202454013011
202454013101
202454013102
202454013103
202454013104
202454013105
202454013106
202454013107
202454013108
202454013109
202454013110
202454020401
202454020402
202454020403
202454020404
202454020405
202454020406
202454020407
202454020408
202454020409
202454020410
202454020601
202454020602
202454020603
202454020604
202454020605
202454020606
202454020607
202454020608
202454020609
202454020610
202454020701
202454020702
202454020703
202454020704
202454020705
202454020706
202454020707
202454020708
202454020709
202454020710
202454021101
202454021102
202454021103
202454021104
202454021105
202454021106
202454021107
202454021108
202454021109
202454021110
202454021111
202454021201
202454021202
202454021203
202454021204
202454021205
202454021206
202454021207
202454021208
202454021209
202454021210
202454021401
202454021402
202454021403
202454021404
202454021405
202454021406
202454021407
202454021408
202454021409
202454021410
202454021801
202454021802
202454021803
202454021804
202454021805
202454021806
202454021807
202454021808
202454021809
202454021810
202454022001
202454022002
202454022003
202454022004
202454022005
202454022006
202454022007
202454022008
202454022009
202454022010
202454022101
202454022102
202454022103
202454022104
202454022105
202454022106
202454022107
202454022108
202454022109
202454022110
202454022501
202454022502
202454022503
202454022504
202454022505
202454022506
202454022507
202454022508
202454022509
202454022510
202454022701
202454022702
202454022703
202454022704
202454022705
202454022706
202454022707
202454022708
202454022709
202454022710
202454022801
202454022802
202454022803
202454022804
202454022805
202454022806
202454022807
202454022808
202454022809
202454022810
202454030301
202454030302
202454030303
202454030304
202454030305
202454030306
202454030307
202454030308
202454030309
202454030310
202454030501
202454030502
202454030503
202454030504
202454030505
202454030506
202454030507
202454030508
202454030509
202454030510
202454030601
202454030602
202454030603
202454030604
202454030605
202454030606
202454030607
202454030608
202454030609
202454030610
202454031001
202454031002
202454031003
202454031004
202454031005
202454031006
202454031007
202454031008
202454031009
202454031010
202454031101
202454031102
202454031103
202454031104
202454031105
202454031106
202454031107
202454031108
202454031109
202454031201
202454031202
202454031203
202454031204
202454031205
202454031206
202454031207
202454031208
202454031209
202454031701
202454031702
202454031703
202454031704
202454031705
202454031706
202454031707
202454031708
202454031709
202454031901
202454031902
202454031903
202454031904
202454031905
202454031906
202454031907
202454031908
202454031909
202454032001
202454032002
202454032003
202454032004
202454032005
202454032006
202454032007
202454032008
202454032009
202454032401
202454032402
202454032403
202454032404
202454032405
202454032406
202454032407
202454032408
202454032409
202454032410
202454032411
202454032412
202454032601
202454032602
202454032603
202454032604
202454032605
202454032606
202454032607
202454032608
202454032609
202454032610
202454032611
202454032612
202454032701
202454032702
202454032703
202454032704
202454032705
202454032706
202454032707
202454032708
202454032709
202454032710
202454032711
202454032712
202454040601
202454040602
202454040603
202454040604
202454040605
202454040606
202454040607
202454040608
202454040609
202454040610
202454040611
202454040612
202454040701
202454040702
202454040703
202454040704
202454040705
202454040706
202454040707
202454040708
202454040709
202454040710
202454040711
202454040712
202454041301
202454041302
202454041303
202454041304
202454041305
202454041306
202454041307
202454041308
202454041309
202454041310
202454041311
202454041312
202454041401
202454041402
202454041403
202454041404
202454041405
202454041406
202454041407
202454041408
202454041409
202454041410
202454041411
202454041412
202454042001
202454042002
202454042003
202454042004
202454042005
202454042006
202454042007
202454042008
202454042009
202454042010
202454042011
202454042101
202454042102
202454042103
202454042104
202454042105
202454042106
202454042107
202454042108
202454042109
202454042110
202454042111
202454042112
202454042801
202454042802
202454042803
202454042804
202454042805
202454042806
202454042807
202454042808
202454042809
202454042810
202454042811
202454042901
202454042902
202454042903
202454042904
202454042905
202454042906
202454042907
202454042908
202454042909
202454042910
202454042911
202454050501
202454050502
202454050503
202454050504
202454050505
202454050506
202454050507
202454050508
202454050509
202454050510
202454050511
202454050512
202454050601
202454050602
202454050603
202454050604
202454050605
202454050606
202454050607
202454050608
202454050609
202454050610
202454050611
202454050612
202454051101
202454051102
202454051103
202454051104
202454051105
202454051106
202454051107
202454051108
202454051109
202454051110
202454051111
202454051201
202454051202
202454051203
202454051204
202454051205
202454051206
202454051207
202454051208
202454051209
202454051210
202454051211
202454051801
202454051802
202454051803
202454051804
202454051805
202454051806
202454051807
202454051808
202454051809
202454051810
202454051811
202454051812
202454051901
202454051902
202454051903
202454051904
202454051905
202454051906
202454051907
202454051908
202454051909
202454051910
202454051911
202454051912
202454052501
202454052502
202454052503
202454052504
202454052505
202454052506
202454052507
202454052508
202454052509
202454052510
202454052601
202454052602
202454052603
202454052604
202454052605
202454052606
202454052607
202454052608
202454052609
202454052610
202454060101
202454060102
202454060103
202454060104
202454060105
202454060106
202454060107
202454060108
202454060109
202454060110
202454060111
202454060201
202454060202
202454060203
202454060204
202454060205
202454060206
202454060207
202454060208
202454060209
202454060210
202454060211
202454060212
202454060801
202454060802
202454060803
202454060804
202454060805
202454060806
202454060807
202454060808
202454060809
202454060810
202454060811
202454060901
202454060902
202454060903
202454060904
202454060905
202454060906
202454060907
202454060908
202454060909
202454060910
202454060911
202454061501
202454061502
202454061503
202454061504
202454061505
202454061506
202454061507
202454061508
202454061509
202454061510
202454061511
202454061512
202454061601
202454061602
202454061603
202454061604
202454061605
202454061606
202454061607
202454061608
202454061609
202454061610
202454061611
202454061612
202454062201
202454062202
202454062203
202454062204
202454062205
202454062206
202454062207
202454062208
202454062209
202454062210
202454062211
202454062301
202454062302
202454062303
202454062304
202454062305
202454062306
202454062307
202454062308
202454062309
202454062310
202454062311
202454062901
202454062902
202454062903
202454062904
202454062905
202454062906
202454062907
202454062908
202454062909
202454062910
202454062911
202454063001
202454063002
202454063003
202454063004
202454063005
202454063006
202454063007
202454063008
202454063009
202454063010
202454063011
202454070601
202454070602
202454070603
202454070604
202454070605
202454070606
202454070607
202454070608
202454070609
202454070610
202454070611
202454070612
202454070701
202454070702
202454070703
202454070704
202454070705
202454070706
202454070707
202454070708
202454070709
202454070710
202454070711
202454070712
202454071401
202454071402
202454071403
202454071404
202454071405
202454071406
202454071407
202454071408
202454071409
202454071410
202454071411
202454071501
202454071502
202454071503
202454071504
202454071505
202454071506
202454071507
202454071508
202454071509
202454071510
202454071511
202454071512
202454072001
202454072002
202454072003
202454072004
202454072005
202454072006
202454072007
202454072008
202454072009
202454072010
202454072011
202454072012
202454072101
202454072102
202454072103
202454072104
202454072105
202454072106
202454072107
202454072108
202454072109
202454072110
202454072111
202454072112
202454072701
202454072702
202454072703
202454072704
202454072705
202454072706
202454072707
202454072708
202454072709
202454072710
202454072711
202454072801
202454072802
202454072803
202454072804
202454072805
202454072806
202454072807
202454072808
202454072809
202454072810
202454072811
202454072812
202454080301
202454080302
202454080303
202454080304
202454080305
202454080306
202454080307
202454080308
202454080309
202454080310
202454080311
202454080312
202454080401
202454080402
202454080403
202454080404
202454080405
202454080406
202454080407
202454080408
202454080409
202454080410
202454080411
202454080412
202454090701
202454090702
202454090703
202454090704
202454090705
202454090706
202454090707
202454090708
202454090709
202454090710
202454090711
202454090712
202454090801
202454090802
202454090803
202454090804
202454090805
202454090806
202454090807
202454090808
202454090809
202454090810
202454090811
202454090812
202454091501
202454091502
202454091503
202454091504
202454091505
202454091506
202454091507
202454091508
202454091509
202454091510
202454091511
202454091601
202454091602
202454091603
202454091604
202454091605
202454091606
202454091607
202454091608
202454091609
202454091610
202454091611
202454091612
202454092201
202454092202
202454092203
202454092204
202454092205
202454092206
202454092207
202454092208
202454092209
202454092210
202454092211
202454092212
202454092301
202454092302
202454092303
202454092304
202454092305
202454092306
202454092307
202454092308
202454092309
202454092310
202454092311
202454092312
202454092801
202454092802
202454092803
202454092804
202454092805
202454092806
202454092807
202454092808
202454092809
202454092810
202454092811
202454092901
202454092902
202454092903
202454092904
202454092905
202454092906
202454092907
202454092908
202454092909
202454092910
202454092911
202454092912
202454100501
202454100502
202454100503
202454100504
202454100505
202454100506
202454100507
202454100508
202454100509
202454100510
202454100511
202454100512
202454100601
202454100602
202454100603
202454100604
202454100605
202454100606
202454100607
202454100608
202454100609
202454100610
202454100611
202454100612
202454101301
202454101302
202454101303
202454101304
202454101305
202454101306
202454101307
202454101308
202454101309
202454101310
202454101311
202454101401
202454101402
202454101403
202454101404
202454101405
202454101406
202454101407
202454101408
202454101409
202454101410
202454101411
202454101901
202454101902
202454101903
202454101904
202454101905
202454101906
202454101907
202454101908
202454101909
202454101910
202454101911
202454101912
202454102001
202454102002
202454102003
202454102004
202454102005
202454102006
202454102007
202454102008
202454102009
202454102010
202454102011
202454102012
202454102601
202454102602
202454102603
202454102604
202454102605
202454102606
202454102607
202454102608
202454102609
202454102610
202454102611
202454102701
202454102702
202454102703
202454102704
202454102705
202454102706
202454102707
202454102708
202454102709
202454102710
202454102711
202454110201
202454110202
202454110203
202454110204
202454110205
202454110206
202454110207
202454110208
202454110209
202454110210
202454110211
202454110212
202454110301
202454110302
202454110303
202454110304
202454110305
202454110306
202454110307
202454110308
202454110309
202454110310
202454110311
202454110312
202454110901
202454110902
202454110903
202454110904
202454110905
202454110906
202454110907
202454110908
202454110909
202454110910
202454110911
202454111001
202454111002
202454111003
202454111004
202454111005
202454111006
202454111007
202454111008
202454111009
202454111010
202454111601
202454111602
202454111603
202454111604
202454111605
202454111606
202454111607
202454111608
202454111609
202454111610
202454111611
202454111612
202454111701
202454111702
202454111703
202454111704
202454111705
202454111706
202454111707
202454111708
202454111709
202454111710
202454111711
202454111712
202455010501
202455010502
202455010503
202455010504
202455010505
202455010506
202455010507
202455010508
202455010509
202455010510
202455010511
202455010601
202455010602
202455010603
202455010604
202455010605
202455010606
202455010607
202455010608
202455010609
202455010610
202455010611
202455010612
202455010701
202455010702
202455010703
202455010704
202455010705
202455010706
202455010707
202455010708
202455010709
202455010710
202455010711
202455010801
202455010802
202455010803
202455010804
202455010805
202455010806
202455010807
202455010808
202455010809
202455010810
202455010811
202455010812
202455011301
202455011302
202455011303
202455011304
202455011305
202455011306
202455011307
202455011308
202455011309
202455011310
202455011311
202455011312
202455012001
202455012002
202455012003
202455012004
202455012005
202455012006
202455012007
202455012008
202455012009
202455012010
202455012011
202455012012
202455012101
202455012102
202455012103
202455012104
202455012105
202455012106
202455012107
202455012108
202455012109
202455012110
202455012111
202455012501
202455012502
202455012503
202455012504
202455012505
202455012506
202455012507
202455012508
202455012509
202455012510
202455012511
202455012512
202455012701
202455012702
202455012703
202455012704
202455012705
202455012706
202455012707
202455012708
202455012709
202455012710
202455012711
202455012712
202455012801
202455012802
202455012803
202455012804
202455012805
202455012806
202455012807
202455012808
202455012809
202455012810
202455012811
202455012812
202455020301
202455020302
202455020303
202455020304
202455020305
202455020306
202455020307
202455020308
202455020309
202455020310
202455020311
202455020312
202455020401
202455020402
202455020403
202455020404
202455020405
202455020406
202455020407
202455020408
202455020409
202455020410
202455020411
202455021001
202455021002
202455021003
202455021004
202455021005
202455021006
202455021007
202455021008
202455021009
202455021010
202455021011
202455021012
202455021101
202455021102
202455021103
202455021104
202455021105
202455021106
202455021107
202455021108
202455021109
202455021110
202455021111
202455021201
202455021202
202455021203
202455021204
202455021205
202455021206
202455021207
202455021208
202455021209
202455021210
202455021211
202455021212
202455021701
202455021702
202455021703
202455021704
202455021705
202455021706
202455021707
202455021708
202455021709
202455021710
202455021711
202455021801
202455021802
202455021803
202455021804
202455021805
202455021806
202455021807
202455021808
202455021809
202455021810
202455021811
202455022201
202455022202
202455022203
202455022204
202455022205
202455022206
202455022207
202455022208
202455022209
202455022210
202455022211
202455022212
202455022401
202455022402
202455022403
202455022404
202455022405
202455022406
202455022407
202455022408
202455022409
202455022410
202455022411
202455022501
202455022502
202455022503
202455022504
202455022505
202455022506
202455022507
202455022508
202455022509
202455022510
202455022511
202455030201
202455030202
202455030203
202455030204
202455030205
202455030206
202455030207
202455030208
202455030209
202455030210
202455030211
202455030301
202455030302
202455030303
202455030304
202455030305
202455030306
202455030307
202455030308
202455030309
202455030310
202455030311
202455030801
202455030802
202455030803
202455030804
202455030805
202455030806
202455030807
202455030808
202455030809
202455030810
202455030811
202455030812
202455030901
202455030902
202455030903
202455030904
202455030905
202455030906
202455030907
202455030908
202455030909
202455030910
202455030911
202455031001
202455031002
202455031003
202455031004
202455031005
202455031006
202455031007
202455031008
202455031009
202455031010
202455031601
202455031602
202455031603
202455031604
202455031605
202455031606
202455031607
202455031608
202455031609
202455031610
202455031611
202455032301
202455032302
202455032303
202455032304
202455032305
202455032306
202455032307
202455032308
202455032309
202455032310
202455032311
202455032401
202455032402
202455032403
202455032404
202455032405
202455032406
202455032407
202455032408
202455032409
202455032410
202455032411
202455033001
202455033002
202455033003
202455033004
202455033005
202455033006
202455033007
202455033008
202455033009
202455033010
202455033011
202455033101
202455033102
202455033103
202455033104
202455033105
202455033106
202455033107
202455033108
202455033109
202455033110
202455033111
202455040601
202455040602
202455040603
202455040604
202455040605
202455040606
202455040607
202455040608
202455040609
202455040610
202455040611
202455040701
202455040702
202455040703
202455040704
202455040705
202455040706
202455040707
202455040708
202455040709
202455040710
202455040711
202455041301
202455041302
202455041303
202455041304
202455041305
202455041306
202455041307
202455041308
202455041309
202455041310
202455041311
202455042001
202455042002
202455042003
202455042004
202455042005
202455042006
202455042007
202455042008
202455042009
202455042010
202455042011
202455042101
202455042102
202455042103
202455042104
202455042105
202455042106
202455042107
202455042108
202455042109
202455042110
202455042111
202455042601
202455042602
202455042603
202455042604
202455042605
202455042606
202455042607
202455042608
202455042609
202455042610
202455042611
202455042701
202455042702
202455042703
202455042704
202455042705
202455042706
202455042707
202455042708
202455042709
202455042710
202455042711
202455042801
202455042802
202455042803
202455042804
202455042805
202455042806
202455042807
202455042808
202455042809
202455042810
202455042811
202455050301
202455050302
202455050303
202455050304
202455050305
202455050306
202455050307
202455050308
202455050309
202455050310
202455050311
202455050401
202455050402
202455050403
202455050404
202455050405
202455050406
202455050407
202455050408
202455050409
202455050410
202455050411
202455051101
202455051102
202455051103
202455051104
202455051105
202455051106
202455051107
202455051108
202455051109
202455051110
202455051111
202455051201
202455051202
202455051203
202455051204
202455051205
202455051206
202455051207
202455051208
202455051209
202455051210
202455051211
202455051301
202455051302
202455051303
202455051304
202455051305
202455051306
202455051307
202455051308
202455051309
202455051310
202455051311
202455051801
202455051802
202455051803
202455051804
202455051805
202455051806
202455051807
202455051808
202455051809
202455051810
202455051811
202455051901
202455051902
202455051903
202455051904
202455051905
202455051906
202455051907
202455051908
202455051909
202455051910
202455051911
202455052501
202455052502
202455052503
202455052504
202455052505
202455052506
202455052507
202455052508
202455052509
202455052510
202455052511
202455052601
202455052602
202455052603
202455052604
202455052605
202455052606
202455052607
202455052608
202455052609
202455052610
202455052611
202455052701
202455052702
202455052703
202455052704
202455052705
202455052706
202455052707
202455052708
202455052709
202455052710
202455052711
202455052712
202455060101
202455060102
202455060103
202455060104
202455060105
202455060106
202455060107
202455060108
202455060109
202455060110
202455060111
202455060201
202455060202
202455060203
202455060204
202455060205
202455060206
202455060207
202455060208
202455060209
202455060210
202455060801
202455060802
202455060803
202455060804
202455060805
202455060806
202455060807
202455060808
202455060809
202455060810
202455060811
202455060901
202455060902
202455060903
202455060904
202455060905
202455060906
202455060907
202455060908
202455060909
202455060910
202455061101
202455061102
202455061103
202455061104
202455061105
202455061106
202455061107
202455061108
202455061109
202455061110
202455061111
202455061112
202455061501
202455061502
202455061503
202455061504
202455061505
202455061506
202455061507
202455061508
202455061509
202455061510
202455061511
202455061601
202455061602
202455061603
202455061604
202455061605
202455061606
202455061607
202455061608
202455061609
202455061610
202455061611
202455062201
202455062202
202455062203
202455062204
202455062205
202455062206
202455062207
202455062208
202455062209
202455062210
202455062211
202455062301
202455062302
202455062303
202455062304
202455062305
202455062306
202455062307
202455062308
202455062309
202455062310
202455062401
202455062402
202455062403
202455062404
202455062405
202455062406
202455062407
202455062408
202455062409
202455062410
202455062411
202455062412
202455062901
202455062902
202455062903
202455062904
202455062905
202455062906
202455062907
202455062908
202455062909
202455062910
202455062911
202455062912
202455063001
202455063002
202455063003
202455063004
202455063005
202455063006
202455063007
202455063008
202455063009
202455063010
202455063011
202455070601
202455070602
202455070603
202455070604
202455070605
202455070606
202455070607
202455070608
202455070609
202455070610
202455070611
202455070701
202455070702
202455070703
202455070704
202455070705
202455070706
202455070707
202455070708
202455070709
202455070710
202455070901
202455070902
202455070903
202455070904
202455070905
202455070906
202455070907
202455070908
202455070909
202455070910
202455070911
202455070912
202455071301
202455071302
202455071303
202455071304
202455071305
202455071306
202455071307
202455071308
202455071309
202455071310
202455071311
202455071312
202455071401
202455071402
202455071403
202455071404
202455071405
202455071406
202455071407
202455071408
202455071409
202455071410
202455071411
202455071412
202455072001
202455072002
202455072003
202455072004
202455072005
202455072006
202455072007
202455072008
202455072009
202455072010
202455072011
202455072101
202455072102
202455072103
202455072104
202455072105
202455072106
202455072107
202455072108
202455072109
202455072110
202455072201
202455072202
202455072203
202455072204
202455072205
202455072206
202455072207
202455072208
202455072209
202455072210
202455072211
202455072212
202455072701
202455072702
202455072703
202455072704
202455072705
202455072706
202455072707
202455072708
202455072709
202455072710
202455072711
202455072801
202455072802
202455072803
202455072804
202455072805
202455072806
202455072807
202455072808
202455072809
202455072810
202455072811
202455080301
202455080302
202455080303
202455080304
202455080305
202455080306
202455080307
202455080308
202455080309
202455080310
202455080311
202455081001
202455081002
202455081003
202455081004
202455081005
202455081006
202455081007
202455081008
202455081009
202455081010
202455081101
202455081102
202455081103
202455081104
202455081105
202455081106
202455081107
202455081108
202455081109
202455081110
202455081111
202455081701
202455081702
202455081703
202455081704
202455081705
202455081706
202455081707
202455081708
202455081709
202455081710
202455081801
202455081802
202455081803
202455081804
202455081805
202455081806
202455081807
202455081808
202455081809
202455081810
202455081811
202455082401
202455082402
202455082403
202455082404
202455082405
202455082406
202455082407
202455082408
202455082409
202455082410
202455082411
202455082501
202455082502
202455082503
202455082504
202455082505
202455082506
202455082507
202455082508
202455082509
202455082510
202455082511
202455082901
202455082902
202455082903
202455082904
202455082905
202455082906
202455082907
202455082908
202455082909
202455082910
202455082911
202455082912
202455083101
202455083102
202455083103
202455083104
202455083105
202455083106
202455083107
202455083108
202455083109
202455083110
202455083111
202455090101
202455090102
202455090103
202455090104
202455090105
202455090106
202455090107
202455090108
202455090109
202455090110
202455090111
202455090112
202455090701
202455090702
202455090703
202455090704
202455090705
202455090706
202455090707
202455090708
202455090709
202455090710
202455090711
202455090712
202455090801
202455090802
202455090803
202455090804
202455090805
202455090806
202455090807
202455090808
202455090809
202455090810
202455090811
202455091401
202455091402
202455091403
202455091404
202455091405
202455091406
202455091407
202455091408
202455091409
202455091410
202455091411
202455091412
202455091501
202455091502
202455091503
202455091504
202455091505
202455091506
202455091507
202455091508
202455091509
202455091510
202455091601
202455091602
202455091603
202455091604
202455091605
202455091606
202455091607
202455091608
202455091609
202455091610
202455091611
202455092101
202455092102
202455092103
202455092104
202455092105
202455092106
202455092107
202455092108
202455092109
202455092110
202455092111
202455092201
202455092202
202455092203
202455092204
202455092205
202455092206
202455092207
202455092208
202455092209
202455092210
202455092601
202455092602
202455092603
202455092604
202455092605
202455092606
202455092607
202455092608
202455092609
202455092610
202455092611
202455092612
202455092801
202455092802
202455092803
202455092804
202455092805
202455092806
202455092807
202455092808
202455092809
202455092810
202455092811
202455092901
202455092902
202455092903
202455092904
202455092905
202455092906
202455092907
202455092908
202455092909
202455092910
202455100601
202455100602
202455100603
202455100604
202455100605
202455100606
202455100607
202455100608
202455100609
202455100610
202455100611
202455101201
202455101202
202455101203
202455101204
202455101205
202455101206
202455101207
202455101208
202455101209
202455101210
202455101211
202455101301
202455101302
202455101303
202455101304
202455101305
202455101306
202455101307
202455101308
202455101309
202455101310
202455101311
202455101901
202455101902
202455101903
202455101904
202455101905
202455101906
202455101907
202455101908
202455101909
202455101910
202455101911
202455102001
202455102002
202455102003
202455102004
202455102005
202455102006
202455102007
202455102008
202455102009
202455102010
202455102011
202455102601
202455102602
202455102603
202455102604
202455102605
202455102606
202455102607
202455102608
202455102609
202455102610
202455102611
202455102612
202455110201
202455110202
202455110203
202455110204
202455110205
202455110206
202455110207
202455110208
202455110209
202455110210
202455110211
202455110212
202455110401
202455110402
202455110403
202455110404
202455110405
202455110406
202455110407
202455110408
202455110409
202455110410
202455110411
202455110412
202455110901
202455110902
202455110903
202455110904
202455110905
202455110906
202455110907
202455110908
202455110909
202455110910
202455110911
202455110912
202455111001
202455111002
202455111003
202455111004
202455111005
202455111006
202455111007
202455111008
202455111009
202455111010
202455111011
202455111012
202455111601
202455111602
202455111603
202455111604
202455111605
202455111606
202455111607
202455111608
202455111609
202455111610
202455111611
202455111612
202455111701
202455111702
202455111703
202455111704
202455111705
202455111706
202455111707
202455111708
202455111709
202455111710
202455111801
202455111802
202455111803
202455111804
202455111805
202455111806
202455111807
202455111808
202455111809
202455111810
202455111811
202455111812
202606010601
202606010602
202606010603
202606010604
202606010605
202606010606
202606010607
202606010608
202606010609
202606010610
202606010611
202606010612
202606010701
202606010702
202606010703
202606010704
202606010705
202606010706
202606010707
202606010708
202606010709
202606010710
202606010711
202606010712
202608010601
202608010602
202608010603
202608010604
202608010605
202608010606
202608010607
202608010608
202608010609
202608010610
202608010611
202608010612
202608010701
202608010702
202608010703
202608010704
202608010705
202608010706
202608010707
202608010708
202608010709
202608010710
202608010711
202608010712
202643011901
202643011902
202643011903
202643011904
202643011905
202643011906
202643011907
202643011908
202643011909
202643011910
202643011911
202643011912
202643012001
202643012002
202643012003
202643012004
202643012005
202643012006
202643012007
202643012008
202643012009
202643012010
202643012011
202643012012
202644011401
202644011402
202644011403
202644011404
202644011405
202644011406
202644011407
202644011408
202644011409
202644011410
202644011411
202644011412
202644011501
202644011502
202644011503
202644011504
202644011505
202644011506
202644011507
202644011508
202644011509
202644011510
202644011511
202644011512
202644011601
202644011602
202644011603
202644011604
202644011605
202644011606
202644011607
202644011608
202644011609
202644011610
202644011611
202644011612
202647012001
202647012002
202647012003
202647012004
202647012005
202647012006
202647012007
202647012008
202647012009
202647012010
202648011401
202648011402
202648011403
202648011404
202648011405
202648011406
202648011407
202648011408
202648011409
202648011410
202648011411
202648011412
202648011501
202648011502
202648011503
202648011504
202648011505
202648011506
202648011507
202648011508
202648011509
202648011510
202648011511
202648011512
202648011601
202648011602
202648011603
202648011604
202648011605
202648011606
202648011607
202648011608
202648011609
202648011610
202648011611
202648011612
202648011901
202648011902
202648011903
202648011904
202648011905
202648011906
202648011907
202648011908
202648011909
202648011910
202648011911
202648011912
202650011401
202650011402
202650011403
202650011404
202650011405
202650011406
202650011407
202650011408
202650011409
202650011410
202650011411
202650011412
202650011501
202650011502
202650011503
202650011504
202650011505
202650011506
202650011507
202650011508
202650011509
202650011510
202650011511
202650011512
202651012001
202651012002
202651012003
202651012004
202651012005
202651012006
202651012007
202651012008
202651012009
202651012010
202651012011
202651012012
202654011801
202654011802
202654011803
202654011804
202654011805
202654011806
202654011807
202654011808
202654011809
202654011810
202654012001
202654012002
202654012003
202654012004
202654012005
202654012006
202654012007
202654012008
202654012009
202654012010
202654012011
202655011701
202655011702
202655011703
202655011704
202655011705
202655011706
202655011707
202655011708
202655011709
202655011710
202655011801
202655011802
202655011803
202655011804
202655011805
202655011806
202655011807
202655011808
202655011809
202655011810